{
    "page_number": 3040,
    "ocr_output": {
        "blocks": [
            {
                "block_text": "૯૯. ઍન્ડ્રુઝની વેદના",
                "lines": [
                    "૯૯. ઍન્ડ્રુઝની વેદના"
                ]
            },
            {
                "block_text": "પેલા મહાનુભાવ અંગ્રેજ ચાર્લી ઍન્ડ્રૂઝ હિંદમાં કે હિંદની બહાર જે નિ : સ્વાર્થતાથી ને વારંવાર ગેરસમજૂતીઓ વહોરીને પણ આપણી લડાઈઓ લડી રહ્યા છે તેની બરાબરી ભાગ્યે જ થઈ શકે એમ છે , સરસાઈ તો ન જ થઈ શકે . દક્ષિણ આફ્રિકામાં વસતા આપણા દેશ- બંધુઓને તેમની ભીડની ઘડીએ પહોંચી જઈને એન્ડ્રુઝે જે હૂંફ અને બળ આપ્યાં છે તેનું પૂરું માપ આપણે ભાગ્યે જ કાઢી શકીશું . તા . ૨૩ મી ફેબ્રુઆરીનો કેપટાઉનથી લખેલો તેમનો પત્ર શબ્દેશબ્દ નીચે ઉતારું છું :",
                "lines": [
                    "પેલા મહાનુભાવ અંગ્રેજ ચાર્લી ઍન્ડ્રૂઝ હિંદમાં કે હિંદની બહાર જે નિ : સ્વાર્થતાથી ને વારંવાર ગેરસમજૂતીઓ વહોરીને પણ આપણી લડાઈઓ લડી રહ્યા છે તેની બરાબરી ભાગ્યે જ થઈ શકે એમ છે , સરસાઈ તો ન જ થઈ શકે . દક્ષિણ આફ્રિકામાં વસતા આપણા દેશ- બંધુઓને તેમની ભીડની ઘડીએ પહોંચી જઈને એન્ડ્રુઝે જે હૂંફ અને બળ આપ્યાં છે તેનું પૂરું માપ આપણે ભાગ્યે જ કાઢી શકીશું . તા . ૨૩ મી ફેબ્રુઆરીનો કેપટાઉનથી લખેલો તેમનો પત્ર શબ્દેશબ્દ નીચે ઉતારું છું :"
                ]
            },
            {
                "block_text": "આ વેદના તો જાણે અનંત હોય એમ લાગે છે . એવી અગાઉ કદી નથી અનુભવી . ભરતી અને ઓટ , આશા અને ભયંકર નિરાશાની આવજા થયા કરે છે . ઘડીક વાર એવું લાગેલું કે કંઈક ભારે પરિવર્તન થશે , બધાં દ્વાર ખૂલશે અને સને ૧૯૧૪ માં ગોરાઓમાં જે પશ્ચાત્તાપ અને ભાન જાગ્રત થયાં હતાં તે ફરી જાગ્રત થશે . જનરલ હોગ અને ડૉ . મલાનની સાથે મારે લાંબી વાતચીત થઈ . બંનેએ અતિશય ગંભીરતાપૂર્વક અને મારા ધારવા પ્રમાણે નિખાલસપણે વાત કરી . એટલું જ નહીં પણ મને એમ પણ લાગ્યું કે તેમણે જે નૃત્તિ મૂળ ગ્રહણ કરી હતી તેમાંથી તેઓ હઠવાને તૈયાર હતા . અને મને આશા પણ ઊપજેલી કે કાંઈ નહીં તો લાંબી મુદત સુધી નવો કાયદો મુલતવી રહેશે . વળી , આપણો સિતારો પણ પાધરો દેખાતો હતો , કારણ ત્યાં હમણાં સમૃદ્ધિ વધવાનાં નવાં ચિહ્નો દેખાઈ રહ્યાં છે . સોનાને બદલે હવે પ્લેટિનમ જડયું છે અને તેની કિંમત સોના કરતાં વધારે છે . ટ્રાન્સવાલમાં કોલસાની ખાણની શોધ થઈ છે અને તેનું ક્ષેત્ર ઠંડીની ખાણ જેટલું વિશાળ છે . વળી , મકાઈનો પાક પણ ગયે વર્ષે હમેશના કરતાં લગભગ બમણો અને બહુ ઉમદા નીપજ્યો હતો . એટલે લગભગ બધી દિશામાં મજૂરની તાણ જણાઈ રહી છે . અને બહારથી લાવવાના મજૂરોની સંખ્યા જે પોણો લાખની છે તે પોર્ટુગીઝ ઈસ્ટ આફ્રિકામાંથી બીજા મજૂરો લાવી વધારવાની સરકારને સૂચના થઈ રહી છે . આવે ટાંકણે દેશમાંથી અતિશય ઉદ્યમી એવા હજારો કામદારોને હાંકી કાઢવાની પેરવી કરવી એ ઘણા લોકોને મોઢાને વાંકે નાક વાઢવા જેવું લાગે છે . એવું સ્પષ્ટ ભાસતું હતું કે ઉપલી સ્વાર્થની દૃષ્ટિ જરાક મજબૂત થાય તો એશિયાવાસી વિરુદ્ધની હિલચાલ કંઈક હળવી પડે . વધારે માણસાઈ ભરેલી દૃષ્ટિને પણ કંઈક જોર મળી રહ્યું હતું . રવીન્દ્રનાથ ટાગોર ઉપર મેં જે ભાષણ આપ્યું તે સાંભળવાને માટે ૧૯૧૪ ની જેમ આ વેળા પણ ખંડ ચિકાર ભરાયો હતો . લોકોની વૃત્તિમાં કંઈક ભારે પરિવર્તન દેખાતું હતું . એ ભાષણ ઘોષપ્રસારક યંત્ર દ્વારા પુષ્કળ વિસ્તારમાં ફેલાવવાની મને વિનંતી કરવામાં આવી હતી . અને વિદ્યા- પીઠમાં અને કેટલીક શાળાઓમાં પણ એ જ વિશે બોલવાનું મને આમંત્રણ થયું હતું . વર્તમાનપત્રોમાં પણ એ વિષય બહુ ચર્ચાયો અને ખાતરી આપવામાં આવી કે હિંદુસ્તાન સામે હિંદુસ્તાન તરીકે કશો દ્વેષભાવ નથી .",
                "lines": [
                    "આ વેદના તો જાણે અનંત હોય એમ લાગે છે . એવી અગાઉ કદી નથી અનુભવી . ભરતી અને ઓટ , આશા અને ભયંકર નિરાશાની આવજા થયા કરે છે . ઘડીક વાર એવું લાગેલું કે કંઈક ભારે પરિવર્તન થશે , બધાં દ્વાર ખૂલશે અને સને ૧૯૧૪ માં ગોરાઓમાં જે પશ્ચાત્તાપ અને ભાન જાગ્રત થયાં હતાં તે ફરી જાગ્રત થશે . જનરલ હોગ અને ડૉ . મલાનની સાથે મારે લાંબી વાતચીત થઈ . બંનેએ અતિશય ગંભીરતાપૂર્વક અને મારા ધારવા પ્રમાણે નિખાલસપણે વાત કરી . એટલું જ નહીં પણ મને એમ પણ લાગ્યું કે તેમણે જે નૃત્તિ મૂળ ગ્રહણ કરી હતી તેમાંથી તેઓ હઠવાને તૈયાર હતા . અને મને આશા પણ ઊપજેલી કે કાંઈ નહીં તો લાંબી મુદત સુધી નવો કાયદો મુલતવી રહેશે . વળી , આપણો સિતારો પણ પાધરો દેખાતો હતો , કારણ ત્યાં હમણાં સમૃદ્ધિ વધવાનાં નવાં ચિહ્નો દેખાઈ રહ્યાં છે . સોનાને બદલે હવે પ્લેટિનમ જડયું છે અને તેની કિંમત સોના કરતાં વધારે છે . ટ્રાન્સવાલમાં કોલસાની ખાણની શોધ થઈ છે અને તેનું ક્ષેત્ર ઠંડીની ખાણ જેટલું વિશાળ છે . વળી , મકાઈનો પાક પણ ગયે વર્ષે હમેશના કરતાં લગભગ બમણો અને બહુ ઉમદા નીપજ્યો હતો . એટલે લગભગ બધી દિશામાં મજૂરની તાણ જણાઈ રહી છે . અને બહારથી લાવવાના મજૂરોની સંખ્યા જે પોણો લાખની છે તે પોર્ટુગીઝ ઈસ્ટ આફ્રિકામાંથી બીજા મજૂરો લાવી વધારવાની સરકારને સૂચના થઈ રહી છે . આવે ટાંકણે દેશમાંથી અતિશય ઉદ્યમી એવા હજારો કામદારોને હાંકી કાઢવાની પેરવી કરવી એ ઘણા લોકોને મોઢાને વાંકે નાક વાઢવા જેવું લાગે છે . એવું સ્પષ્ટ ભાસતું હતું કે ઉપલી સ્વાર્થની દૃષ્ટિ જરાક મજબૂત થાય તો એશિયાવાસી વિરુદ્ધની હિલચાલ કંઈક હળવી પડે . વધારે માણસાઈ ભરેલી દૃષ્ટિને પણ કંઈક જોર મળી રહ્યું હતું . રવીન્દ્રનાથ ટાગોર ઉપર મેં જે ભાષણ આપ્યું તે સાંભળવાને માટે ૧૯૧૪ ની જેમ આ વેળા પણ ખંડ ચિકાર ભરાયો હતો . લોકોની વૃત્તિમાં કંઈક ભારે પરિવર્તન દેખાતું હતું . એ ભાષણ ઘોષપ્રસારક યંત્ર દ્વારા પુષ્કળ વિસ્તારમાં ફેલાવવાની મને વિનંતી કરવામાં આવી હતી . અને વિદ્યા- પીઠમાં અને કેટલીક શાળાઓમાં પણ એ જ વિશે બોલવાનું મને આમંત્રણ થયું હતું . વર્તમાનપત્રોમાં પણ એ વિષય બહુ ચર્ચાયો અને ખાતરી આપવામાં આવી કે હિંદુસ્તાન સામે હિંદુસ્તાન તરીકે કશો દ્વેષભાવ નથી ."
                ]
            },
            {
                "block_text": "હવે બધી સ્થિતિ ફરી ગઈ લાગે છે . શરૂઆત વર્ણબાધના ખરડાથી થઈ . તે વેળા પાર્લમેન્ટમાં જે દેખાવો થયા એક પક્ષે બીજા પક્ષની ઉપર પાખંડના જે આરોપો",
                "lines": [
                    "હવે બધી સ્થિતિ ફરી ગઈ લાગે છે . શરૂઆત વર્ણબાધના ખરડાથી થઈ . તે વેળા પાર્લમેન્ટમાં જે દેખાવો થયા એક પક્ષે બીજા પક્ષની ઉપર પાખંડના જે આરોપો"
                ]
            },
            {
                "block_text": "૮૮",
                "lines": [
                    "૮૮"
                ]
            }
        ]
    }
}