{
    "page_number": 3022,
    "ocr_output": {
        "blocks": [
            {
                "block_text": "ગાંધીજીનો અક્ષરદેહ",
                "lines": [
                    "ગાંધીજીનો અક્ષરદેહ"
                ]
            },
            {
                "block_text": "૧૬",
                "lines": [
                    "૧૬"
                ]
            },
            {
                "block_text": "સત્યનો સૂરજ ઝાંખો થાય . મારા બ્રહ્મચર્યના મિથ્યા દાવાથી બ્રહ્મચર્યની કિંમતને હું કેમ ઘટાડું ? અત્યારે તો હું જોઈ શકું છું કે બ્રહ્મચર્યપાલનના જે ઉપાયો હું બતાવું છું તે સંપૂર્ણ નથી , બધાને સારુ તે સંપૂર્ણતાઓ સફળ નથી થતા , કેમ કે હું પોતે સંપૂર્ણ બ્રહ્મચારી નથી . જગત માને કે હું સંપૂર્ણ બ્રહ્મચારી છું ને મારાથી તેની જડીબુટ્ટી ન બતાવી શકાય એ કેવી ભયાનક ઊણપ ગણાય ?",
                "lines": [
                    "સત્યનો સૂરજ ઝાંખો થાય . મારા બ્રહ્મચર્યના મિથ્યા દાવાથી બ્રહ્મચર્યની કિંમતને હું કેમ ઘટાડું ? અત્યારે તો હું જોઈ શકું છું કે બ્રહ્મચર્યપાલનના જે ઉપાયો હું બતાવું છું તે સંપૂર્ણ નથી , બધાને સારુ તે સંપૂર્ણતાઓ સફળ નથી થતા , કેમ કે હું પોતે સંપૂર્ણ બ્રહ્મચારી નથી . જગત માને કે હું સંપૂર્ણ બ્રહ્મચારી છું ને મારાથી તેની જડીબુટ્ટી ન બતાવી શકાય એ કેવી ભયાનક ઊણપ ગણાય ?"
                ]
            },
            {
                "block_text": "હું સાચો સાધક છું , હું જાગ્રત રહું છું , મારો પ્રયત્ન કટ્ટર છે એટલું કાં બસ ન ગણાય ? એટલી વાત જ કાં બીજાઓને મદદ ન કરે ? હું પણ વિચારના વિકારોથી દૂર ન રહી શકું તો બીજાઓનું શું કહેવું ? એવી ખોટી ત્રિરાશી જોડવાને બદલે આવી સીધી ત્રિરાશી કાં ન જોડાય કે જો ગાંધી જે એક વખતે વિકારી અને વ્યભિચારી હતો તે જો આજે પોતાની સ્રીની સાથે અવિકારી મિત્રતા રાખી શકે છે અને તે આજે રંભા જેવી યુવતીની સાથે પણ પોતાની દીકરી કે બહેન સમાન રહી શકે છે તો આપણે બધા એટલું કાં ન કરી શકીએ ? આપણા સ્વપ્નદોષને , વિચારવિકારોને ઈશ્વર દૂર કરશે જ . ” આ સીધો મેળ છે .",
                "lines": [
                    "હું સાચો સાધક છું , હું જાગ્રત રહું છું , મારો પ્રયત્ન કટ્ટર છે એટલું કાં બસ ન ગણાય ? એટલી વાત જ કાં બીજાઓને મદદ ન કરે ? હું પણ વિચારના વિકારોથી દૂર ન રહી શકું તો બીજાઓનું શું કહેવું ? એવી ખોટી ત્રિરાશી જોડવાને બદલે આવી સીધી ત્રિરાશી કાં ન જોડાય કે જો ગાંધી જે એક વખતે વિકારી અને વ્યભિચારી હતો તે જો આજે પોતાની સ્રીની સાથે અવિકારી મિત્રતા રાખી શકે છે અને તે આજે રંભા જેવી યુવતીની સાથે પણ પોતાની દીકરી કે બહેન સમાન રહી શકે છે તો આપણે બધા એટલું કાં ન કરી શકીએ ? આપણા સ્વપ્નદોષને , વિચારવિકારોને ઈશ્વર દૂર કરશે જ . ” આ સીધો મેળ છે ."
                ]
            },
            {
                "block_text": "લખનારના મિત્રો જે મારી સ્વપ્નદોષની કબૂલાતથી પાછા હઠયા તે આગળ વધ્યા જ ન હતા . તેમને ખોટો નશો હતો તે ઊતર્યા . બ્રહ્મચર્યાદિ મહાવ્રતોની સત્યતા કે સિદ્ધિ મારા જેવા કોઈની ઉપર અવલંબિત નથી . એની પાછળ લાખોએ તેજસ્વી તપશ્ચર્યાઓ કરી છે , ને કેટલાકે સંપૂર્ણ વિજય મેળવ્યો છે .",
                "lines": [
                    "લખનારના મિત્રો જે મારી સ્વપ્નદોષની કબૂલાતથી પાછા હઠયા તે આગળ વધ્યા જ ન હતા . તેમને ખોટો નશો હતો તે ઊતર્યા . બ્રહ્મચર્યાદિ મહાવ્રતોની સત્યતા કે સિદ્ધિ મારા જેવા કોઈની ઉપર અવલંબિત નથી . એની પાછળ લાખોએ તેજસ્વી તપશ્ચર્યાઓ કરી છે , ને કેટલાકે સંપૂર્ણ વિજય મેળવ્યો છે ."
                ]
            },
            {
                "block_text": "તે ચક્રવર્તીઓની પંક્તિમાં ઊભવાનો મને અધિકાર મળશે ત્યારે મારી ભાષામાં આજ છે તેના કરતાં વધારે નિશ્ચય જેવામાં આવશે . જેના વિચારમાં વિકાર નથી , જેની નિદ્રામાં ભંગ નથી , જે સૂતો છતો જાગ્રત રહી શકે છે , તે નીરોગી હોય છે . તેને વિનાઇનના સેવનની જરૂર નથી પડતી . તેના નિર્વિકારી રક્તમાં જ એવી શુદ્ધિ હોય છે કે તેને મલેરિયા ઇત્યાદિનાં જંતુ દુ : ખ દઈ શકતાં નથી . એ સ્થિતિ મેળવવાને સરૢ હું મથી રહ્યો છું . તેમાં હાર જેવી વસ્તુ છે જ નહીં . તે પ્રયત્નમાં લખનારને , તેના ફાળાહીન મિત્રોને અને બીજા વાંચનારાઓને સાથી થવા હું નિમંત્રણ કરું છું અને ઇચ્છું છું કે લખનારની જેમ તેઓ મારા કરતાં વધારે તીવ્ર વેગી આગળ વધે . જેઓ પાછળ હોય તે મારા જેવાના દૃષ્ટાંતથી આત્મવિશ્વાસુ બને . મને જે કંઈ સફ્ળતા મળી હોય તે હું નિર્બળ હોવા છતાં , વિકારવશ હોવા છતાં , – પ્રયત્નથી , શ્રદ્ધાથી ને ઈશ્વરકૃપાથી મેળવી શકું છું .",
                "lines": [
                    "તે ચક્રવર્તીઓની પંક્તિમાં ઊભવાનો મને અધિકાર મળશે ત્યારે મારી ભાષામાં આજ છે તેના કરતાં વધારે નિશ્ચય જેવામાં આવશે . જેના વિચારમાં વિકાર નથી , જેની નિદ્રામાં ભંગ નથી , જે સૂતો છતો જાગ્રત રહી શકે છે , તે નીરોગી હોય છે . તેને વિનાઇનના સેવનની જરૂર નથી પડતી . તેના નિર્વિકારી રક્તમાં જ એવી શુદ્ધિ હોય છે કે તેને મલેરિયા ઇત્યાદિનાં જંતુ દુ : ખ દઈ શકતાં નથી . એ સ્થિતિ મેળવવાને સરૢ હું મથી રહ્યો છું . તેમાં હાર જેવી વસ્તુ છે જ નહીં . તે પ્રયત્નમાં લખનારને , તેના ફાળાહીન મિત્રોને અને બીજા વાંચનારાઓને સાથી થવા હું નિમંત્રણ કરું છું અને ઇચ્છું છું કે લખનારની જેમ તેઓ મારા કરતાં વધારે તીવ્ર વેગી આગળ વધે . જેઓ પાછળ હોય તે મારા જેવાના દૃષ્ટાંતથી આત્મવિશ્વાસુ બને . મને જે કંઈ સફ્ળતા મળી હોય તે હું નિર્બળ હોવા છતાં , વિકારવશ હોવા છતાં , – પ્રયત્નથી , શ્રદ્ધાથી ને ઈશ્વરકૃપાથી મેળવી શકું છું ."
                ]
            },
            {
                "block_text": "એટલે કોઈને નિરાશ થવાનું કારણ જ નથી . મારું માહાત્મ્ય મિથ્યા ઉચ્ચાર છે . તે પદ તો મારી બાહ્ય પ્રવૃત્તિને – મારા રાજપ્રકરણને – આભારી છે . તે ક્ષણિક છે . મારો સત્યનો , અહિંસાનો , બ્રહ્મચર્યાદિનો આગ્રહ એ જ મારું અવિભાજ્ય ને કીમતીમાં કીમતી અંગ છે . તેમાંનું જે કંઈ મને ઈશ્વરદત્ત થયું છે તેની ભૂલ્યેચૂકયે પણ કોઈ અવગણના ન કરો , તેમાં મારું સર્વસ્વ છે . તેમાં રહેલી નિષ્ફળતા પણ સફળતાનાં પગથિયાં છે . તેથી નિષ્ફળતાઓ પણ મને પ્રિય છે . [ મૂળ ગુજરાતી ]",
                "lines": [
                    "એટલે કોઈને નિરાશ થવાનું કારણ જ નથી . મારું માહાત્મ્ય મિથ્યા ઉચ્ચાર છે . તે પદ તો મારી બાહ્ય પ્રવૃત્તિને – મારા રાજપ્રકરણને – આભારી છે . તે ક્ષણિક છે . મારો સત્યનો , અહિંસાનો , બ્રહ્મચર્યાદિનો આગ્રહ એ જ મારું અવિભાજ્ય ને કીમતીમાં કીમતી અંગ છે . તેમાંનું જે કંઈ મને ઈશ્વરદત્ત થયું છે તેની ભૂલ્યેચૂકયે પણ કોઈ અવગણના ન કરો , તેમાં મારું સર્વસ્વ છે . તેમાં રહેલી નિષ્ફળતા પણ સફળતાનાં પગથિયાં છે . તેથી નિષ્ફળતાઓ પણ મને પ્રિય છે . [ મૂળ ગુજરાતી ]"
                ]
            },
            {
                "block_text": "નવીવન , ૧૪-૨-૧૯૨૬",
                "lines": [
                    "નવીવન , ૧૪-૨-૧૯૨૬"
                ]
            }
        ]
    }
}