{
    "page_number": 3021,
    "ocr_output": {
        "blocks": [
            {
                "block_text": "સત્ય વિદ્ બ્રહ્મચર્ય",
                "lines": [
                    "સત્ય વિદ્ બ્રહ્મચર્ય"
                ]
            },
            {
                "block_text": "૧૫",
                "lines": [
                    "૧૫"
                ]
            },
            {
                "block_text": "જાહેર કર્યું કે “ આટઆટલા ભગીરથ પ્રયત્નો પછી ગાંધીજીને પણ આમ થાય તો પછી આપણે કાં ? આ બ્રહ્મચર્યાદિ પાળવાના પ્રયત્ન કરવા એ ફોગટ ફાંફાં છે . ગાંધીજીના એકરારથી મારું દૃષ્ટિબિંદુ સમૂળગું બદલાઈ ગયું છે . મને આજથી ગયો સમજ . ” કંઈક વીલે મોઢે મે ' બચાવ કરવા માંડયો : “ જો ગાંધીજી જેવાને પણ આ માર્ગે જવું આટલું કઠણ છે તો પછી આપણે આપણા પ્રયત્નો ત્રેવડવા જોઈએ , વગેરે વગેરે ” — જેવી દલીલો કદાચ ગાંધીજી કે આપ કરો . પણ એ બધું મિથ્યા . આજ સુધી નિષ્કલંક અને સુંદર રહેલું ચરિત્ર લંકિત થયું . કર્મ સિદ્ધાંતાનુસાર આ અધ : પતનનો કંઈક દોષ કોઈ ગાંધીજી ઉપર ચોંટાડે તો આપ યા ગાંધીજી શું કહો ?",
                "lines": [
                    "જાહેર કર્યું કે “ આટઆટલા ભગીરથ પ્રયત્નો પછી ગાંધીજીને પણ આમ થાય તો પછી આપણે કાં ? આ બ્રહ્મચર્યાદિ પાળવાના પ્રયત્ન કરવા એ ફોગટ ફાંફાં છે . ગાંધીજીના એકરારથી મારું દૃષ્ટિબિંદુ સમૂળગું બદલાઈ ગયું છે . મને આજથી ગયો સમજ . ” કંઈક વીલે મોઢે મે ' બચાવ કરવા માંડયો : “ જો ગાંધીજી જેવાને પણ આ માર્ગે જવું આટલું કઠણ છે તો પછી આપણે આપણા પ્રયત્નો ત્રેવડવા જોઈએ , વગેરે વગેરે ” — જેવી દલીલો કદાચ ગાંધીજી કે આપ કરો . પણ એ બધું મિથ્યા . આજ સુધી નિષ્કલંક અને સુંદર રહેલું ચરિત્ર લંકિત થયું . કર્મ સિદ્ધાંતાનુસાર આ અધ : પતનનો કંઈક દોષ કોઈ ગાંધીજી ઉપર ચોંટાડે તો આપ યા ગાંધીજી શું કહો ?"
                ]
            },
            {
                "block_text": "જ્યાં સુધી આ એક જ દાખલો ધ્યાનમાં હતો ત્યાં સુધી મેં આપને ન લખ્યું – “ અપવાદ ” ના સહેલાસુતરા જવાબથી ટળવા હું તૈયાર નહોતો . પણ ત્યાર પછી બીજા દાખલાઓએ મજકૂર લેખના વાંચન પછીના મારા ભયને પુરવણી આપી છે અને ઉપર જણાવેલ મારા મિત્ર ઉપર જે અસર થઈ તે માત્ર અપવાદ રૂપે જ નહોતી તેની મને ખાતરી કરી આપી છે .",
                "lines": [
                    "જ્યાં સુધી આ એક જ દાખલો ધ્યાનમાં હતો ત્યાં સુધી મેં આપને ન લખ્યું – “ અપવાદ ” ના સહેલાસુતરા જવાબથી ટળવા હું તૈયાર નહોતો . પણ ત્યાર પછી બીજા દાખલાઓએ મજકૂર લેખના વાંચન પછીના મારા ભયને પુરવણી આપી છે અને ઉપર જણાવેલ મારા મિત્ર ઉપર જે અસર થઈ તે માત્ર અપવાદ રૂપે જ નહોતી તેની મને ખાતરી કરી આપી છે ."
                ]
            },
            {
                "block_text": "ગાંધીજીને સહેલાઈથી શકય એવી હજારો બાબતો મારા માટે તો સાવ અશક્ય એ હું જાણું છું , પણ ભગવત્કૃપાએ એ બળ મેળવ્યું છે કે ગાંધીજીનેય અશકય એવી એકાદ કોઈક બાબત મને કથ થઈ શકે ખરી . ગાંધીજીના એકરાર પછી અંતર વલોવાયું અને બ્રહ્મચર્યનું સ્વાસ્થ્ય ડહોળાયું છે તે હજુ પોતાની સ્થિતિમાં પાછું નથી આવ્યું — પણ આવા એકાદ વિચારે જ મને પડતો બચાવ્યો છે . ઘણી વાર એક દોષ બીજા દોષમાંથી ઉગારી લે છે . મારી આ બાબતમાં મારા અભિમાનના દોષ ( ગાંધીજીને અશકય એ મને શકય !!! )",
                "lines": [
                    "ગાંધીજીને સહેલાઈથી શકય એવી હજારો બાબતો મારા માટે તો સાવ અશક્ય એ હું જાણું છું , પણ ભગવત્કૃપાએ એ બળ મેળવ્યું છે કે ગાંધીજીનેય અશકય એવી એકાદ કોઈક બાબત મને કથ થઈ શકે ખરી . ગાંધીજીના એકરાર પછી અંતર વલોવાયું અને બ્રહ્મચર્યનું સ્વાસ્થ્ય ડહોળાયું છે તે હજુ પોતાની સ્થિતિમાં પાછું નથી આવ્યું — પણ આવા એકાદ વિચારે જ મને પડતો બચાવ્યો છે . ઘણી વાર એક દોષ બીજા દોષમાંથી ઉગારી લે છે . મારી આ બાબતમાં મારા અભિમાનના દોષ ( ગાંધીજીને અશકય એ મને શકય !!! )"
                ]
            },
            {
                "block_text": "મને પડતો અટકાવ્યો !",
                "lines": [
                    "મને પડતો અટકાવ્યો !"
                ]
            },
            {
                "block_text": "ગાંધીજીના ધ્યાન ઉપર આ વાત લાવવાની કૃપા કરશો ? — ખાસ કરીને હમણાં કે જ્યારે પોતે આત્મકથા લખી રહ્યા છે . સત્ય અને નર્યું સત્ય લખવું એમાં બહાદુરી તો જરૂર છે , પણ દુનિયામાં અને નવીવન , યંગ રૂન્ડિયાના વાચકોમાં એથી વિરુદ્ધનો ગુણ વધુ પ્રમાણમાં છે અને આથી એકનો ખોરાક તે બીજાને ઝેર સમાન થઈ પડે . આવી ફરિયાદ નવી નથી . અસહકારનું આંદોલન  ોરથી ચાલતું હતું અને જ્યારે મેં મારી ભૂલ કબૂલ કરી ત્યારે મને એક મિત્રે સરળ ભાવે લખ્યું :",
                "lines": [
                    "ગાંધીજીના ધ્યાન ઉપર આ વાત લાવવાની કૃપા કરશો ? — ખાસ કરીને હમણાં કે જ્યારે પોતે આત્મકથા લખી રહ્યા છે . સત્ય અને નર્યું સત્ય લખવું એમાં બહાદુરી તો જરૂર છે , પણ દુનિયામાં અને નવીવન , યંગ રૂન્ડિયાના વાચકોમાં એથી વિરુદ્ધનો ગુણ વધુ પ્રમાણમાં છે અને આથી એકનો ખોરાક તે બીજાને ઝેર સમાન થઈ પડે . આવી ફરિયાદ નવી નથી . અસહકારનું આંદોલન  ોરથી ચાલતું હતું અને જ્યારે મેં મારી ભૂલ કબૂલ કરી ત્યારે મને એક મિત્રે સરળ ભાવે લખ્યું :"
                ]
            },
            {
                "block_text": "તમારે તો ભૂલ થાય તોયે સ્કૂલ ન કરવી જોઈએ . ભૂલ ન જ કરે એવો કોઈક તો છે એવો લોકોને ખ્યાલ રહેવો જોઈએ . તમે આવા ગણાતા હતા . હવે તમે ભૂલનો સ્વીકાર કર્યો એટલે લોકો હતાશ થવાના . આ કાગળથી હું હસ્યો ને મને ખેદ થયો . લખનારના ભોળપણનું મને હસવું આવ્યું . ભૂલ ન કરે એવો મનુષ્ય ન મળે તો કોઈને એવો મનાવવાનો વિચાર સરખોયે મને ત્રાસદાયક લાગ્યો .",
                "lines": [
                    "તમારે તો ભૂલ થાય તોયે સ્કૂલ ન કરવી જોઈએ . ભૂલ ન જ કરે એવો કોઈક તો છે એવો લોકોને ખ્યાલ રહેવો જોઈએ . તમે આવા ગણાતા હતા . હવે તમે ભૂલનો સ્વીકાર કર્યો એટલે લોકો હતાશ થવાના . આ કાગળથી હું હસ્યો ને મને ખેદ થયો . લખનારના ભોળપણનું મને હસવું આવ્યું . ભૂલ ન કરે એવો મનુષ્ય ન મળે તો કોઈને એવો મનાવવાનો વિચાર સરખોયે મને ત્રાસદાયક લાગ્યો ."
                ]
            },
            {
                "block_text": "મારાથી ભૂલ થાય ને તે જાણવામાં આવે તેથી લોકોને હાનિ થવાને બદલે લાભ જ થાય . મારી ભૂલોના મારા શીઘ્ર સ્વીકારથી પ્રજાને લાભ જ થયો છે એવો મારો દૃઢ વિશ્વાસ છે . મને પોતાને તો તેથી લાભ જ થયો છે એમ મેં અનુભવ્યું છે .",
                "lines": [
                    "મારાથી ભૂલ થાય ને તે જાણવામાં આવે તેથી લોકોને હાનિ થવાને બદલે લાભ જ થાય . મારી ભૂલોના મારા શીઘ્ર સ્વીકારથી પ્રજાને લાભ જ થયો છે એવો મારો દૃઢ વિશ્વાસ છે . મને પોતાને તો તેથી લાભ જ થયો છે એમ મેં અનુભવ્યું છે ."
                ]
            },
            {
                "block_text": "તેવું જ મારાં દૂષિત સ્વપ્નાંઓ વિશે સમજવું . હું સંપૂર્ણ બ્રહ્મચારી ન હોવા છતાં તેવો હોવાનો દાવો કરું તેથી તો જગતને ધણું નુક્સાન પહોંચે . કેમ કે તેથી બ્રહ્મચર્ય લંકિત બને ,",
                "lines": [
                    "તેવું જ મારાં દૂષિત સ્વપ્નાંઓ વિશે સમજવું . હું સંપૂર્ણ બ્રહ્મચારી ન હોવા છતાં તેવો હોવાનો દાવો કરું તેથી તો જગતને ધણું નુક્સાન પહોંચે . કેમ કે તેથી બ્રહ્મચર્ય લંકિત બને ,"
                ]
            }
        ]
    }
}