{
    "page_number": 307,
    "ocr_output": {
        "blocks": [
            {
                "block_text": "૧. નોંધ",
                "lines": [
                    "૧. નોંધ"
                ]
            },
            {
                "block_text": "વિશ્વાસભંગ",
                "lines": [
                    "વિશ્વાસભંગ"
                ]
            },
            {
                "block_text": "જે એશિયાઈ બિલ પેશ થવાનો ભય સેવવામાં આવે છે તે સમસ્ત દક્ષિણ આફ્રિકા સંબંધમાં થયેલા સ્મટ્સ - ગાંધી કરારનો ભંગ કરે છે , અને નાતાલ સંબંધમાં પણ વિશ્વાસભંગ કરે છે . એ વિશ્વાસનો ભંગ કેવી રીતનો છે તે દક્ષિણ આફ્રિકામાં અખબારો જોગ લખેલા પોતાના એક પત્રમાં મિ . ઍન્ડ્રુઝે સાબિત કરી બતાવ્યું છે . આ પત્ર હમણાં જ આવેલા ન્ડિયન ઓપનિયનમાં પણ છપાયો છે . એનો પ્રસંગોચિત અંશ નીચે પ્રમાણે છે :",
                "lines": [
                    "જે એશિયાઈ બિલ પેશ થવાનો ભય સેવવામાં આવે છે તે સમસ્ત દક્ષિણ આફ્રિકા સંબંધમાં થયેલા સ્મટ્સ - ગાંધી કરારનો ભંગ કરે છે , અને નાતાલ સંબંધમાં પણ વિશ્વાસભંગ કરે છે . એ વિશ્વાસનો ભંગ કેવી રીતનો છે તે દક્ષિણ આફ્રિકામાં અખબારો જોગ લખેલા પોતાના એક પત્રમાં મિ . ઍન્ડ્રુઝે સાબિત કરી બતાવ્યું છે . આ પત્ર હમણાં જ આવેલા ન્ડિયન ઓપનિયનમાં પણ છપાયો છે . એનો પ્રસંગોચિત અંશ નીચે પ્રમાણે છે :"
                ]
            },
            {
                "block_text": "દક્ષિણ આફ઼િકામાં ઊતરી આવેલા ઘણા મોટા ભાગના હિંદીઓને નાતાલની સરકારે ૧૮૬૦ ની સાલથી કરાર હેઠળ દાખલ કરેલા છે . આ લોકો હિંદુસ્તાનથી નીકળ્યા તે પહેલાં બંને સરકારો વચ્ચે એવો કરાર થયેલો કે જે આ લોકો શેરડીનાં ખેતરોમાં મજૂરી કરવાના તેમના પાંચ વર્ષના કરારનું બરાબર પાલન કરે તો તેમને નાતાલમાં કેટલાક અધિકારો આપવા જોઈએ . આમાં જમીન તથા સ્થાવર મિલકતની મુક્ત ખરીદી ઉપરાંત રહેવાસી તરીકેના અધિકારોનો પણ સમાવેશ થતો હતો . નાતાલની સરકાર આ પ્રકારના ગિરમીટિયા હિંદી મજૂરો મેળવવા આતુર હતી , એટલે એણે એવું પણ કબૂલ રાખ્યું હતું કે મજૂરો સાથે હિંદી વેપારીઓને પણ મુક્ત હિંદીઓ તરીકે આવવા દેવા જોઈએ .",
                "lines": [
                    "દક્ષિણ આફ઼િકામાં ઊતરી આવેલા ઘણા મોટા ભાગના હિંદીઓને નાતાલની સરકારે ૧૮૬૦ ની સાલથી કરાર હેઠળ દાખલ કરેલા છે . આ લોકો હિંદુસ્તાનથી નીકળ્યા તે પહેલાં બંને સરકારો વચ્ચે એવો કરાર થયેલો કે જે આ લોકો શેરડીનાં ખેતરોમાં મજૂરી કરવાના તેમના પાંચ વર્ષના કરારનું બરાબર પાલન કરે તો તેમને નાતાલમાં કેટલાક અધિકારો આપવા જોઈએ . આમાં જમીન તથા સ્થાવર મિલકતની મુક્ત ખરીદી ઉપરાંત રહેવાસી તરીકેના અધિકારોનો પણ સમાવેશ થતો હતો . નાતાલની સરકાર આ પ્રકારના ગિરમીટિયા હિંદી મજૂરો મેળવવા આતુર હતી , એટલે એણે એવું પણ કબૂલ રાખ્યું હતું કે મજૂરો સાથે હિંદી વેપારીઓને પણ મુક્ત હિંદીઓ તરીકે આવવા દેવા જોઈએ ."
                ]
            },
            {
                "block_text": "આ હિંદી મજૂરોએ એ અધિકારો ભારે કિંમત ચૂકવીને ખરીદ્યા હતા . કારણ કે આ પંચવર્ષીય ગિરમીટ પ્રથા સાથે એવાં ગંભીર નૈતિક દૂષણો સંકળાયેલાં હતાં કે એને એક દૂષિત મજૂર - પ્રથા ગણીને હવે સદંતર બંધ કરી દેવામાં આવી છે . છેક હમણાં સુધી નાતાલની સરકારે આ કરાર અંગેની પોતાની ફરજો વફાદારીથી અદા કરવા પ્રયત્ન કર્યા છે . દક્ષિણ આફ્રિકા ધારાની કલમ ૧૪૮ સ્પષ્ટ રીતે જણાવે છે કે નાતાલની સાંસ્થાનિક સરકારે કરેલા કરારો સંઘ સરકારને પણ બંધનકર્તા છે . ( ચર બુલ , પા . ૭૪ )",
                "lines": [
                    "આ હિંદી મજૂરોએ એ અધિકારો ભારે કિંમત ચૂકવીને ખરીદ્યા હતા . કારણ કે આ પંચવર્ષીય ગિરમીટ પ્રથા સાથે એવાં ગંભીર નૈતિક દૂષણો સંકળાયેલાં હતાં કે એને એક દૂષિત મજૂર - પ્રથા ગણીને હવે સદંતર બંધ કરી દેવામાં આવી છે . છેક હમણાં સુધી નાતાલની સરકારે આ કરાર અંગેની પોતાની ફરજો વફાદારીથી અદા કરવા પ્રયત્ન કર્યા છે . દક્ષિણ આફ્રિકા ધારાની કલમ ૧૪૮ સ્પષ્ટ રીતે જણાવે છે કે નાતાલની સાંસ્થાનિક સરકારે કરેલા કરારો સંઘ સરકારને પણ બંધનકર્તા છે . ( ચર બુલ , પા . ૭૪ )"
                ]
            },
            {
                "block_text": "આર્થિક તર્કદોષ",
                "lines": [
                    "આર્થિક તર્કદોષ"
                ]
            },
            {
                "block_text": "હિંદી વસાહતીની વિરુદ્ધમાં આર્થિક દૃષ્ટિએ વારંવાર જે દલીલ કરવામાં આવે છે તેનો રદિયો એ જ પત્રમાં આ પ્રમાણે આપવામાં આવ્યો છે :",
                "lines": [
                    "હિંદી વસાહતીની વિરુદ્ધમાં આર્થિક દૃષ્ટિએ વારંવાર જે દલીલ કરવામાં આવે છે તેનો રદિયો એ જ પત્રમાં આ પ્રમાણે આપવામાં આવ્યો છે :"
                ]
            },
            {
                "block_text": "આર્થિક દૃષ્ટિબિંદુથી , હિંર્દીઓનો ખુદ પ્રશ્ન દક્ષિણ આફ્રિકામાંના મોટા ભાગના લોકોને સાવવામાં આવ્યું છે એટલો બધો ગંભીર બિલકુલ નથી . વાસ્તવમાં આ પ્રશ્ન ખરેખર ઊલી ગયેલો છે , કેમ કે હિંદીઓની હરીફાઈ વધી રહી નથી પણ ઘટી રહી છે . છતાં ડરબન જેવા શહેરમાં , જ્યાં હિંદીઓની વસ્તી સૌથી વધારે છે ત્યાં પણ , સને ૧૯૨૧ અને ૧૯૨૫ વચ્ચેના ગાળા દરમ્યાન હિંદીઓને નામે ચડેલી મિલકતોની કિંમતમાં ચોખ્ખો વધારો , અંદાજે માત્ર અઢી લાખ પાઉડ જેટલો થયો છે , જ્યારે યુરોપિયનોને નામે ચડેલી મિલકતોની કિંમતમાં એ વધારો ચાળીસ લાખનો છે . તેમ છતાં ડરબન અને એનાં",
                "lines": [
                    "આર્થિક દૃષ્ટિબિંદુથી , હિંર્દીઓનો ખુદ પ્રશ્ન દક્ષિણ આફ્રિકામાંના મોટા ભાગના લોકોને સાવવામાં આવ્યું છે એટલો બધો ગંભીર બિલકુલ નથી . વાસ્તવમાં આ પ્રશ્ન ખરેખર ઊલી ગયેલો છે , કેમ કે હિંદીઓની હરીફાઈ વધી રહી નથી પણ ઘટી રહી છે . છતાં ડરબન જેવા શહેરમાં , જ્યાં હિંદીઓની વસ્તી સૌથી વધારે છે ત્યાં પણ , સને ૧૯૨૧ અને ૧૯૨૫ વચ્ચેના ગાળા દરમ્યાન હિંદીઓને નામે ચડેલી મિલકતોની કિંમતમાં ચોખ્ખો વધારો , અંદાજે માત્ર અઢી લાખ પાઉડ જેટલો થયો છે , જ્યારે યુરોપિયનોને નામે ચડેલી મિલકતોની કિંમતમાં એ વધારો ચાળીસ લાખનો છે . તેમ છતાં ડરબન અને એનાં"
                ]
            },
            {
                "block_text": "ઉપનગરોમાં હિંદીઓ અને યુરોપિયનોની વસ્તીનું પ્રમાણ ૪ : ૫ નું છે . હું એક વાર કહી ચૂકયો છું અને ફરીથી કહું છું કે ૧૯૨૧ ની વસ્તી ગણતીરમાં બતાવ્યું છે કે યુરોપિયનોની વસ્તીમાં ૩૯.૮ ટકાનો વધારો થયો છે , ત્યારે હિંદીઓની વસ્તી માત્ર ૬.૧ ટકા વધી છે . દર વર્ષે",
                "lines": [
                    "ઉપનગરોમાં હિંદીઓ અને યુરોપિયનોની વસ્તીનું પ્રમાણ ૪ : ૫ નું છે . હું એક વાર કહી ચૂકયો છું અને ફરીથી કહું છું કે ૧૯૨૧ ની વસ્તી ગણતીરમાં બતાવ્યું છે કે યુરોપિયનોની વસ્તીમાં ૩૯.૮ ટકાનો વધારો થયો છે , ત્યારે હિંદીઓની વસ્તી માત્ર ૬.૧ ટકા વધી છે . દર વર્ષે"
                ]
            },
            {
                "block_text": "૧",
                "lines": [
                    "૧"
                ]
            }
        ]
    }
}