{
    "page_number": 302,
    "ocr_output": {
        "blocks": [
            {
                "block_text": "પ્રસ્તાવના",
                "lines": [
                    "પ્રસ્તાવના"
                ]
            },
            {
                "block_text": "આ ગ્રંથ ૧૯૨૬ ના ફેબ્રુઆરીની ૧૧ મીથી જૂન ૧૪ સુધીનો ગાળો આવરી લે છે . આ વર્ષમાં ગાંધીજી આરામ લેવા અને મૂગું કાર્ય કરવા પોતાની જાતે જ નિવૃત્ત થઈને સાબરમતી તટે આવેલા સત્યાગ્રહ આશ્રમમાં રહ્યા હતા . તબિયત સુધારવા મસૂરી જવાનો એમનો વિચાર હતો , પણ તે પડતો મૂકવામાં આવ્યો હતો . અમેરિકા , ચીન અને ફિનલૅન્ડ જવાનાં આમંત્રણો આખરે પાછાં ઠેલવામાં આવ્યાં હતાં , કેમ કે એમને લાગતું હતું કે : “ જો મારા ઉપદેશમાં કશો પ્રભાવ હશે તો મારી શારીરિક હાજરી વિના પણ એની અસર પડશે ” ( પા . ૫૨૩ ) . ભારતના કિસાનોના કલ્યાણની એમને ચિંતા હતી તેથી જ તેઓ મહાબળેશ્વર ગયા હતા અને ભારત સરકાર તરફથી નિમાનારા ખેતીવાડી કમિશન વિશે મુંબઈના ગવર્નર સાથે વાતો કરી હતી .",
                "lines": [
                    "આ ગ્રંથ ૧૯૨૬ ના ફેબ્રુઆરીની ૧૧ મીથી જૂન ૧૪ સુધીનો ગાળો આવરી લે છે . આ વર્ષમાં ગાંધીજી આરામ લેવા અને મૂગું કાર્ય કરવા પોતાની જાતે જ નિવૃત્ત થઈને સાબરમતી તટે આવેલા સત્યાગ્રહ આશ્રમમાં રહ્યા હતા . તબિયત સુધારવા મસૂરી જવાનો એમનો વિચાર હતો , પણ તે પડતો મૂકવામાં આવ્યો હતો . અમેરિકા , ચીન અને ફિનલૅન્ડ જવાનાં આમંત્રણો આખરે પાછાં ઠેલવામાં આવ્યાં હતાં , કેમ કે એમને લાગતું હતું કે : “ જો મારા ઉપદેશમાં કશો પ્રભાવ હશે તો મારી શારીરિક હાજરી વિના પણ એની અસર પડશે ” ( પા . ૫૨૩ ) . ભારતના કિસાનોના કલ્યાણની એમને ચિંતા હતી તેથી જ તેઓ મહાબળેશ્વર ગયા હતા અને ભારત સરકાર તરફથી નિમાનારા ખેતીવાડી કમિશન વિશે મુંબઈના ગવર્નર સાથે વાતો કરી હતી ."
                ]
            },
            {
                "block_text": "આશ્રામમાં રહીને ગાંધીજી એક એક પ્રકરણ કરીને પોતાની આત્મા લખતા રહ્યા , લોકહિતના પ્રશ્નોની નવીવન અને યંગ ન્ડિયામાં ચર્ચા કરતા રહ્યા અને જાણીતા તેમ જ અજાણ્યા સંખ્યાબંધ લોકો સાથે અંગત , સામાજિક અને આંતરરાષ્ટ્રીય મહત્ત્વ ધરાવતા અનેકવિધ વિષયો ઉપર પત્રવ્યવહાર કરતા રહ્યા .",
                "lines": [
                    "આશ્રામમાં રહીને ગાંધીજી એક એક પ્રકરણ કરીને પોતાની આત્મા લખતા રહ્યા , લોકહિતના પ્રશ્નોની નવીવન અને યંગ ન્ડિયામાં ચર્ચા કરતા રહ્યા અને જાણીતા તેમ જ અજાણ્યા સંખ્યાબંધ લોકો સાથે અંગત , સામાજિક અને આંતરરાષ્ટ્રીય મહત્ત્વ ધરાવતા અનેકવિધ વિષયો ઉપર પત્રવ્યવહાર કરતા રહ્યા ."
                ]
            },
            {
                "block_text": "દક્ષિણ આફ્રિકામાં પ્રવર્તતી જાતિદ્વેષની પરિસ્થિતિએ એમના મનને એટલો ઉચાટ કરાવ્યો કે ત્યાંથી આવેલા હિંદીઓના પ્રતિનિધિમંડળને એમણે કહી દીધું કે જો જરૂર પડશે તો હું ફરીથી ત્યાં આવવા તૈયાર છું . પેલા પ્રત્યાઘાતી એશિયાઈ વિધેયકને એમણે “ વિશ્વાસનો ભંગ ” કરનારું માન્યું . ડૉ . મલાને જે દરખાસ્ત કરી કે ભારત સરકારે પોતાની જુબાની પ્રવર સમિતિ આગળ પૅડિસન ડેપ્યુટેશન મારફતે જ રજૂ કરવી જોઈએ , તેનો એમણે વિરોધ કર્યો . પણ સરકાર જ્યારે વર્ગીય વિસ્તારો અનામત રાખવાનું વિધેયક મુલતવી ૨ ખાવી શકી ત્યારે તેના આ રાજદ્રારી વિજય માટે એમણે તેને મુબારકબાદી આપી અને ન્યાય તથા સમાનતાની હિંદીઓની માગણી બાબતમાં મક્કમ રહેવા આગ્રહ કર્યો . આમ છતાં એમના પોતાના મનમાં કશો સંદેહ નહોતો કે હિંદી વસાહતીઓનો છુટકારો આખરે તો એમના પોતાના જ હાથમાં છે . એમણે લખ્યું હતું : “ તેમણે આપસમાં સંપૂર્ણ એકતા સાધી એક જૂથે ખડા રહેવું જોઈએ . અને સૌથી વિશેષ તો બધાએ સૌના હિતમાં આ સવાલમાં દુ : ખ સહન કરવા કટિબદ્ધ રહેવું જોઈએ ” ( પા . ૩૬૬ ) . ૫ મી મેએ સાબરમતીમાં મળેલી મહાસમિતિની બેઠકે દક્ષિણ આફ્રિકા વિશેનો ગાંધીજીનો ઠરાવ મંજૂર રાખ્યો . દક્ષિણ આફ્રિકાના હિંદીઓની કોંગ્રેસને એમણે વચન આપ્યું કે સી . એફ . ઍન્ડ્રુઝ અને હું રંગભેદ અંગેના વિધેયકની વિરુદ્ધમાં , આ દેશમાં જે કંઈ શકય હશે તે કરતા રહીશું . તેમ છતાં દરિયાપાર વસતા હિંદીઓ પાસેથી તેઓ એવી અપેક્ષા રાખતા હતા કે એ હિંદીઓ પૂર્વ આફ્રિકામાં વસતા હોય કે ઑસ્ટ્રેલિયામાં વસતા હોય , તેઓ સંગઠિત થઈને “ સત્યાગ્રહ માટે શક્તિ કેળવશે ” ( પા . ૪૮૬ ) . જ્યારે રંગભેદનું વિધેયક પસાર થયું ત્યારે ગાંધીજીએ એને વર્ગીય વિસ્તારો અનામત રાખવાના વિધેયક કરતાં પણ ખરાબ માન્યું , કેમ કે એનાથી “ દક્ષિણ આફ્રિકાની સમસ્ત આદિવાસી પ્રજા ગોરા વસાહતીઓની વિરોધી બની જશે ” ( પા , ૪૩૨ ) . જાતિભેદ કાયમ કરનારાં એ બંને વિધેયકોને એમણે ધુતકારી કાઢયાં , કેમ કે એનાથી “ રંગભેદની",
                "lines": [
                    "દક્ષિણ આફ્રિકામાં પ્રવર્તતી જાતિદ્વેષની પરિસ્થિતિએ એમના મનને એટલો ઉચાટ કરાવ્યો કે ત્યાંથી આવેલા હિંદીઓના પ્રતિનિધિમંડળને એમણે કહી દીધું કે જો જરૂર પડશે તો હું ફરીથી ત્યાં આવવા તૈયાર છું . પેલા પ્રત્યાઘાતી એશિયાઈ વિધેયકને એમણે “ વિશ્વાસનો ભંગ ” કરનારું માન્યું . ડૉ . મલાને જે દરખાસ્ત કરી કે ભારત સરકારે પોતાની જુબાની પ્રવર સમિતિ આગળ પૅડિસન ડેપ્યુટેશન મારફતે જ રજૂ કરવી જોઈએ , તેનો એમણે વિરોધ કર્યો . પણ સરકાર જ્યારે વર્ગીય વિસ્તારો અનામત રાખવાનું વિધેયક મુલતવી ૨ ખાવી શકી ત્યારે તેના આ રાજદ્રારી વિજય માટે એમણે તેને મુબારકબાદી આપી અને ન્યાય તથા સમાનતાની હિંદીઓની માગણી બાબતમાં મક્કમ રહેવા આગ્રહ કર્યો . આમ છતાં એમના પોતાના મનમાં કશો સંદેહ નહોતો કે હિંદી વસાહતીઓનો છુટકારો આખરે તો એમના પોતાના જ હાથમાં છે . એમણે લખ્યું હતું : “ તેમણે આપસમાં સંપૂર્ણ એકતા સાધી એક જૂથે ખડા રહેવું જોઈએ . અને સૌથી વિશેષ તો બધાએ સૌના હિતમાં આ સવાલમાં દુ : ખ સહન કરવા કટિબદ્ધ રહેવું જોઈએ ” ( પા . ૩૬૬ ) . ૫ મી મેએ સાબરમતીમાં મળેલી મહાસમિતિની બેઠકે દક્ષિણ આફ્રિકા વિશેનો ગાંધીજીનો ઠરાવ મંજૂર રાખ્યો . દક્ષિણ આફ્રિકાના હિંદીઓની કોંગ્રેસને એમણે વચન આપ્યું કે સી . એફ . ઍન્ડ્રુઝ અને હું રંગભેદ અંગેના વિધેયકની વિરુદ્ધમાં , આ દેશમાં જે કંઈ શકય હશે તે કરતા રહીશું . તેમ છતાં દરિયાપાર વસતા હિંદીઓ પાસેથી તેઓ એવી અપેક્ષા રાખતા હતા કે એ હિંદીઓ પૂર્વ આફ્રિકામાં વસતા હોય કે ઑસ્ટ્રેલિયામાં વસતા હોય , તેઓ સંગઠિત થઈને “ સત્યાગ્રહ માટે શક્તિ કેળવશે ” ( પા . ૪૮૬ ) . જ્યારે રંગભેદનું વિધેયક પસાર થયું ત્યારે ગાંધીજીએ એને વર્ગીય વિસ્તારો અનામત રાખવાના વિધેયક કરતાં પણ ખરાબ માન્યું , કેમ કે એનાથી “ દક્ષિણ આફ્રિકાની સમસ્ત આદિવાસી પ્રજા ગોરા વસાહતીઓની વિરોધી બની જશે ” ( પા , ૪૩૨ ) . જાતિભેદ કાયમ કરનારાં એ બંને વિધેયકોને એમણે ધુતકારી કાઢયાં , કેમ કે એનાથી “ રંગભેદની"
                ]
            },
            {
                "block_text": "५",
                "lines": [
                    "५"
                ]
            }
        ]
    }
}