{
    "page_number": 3041,
    "ocr_output": {
        "blocks": [
            {
                "block_text": "ઍન્ડ્રુઝની વેદના",
                "lines": [
                    "ઍન્ડ્રુઝની વેદના"
                ]
            },
            {
                "block_text": "કર્યા તે દૃશ્યના જેવું અધોગતિકારક દૃશ્ય બીજું કર્યું હોઈ શકે ? છેવટે કેસવેલ સ્મટ્સ વચ્ચે જે વાગ્યુદ્ધ થયું તેમાં શુદ્ધ પાખંડ હતું . બેમાંથી વાંક કોનો વધારે હતો એને વિશે જ વાદ ચાલ્યો ! હર્ટઝોગ તો અંધારામાં જ દબાઈ ગયો . આ અવસરે આર્ષદૃષ્ટિવાળો એક પણ જણ ત્યાં ન હતો જે તેમને કહી શકે કે ઈશ્વર તમને પૂછ્તારો બેઠેલો છે .",
                "lines": [
                    "કર્યા તે દૃશ્યના જેવું અધોગતિકારક દૃશ્ય બીજું કર્યું હોઈ શકે ? છેવટે કેસવેલ સ્મટ્સ વચ્ચે જે વાગ્યુદ્ધ થયું તેમાં શુદ્ધ પાખંડ હતું . બેમાંથી વાંક કોનો વધારે હતો એને વિશે જ વાદ ચાલ્યો ! હર્ટઝોગ તો અંધારામાં જ દબાઈ ગયો . આ અવસરે આર્ષદૃષ્ટિવાળો એક પણ જણ ત્યાં ન હતો જે તેમને કહી શકે કે ઈશ્વર તમને પૂછ્તારો બેઠેલો છે ."
                ]
            },
            {
                "block_text": "અને હવે એશિયાટીક સામેના કાયદા વિશે પણ એ જ સ્થિતિ આવીને ઊભી રહી છે . થોડાક દિવસ કદાચ આપણું કમનસીબ આવતું લંબાય પણ તે અટકવાનું તો નથી જ . પહેલી વાર ખરડો રજૂ થયો ત્યારે જોવા જેવું દૃશ્ય હતું . સ્મટ્સ અને સ્માર્ટ અને ઝૂમન્ડ શૅપલિન ગેરહાજર હતા . બાકીનાએ તો ઉશ્રૃંખલતાથી જ મત આપ્યા . ૮૧ વિરુદ્ધ ૧૦ હતા . અને આ ૧૦ પણ કેપ કૉલોનીના સભ્યો હતા જેમને પોતાના મત આપનારા હબસીઓનો વિચાર કરવાનો હતો .",
                "lines": [
                    "અને હવે એશિયાટીક સામેના કાયદા વિશે પણ એ જ સ્થિતિ આવીને ઊભી રહી છે . થોડાક દિવસ કદાચ આપણું કમનસીબ આવતું લંબાય પણ તે અટકવાનું તો નથી જ . પહેલી વાર ખરડો રજૂ થયો ત્યારે જોવા જેવું દૃશ્ય હતું . સ્મટ્સ અને સ્માર્ટ અને ઝૂમન્ડ શૅપલિન ગેરહાજર હતા . બાકીનાએ તો ઉશ્રૃંખલતાથી જ મત આપ્યા . ૮૧ વિરુદ્ધ ૧૦ હતા . અને આ ૧૦ પણ કેપ કૉલોનીના સભ્યો હતા જેમને પોતાના મત આપનારા હબસીઓનો વિચાર કરવાનો હતો ."
                ]
            },
            {
                "block_text": "આખરે ખરેખર શું બનશે એ તો ચોકસ નહીં કહી શકાય . વાઇસરૉયના હાથમાં વાત છે . મારો પોતાનો અભિપ્રાય તો એવો છે કે લોકોની આગળ અને જગતની આગળ આ કાયદાના તત્ત્વ વિશે આપણો અભિપ્રાય દર્શાવવાની જેટલી તક મળે તેટલી આપણે લેવી જ જોઈએ . પણ કાયદાનું મૂળ તત્ત્વ જેની આપણે સખત વિરુદ્ધ છીએ તેની ચર્ચા થયા વિના જ જો ખરડાનું બીજું વાચન કરી દેવામાં આવે તો કાયદાની વિગતોને વિશે આપણે બિલકુલ પુરાવો આપવો નહીં . આખરની અપીલ જ્યાં સુધી આપણે સામ્રાજ્યમાં છીએ ત્યાં સુધી તો ઇમ્પીરિયલ કૉન્ફરન્સને જ થવી જોઈએ . પણ હર્ટઝોગ અને ટિલમૅન ઝ જેઓ આવતા ઑકટોબરમાં એ પરિષદમાં જવાના છે તેઓ ગઈ વખતે સ્મટ્સે કર્યું તેમ બિલકુલ ચૂપ જ રહેશે . છતાં જે સિદ્ધાંત તેઓ આગળ કરે છે તે સિદ્ધાંતને આ પરિષદમાં તિરસ્કારપાત્ર જાહેર કરવા એ મુશ્કેલ ન થવું જોઈએ .",
                "lines": [
                    "આખરે ખરેખર શું બનશે એ તો ચોકસ નહીં કહી શકાય . વાઇસરૉયના હાથમાં વાત છે . મારો પોતાનો અભિપ્રાય તો એવો છે કે લોકોની આગળ અને જગતની આગળ આ કાયદાના તત્ત્વ વિશે આપણો અભિપ્રાય દર્શાવવાની જેટલી તક મળે તેટલી આપણે લેવી જ જોઈએ . પણ કાયદાનું મૂળ તત્ત્વ જેની આપણે સખત વિરુદ્ધ છીએ તેની ચર્ચા થયા વિના જ જો ખરડાનું બીજું વાચન કરી દેવામાં આવે તો કાયદાની વિગતોને વિશે આપણે બિલકુલ પુરાવો આપવો નહીં . આખરની અપીલ જ્યાં સુધી આપણે સામ્રાજ્યમાં છીએ ત્યાં સુધી તો ઇમ્પીરિયલ કૉન્ફરન્સને જ થવી જોઈએ . પણ હર્ટઝોગ અને ટિલમૅન ઝ જેઓ આવતા ઑકટોબરમાં એ પરિષદમાં જવાના છે તેઓ ગઈ વખતે સ્મટ્સે કર્યું તેમ બિલકુલ ચૂપ જ રહેશે . છતાં જે સિદ્ધાંત તેઓ આગળ કરે છે તે સિદ્ધાંતને આ પરિષદમાં તિરસ્કારપાત્ર જાહેર કરવા એ મુશ્કેલ ન થવું જોઈએ ."
                ]
            },
            {
                "block_text": "ગમે તેમ હો , પરિણામ રાજદ્વ્રારી મસલતો ઉપર બિલકુલ આધાર નથી રાખતું . આપણે કઈ ચાલ ચલીએ એની ઉપર કશો આધાર નથી . મુદ્દો એ છે કે દક્ષિણ આફ્રિકાની સરકાર હિંદીઓને અલગ કરી કિનારાના ભાગમાં અને ત્યાંથી દેશબહાર કાઢવા માગે છે . જ્યાં સુધી એ સરકારની આ નીતિ બદલાવાની નથી ત્યાં સુધી શાંતિ અશકય છે , શાંતિની આશા રાખવી અશકય છે . બ્રિટિશ સામ્રાજ્ય , દરેક સામ્રાજ્યવાસીની કાયદામાં સમાન સ્થિતિ છે એ સૂત્ર ઉપર રચાયેલું છે . દક્ષિણ આફ્રિકામાં હવે એ ન્યાયસૂત્રનો પાયો નાબૂદ થયો છે . દક્ષિણ આફ્રિકાની ધારાપોથી ૧૮૮૫ ના અન્યાયપૂર્ણ “ ગોલ્ડ લૉ ” ના કરતાં પણ વધારે કાળા એવા નવા કાયદાઓથી કાળી થયેલી છે .",
                "lines": [
                    "ગમે તેમ હો , પરિણામ રાજદ્વ્રારી મસલતો ઉપર બિલકુલ આધાર નથી રાખતું . આપણે કઈ ચાલ ચલીએ એની ઉપર કશો આધાર નથી . મુદ્દો એ છે કે દક્ષિણ આફ્રિકાની સરકાર હિંદીઓને અલગ કરી કિનારાના ભાગમાં અને ત્યાંથી દેશબહાર કાઢવા માગે છે . જ્યાં સુધી એ સરકારની આ નીતિ બદલાવાની નથી ત્યાં સુધી શાંતિ અશકય છે , શાંતિની આશા રાખવી અશકય છે . બ્રિટિશ સામ્રાજ્ય , દરેક સામ્રાજ્યવાસીની કાયદામાં સમાન સ્થિતિ છે એ સૂત્ર ઉપર રચાયેલું છે . દક્ષિણ આફ્રિકામાં હવે એ ન્યાયસૂત્રનો પાયો નાબૂદ થયો છે . દક્ષિણ આફ્રિકાની ધારાપોથી ૧૮૮૫ ના અન્યાયપૂર્ણ “ ગોલ્ડ લૉ ” ના કરતાં પણ વધારે કાળા એવા નવા કાયદાઓથી કાળી થયેલી છે ."
                ]
            },
            {
                "block_text": "આજની દક્ષિણ આફ્રિકાની સ્થિતિ વિચિત્ર છે . આપણે ૧૯૧૪ માં જે ઉદારતત્ત્વ જોયેલું તે નાશ થયું જણાય છે . કયાંક કયાંક કોઈક કોઈ વિરોધનો અવાજ કાઢે છે , પણ ઘડીકમાં તે શમી જાય છે .",
                "lines": [
                    "આજની દક્ષિણ આફ્રિકાની સ્થિતિ વિચિત્ર છે . આપણે ૧૯૧૪ માં જે ઉદારતત્ત્વ જોયેલું તે નાશ થયું જણાય છે . કયાંક કયાંક કોઈક કોઈ વિરોધનો અવાજ કાઢે છે , પણ ઘડીકમાં તે શમી જાય છે ."
                ]
            },
            {
                "block_text": "વર્ણબાધના અને એશિયાવાસીઓ વિરુદ્ધના કાયદા જેવા બે કાયદા ૧૯૧૪ માં લાવવામાં આવ્યા હોત તો કેવો ખળભળાટ મચત ? કેપ પ્રાંતનાં બધાં ઉદાર બળો સાથે એક થઈ તેની સામે થાત . પણ આજે તો કશો વિરોધ નહોતો એમ કહીએ તો ચાલે . માત્ર કેપના ગણ્યાગાંઠયા સભ્યોએ વિરોધ મત આપ્યો કારણ તેમને પોતાને મત આપનારા હબસીઓના મતની દરકાર હતી અને તે દસની પણ બિચારાઓની હાંસી થઈ !",
                "lines": [
                    "વર્ણબાધના અને એશિયાવાસીઓ વિરુદ્ધના કાયદા જેવા બે કાયદા ૧૯૧૪ માં લાવવામાં આવ્યા હોત તો કેવો ખળભળાટ મચત ? કેપ પ્રાંતનાં બધાં ઉદાર બળો સાથે એક થઈ તેની સામે થાત . પણ આજે તો કશો વિરોધ નહોતો એમ કહીએ તો ચાલે . માત્ર કેપના ગણ્યાગાંઠયા સભ્યોએ વિરોધ મત આપ્યો કારણ તેમને પોતાને મત આપનારા હબસીઓના મતની દરકાર હતી અને તે દસની પણ બિચારાઓની હાંસી થઈ !"
                ]
            }
        ]
    }
}