{
    "page_number": 305,
    "ocr_output": {
        "blocks": [
            {
                "block_text": "વાચકાને સૂચના",
                "lines": [
                    "વાચકાને સૂચના"
                ]
            },
            {
                "block_text": "ગુજરાતી લખાણ ફરીથી પ્રગટ કરતી વખતે મૂળને વધુમાં વધુ વફાદાર રહેવાનો પ્રયત્ન કરવામાં આવ્યો છે . મુદ્રણના દેખીતા દોષો દૂર કરવામાં આવ્યા છે અને મૂળ લખાણમાં સંક્ષિપ્ત હોય તેવા શબ્દો - માખા લખવામાં આવ્યા છે . નામો કે શબ્દોની જુદી જુદી જોડણી સુધારવામાં આવી છે .",
                "lines": [
                    "ગુજરાતી લખાણ ફરીથી પ્રગટ કરતી વખતે મૂળને વધુમાં વધુ વફાદાર રહેવાનો પ્રયત્ન કરવામાં આવ્યો છે . મુદ્રણના દેખીતા દોષો દૂર કરવામાં આવ્યા છે અને મૂળ લખાણમાં સંક્ષિપ્ત હોય તેવા શબ્દો - માખા લખવામાં આવ્યા છે . નામો કે શબ્દોની જુદી જુદી જોડણી સુધારવામાં આવી છે ."
                ]
            },
            {
                "block_text": "મોટા કૌંસમાં આપેલી પ્રાસ્તાવિક નોંધો તથા લેખોની અંદર આપેલી તેવા જ કૌંસમાં મૂકેલી સામગ્રી સંપાદકોએ લખેલી છે . મૂળમાં આવતા ગોળ કૌંસો કાયમ રાખવામાં આવ્યા છે . ગાંધીજીએ ટાંકેલાં ભાષણો , અવતરણો વગેરેનાં મૂળ લખાણો હાંસિયો છોડી ચાલુ ટાઇપમાં જ છાપવામાં આવ્યાં છે . ગાંધીજીના શબ્દોમાં ન હોય તેવાં લખાણો , ભાષણો તથા અદાલતના કામકાજ વગેરેના પરોક્ષ હેવાલો ચાલુ ટાઇપ અને ચાલુ માપમાં પણ પાતળા લેડમાં , એટલે કે લીટીઓ વચ્ચે ચાલુ અંતર કરતાં ઓછું અંતર રાખીને છાપ્યા છે . અંગ્રેજી અને હિંદી લખાણનો તરજુમો , અસલ લખાણને વાદાર રહીને , સરળતાથી સમજી શકાય એ રીતે કરવામાં આવ્યો છે .",
                "lines": [
                    "મોટા કૌંસમાં આપેલી પ્રાસ્તાવિક નોંધો તથા લેખોની અંદર આપેલી તેવા જ કૌંસમાં મૂકેલી સામગ્રી સંપાદકોએ લખેલી છે . મૂળમાં આવતા ગોળ કૌંસો કાયમ રાખવામાં આવ્યા છે . ગાંધીજીએ ટાંકેલાં ભાષણો , અવતરણો વગેરેનાં મૂળ લખાણો હાંસિયો છોડી ચાલુ ટાઇપમાં જ છાપવામાં આવ્યાં છે . ગાંધીજીના શબ્દોમાં ન હોય તેવાં લખાણો , ભાષણો તથા અદાલતના કામકાજ વગેરેના પરોક્ષ હેવાલો ચાલુ ટાઇપ અને ચાલુ માપમાં પણ પાતળા લેડમાં , એટલે કે લીટીઓ વચ્ચે ચાલુ અંતર કરતાં ઓછું અંતર રાખીને છાપ્યા છે . અંગ્રેજી અને હિંદી લખાણનો તરજુમો , અસલ લખાણને વાદાર રહીને , સરળતાથી સમજી શકાય એ રીતે કરવામાં આવ્યો છે ."
                ]
            },
            {
                "block_text": "લખાણની તારીખ , ઉપલબ્ધ હોય અથવા અનુમાનથી નક્કી કરેલી હોય ત્યાં પાનાને મથાળે જમણા હાથ પરના ખૂણામાં દર્શાવવામાં આવી છે . જો મૂળ લખાણ તારીખ વિનાનું મળ્યું હોય તો અનુમાનથી નક્કી , કરેલી તારીખ , જરૂર મુજબ કારણો સાથે મોટા કૌંસમાં આપવામાં આવી છે . લખાણને અંતે લખાણનાં મૂળ તથા તારીખ આપવામાં આવ્યાં છે . એ તારીખ લખાણની પ્રસિદ્ધિની તારીખ છે . ગાંધીજીનાં જે લખાણો તારીખ વિનાનાં હોય અથવા જેની તારીખ ખાસ સંજોગો પ્રમાણે નક્કી થઈ શકી ન હોય તે પ્રગટ થયાની તારીખો પ્રમાણે ગોઠવવામાં આવ્યાં છે .",
                "lines": [
                    "લખાણની તારીખ , ઉપલબ્ધ હોય અથવા અનુમાનથી નક્કી કરેલી હોય ત્યાં પાનાને મથાળે જમણા હાથ પરના ખૂણામાં દર્શાવવામાં આવી છે . જો મૂળ લખાણ તારીખ વિનાનું મળ્યું હોય તો અનુમાનથી નક્કી , કરેલી તારીખ , જરૂર મુજબ કારણો સાથે મોટા કૌંસમાં આપવામાં આવી છે . લખાણને અંતે લખાણનાં મૂળ તથા તારીખ આપવામાં આવ્યાં છે . એ તારીખ લખાણની પ્રસિદ્ધિની તારીખ છે . ગાંધીજીનાં જે લખાણો તારીખ વિનાનાં હોય અથવા જેની તારીખ ખાસ સંજોગો પ્રમાણે નક્કી થઈ શકી ન હોય તે પ્રગટ થયાની તારીખો પ્રમાણે ગોઠવવામાં આવ્યાં છે ."
                ]
            },
            {
                "block_text": "સત્યના પ્રયોગો અથવા આત્મજ્જાનો ઉલ્લેખ એ ગ્રંથની જુદી જુદી આવૃત્તિનાં જુદાં જુદાં પાનાંને લક્ષમાં લેતાં તે ગ્રંથના ભાગ અને પ્રકરણ પૂરતો મર્યાદિત છે .",
                "lines": [
                    "સત્યના પ્રયોગો અથવા આત્મજ્જાનો ઉલ્લેખ એ ગ્રંથની જુદી જુદી આવૃત્તિનાં જુદાં જુદાં પાનાંને લક્ષમાં લેતાં તે ગ્રંથના ભાગ અને પ્રકરણ પૂરતો મર્યાદિત છે ."
                ]
            },
            {
                "block_text": "મૂળ લખાણનાં ટૂંકાક્ષરી લખાણોમાં એસ . એન . એટલે સાબરમતી સંગ્રહાલય , અમદાવાદના ઉપલબ્ધ દસ્તાવેજો ; જી . એન . એટલે ગાંધી સ્મારક નિધિ અને સંગ્રહાલય , નવી દિલ્હીના દસ્તાવેજો ; સી . ડબલ્યુ . એટલે “ કલેકટેડ વર્સ ઑફ મહાત્મા ગાંધી ” એ છૂટક વ્યક્તિઓ પાસેથી મેળવેલા પત્રો .",
                "lines": [
                    "મૂળ લખાણનાં ટૂંકાક્ષરી લખાણોમાં એસ . એન . એટલે સાબરમતી સંગ્રહાલય , અમદાવાદના ઉપલબ્ધ દસ્તાવેજો ; જી . એન . એટલે ગાંધી સ્મારક નિધિ અને સંગ્રહાલય , નવી દિલ્હીના દસ્તાવેજો ; સી . ડબલ્યુ . એટલે “ કલેકટેડ વર્સ ઑફ મહાત્મા ગાંધી ” એ છૂટક વ્યક્તિઓ પાસેથી મેળવેલા પત્રો ."
                ]
            },
            {
                "block_text": "આ ગ્રંથને પ્રસ્તુત હોય તેવી સામગ્રી પરિશિષ્ટમાં આપવામાં આવી છે . લખાણોના આધાર- રૂપ સાહિત્યની યાદી તથા આ ગ્રંથ જે સમયને આવરે છે તેની તારીખવાર નોંધ ગ્રંથના અંત- ભાગમાં આપવામાં આવી છે .",
                "lines": [
                    "આ ગ્રંથને પ્રસ્તુત હોય તેવી સામગ્રી પરિશિષ્ટમાં આપવામાં આવી છે . લખાણોના આધાર- રૂપ સાહિત્યની યાદી તથા આ ગ્રંથ જે સમયને આવરે છે તેની તારીખવાર નોંધ ગ્રંથના અંત- ભાગમાં આપવામાં આવી છે ."
                ]
            },
            {
                "block_text": "આ ગ્રંથમાં મૂળ અંગ્રેજી લખાણની જગ્યાએ , ગાંધીજીએ જાતે લખ્યા હોય એવા લેખો મૂળ ગુજરાતી તરીકે સામેલ કર્યા છે , એ લેખોની ક્રમસંખ્યા નીચે આપી છે ;",
                "lines": [
                    "આ ગ્રંથમાં મૂળ અંગ્રેજી લખાણની જગ્યાએ , ગાંધીજીએ જાતે લખ્યા હોય એવા લેખો મૂળ ગુજરાતી તરીકે સામેલ કર્યા છે , એ લેખોની ક્રમસંખ્યા નીચે આપી છે ;"
                ]
            },
            {
                "block_text": "૧૭ , ૧૭૩ , ૨૭૩ , ૩૭૬ , ૪૩૪ , ૫૩૯ , ૬૮૪ , અને ૬૯૧ .",
                "lines": [
                    "૧૭ , ૧૭૩ , ૨૭૩ , ૩૭૬ , ૪૩૪ , ૫૩૯ , ૬૮૪ , અને ૬૯૧ ."
                ]
            },
            {
                "block_text": "r",
                "lines": [
                    "r"
                ]
            }
        ]
    }
}