{
    "page_number": 3031,
    "ocr_output": {
        "blocks": [
            {
                "block_text": "આજનો મુખ્ય પ્રશ્ન",
                "lines": [
                    "આજનો મુખ્ય પ્રશ્ન"
                ]
            },
            {
                "block_text": "૫",
                "lines": [
                    "૫"
                ]
            },
            {
                "block_text": "તેઓ તો જ ફાવે જો બ્રિટિશ સરકાર અને હિંદુસ્તાન સરકાર બંનેનો તેમને મજબૂત ટૂંકો હોય . આ મળવાની તેમને આશા નથી . હિંદુસ્તાન સરકાર બ્રિટિશ સરકારની છાયામાત્ર છે . અને બ્રિટિશ સરકારનો હાલની દક્ષિણ આફ્રિકાની સરકારને નથી ભય કે નથી દર . ઊલટી , બ્રિટિશ સરકાર ડર્યા કરે છે કે રખેને દક્ષિણ આફ઼િકા સામ્રાજ્યમાંથી નોખું પડી જાય . એટલે કૂતરો પૂંછડી હલાવવાને બદલે પૂંછડી કૂતરાને હલાવે છે . હિંદુસ્તાન ખોઈ બેસવાનો ભય ન હોય ત્યાં સુધી બ્રિટિશ સરકાર કદી દક્ષિણ આફ્રિકાની સામે થવાની નથી . અસહકારની દેખીતી નિષ્ફળતાને લીધે બ્રિટિશ સરકારને હિંદની નિરાધારતા વિશે નવી આશા મળી છે . એટલે હિંદુસ્તાનમાં કંઈક અણધાર્યું ન બને ત્યાં સુધી અણીને વખતે દક્ષિણ આફ્રિકાની તરફ જ ત્રાજવું ઢળવાનું છે . હાલની બેઠકમાં આ કાયદો કદાચ મુલતવી રાખવામાં આવે તોપણ આખરે તે પસાર થશે એ વિશે તો કશી શંકા નથી .",
                "lines": [
                    "તેઓ તો જ ફાવે જો બ્રિટિશ સરકાર અને હિંદુસ્તાન સરકાર બંનેનો તેમને મજબૂત ટૂંકો હોય . આ મળવાની તેમને આશા નથી . હિંદુસ્તાન સરકાર બ્રિટિશ સરકારની છાયામાત્ર છે . અને બ્રિટિશ સરકારનો હાલની દક્ષિણ આફ્રિકાની સરકારને નથી ભય કે નથી દર . ઊલટી , બ્રિટિશ સરકાર ડર્યા કરે છે કે રખેને દક્ષિણ આફ઼િકા સામ્રાજ્યમાંથી નોખું પડી જાય . એટલે કૂતરો પૂંછડી હલાવવાને બદલે પૂંછડી કૂતરાને હલાવે છે . હિંદુસ્તાન ખોઈ બેસવાનો ભય ન હોય ત્યાં સુધી બ્રિટિશ સરકાર કદી દક્ષિણ આફ્રિકાની સામે થવાની નથી . અસહકારની દેખીતી નિષ્ફળતાને લીધે બ્રિટિશ સરકારને હિંદની નિરાધારતા વિશે નવી આશા મળી છે . એટલે હિંદુસ્તાનમાં કંઈક અણધાર્યું ન બને ત્યાં સુધી અણીને વખતે દક્ષિણ આફ્રિકાની તરફ જ ત્રાજવું ઢળવાનું છે . હાલની બેઠકમાં આ કાયદો કદાચ મુલતવી રાખવામાં આવે તોપણ આખરે તે પસાર થશે એ વિશે તો કશી શંકા નથી ."
                ]
            },
            {
                "block_text": "ત્યારે દક્ષિણ આફ્રિકામાં વસતા આપણા દેશબંધુઓએ શું કરવું ? દુનિયામાં સ્વાાયના જેવી એક વસ્તુ નથી . દુનિયા સ્વાાયીને પડખે જ ઊભી રહે છે . અને આ પ્રસંગમાં તેમ જ કદાચ બીજા પ્રસંગમાં પણ સ્વાકાય એટલે સંકટસહન , અને સંકટસહન એટલે સત્યાગ્રહ . જ્યારે આબરૂ જવાની વાત હોય , જ્યારે હકના ઉપર તરાપ મરાતી હોય , જ્યારે નિર્વાહનાં સાધનો સુધ્ધાં જવાનો ભય હોય ત્યારે માણસને સત્યાગ્રહ કરવાનો અધિકાર છે , કર્તવ્ય થઈ પડે છે . ૧૯૦૭ થી ૧૯૧૪ સુધી તેમણે સત્યાગ્રહ કર્યો હતો અને હિંદુસ્તાન સરકારનો ટેકો મેળવ્યો હતો , એટલું જ નહીં પણ યુરોપિયનો અને દક્ષિણ આફ્રિકાની સરકારે તેમની ગણના કરી હતી . કોમને માટે સંકટ સહન કરવાની તેમની આજે પણ ઇચ્છા અને હિંમત હોય તો આજે પણ તેઓ સત્યાગ્રહ કરી શકે છે .",
                "lines": [
                    "ત્યારે દક્ષિણ આફ્રિકામાં વસતા આપણા દેશબંધુઓએ શું કરવું ? દુનિયામાં સ્વાાયના જેવી એક વસ્તુ નથી . દુનિયા સ્વાાયીને પડખે જ ઊભી રહે છે . અને આ પ્રસંગમાં તેમ જ કદાચ બીજા પ્રસંગમાં પણ સ્વાકાય એટલે સંકટસહન , અને સંકટસહન એટલે સત્યાગ્રહ . જ્યારે આબરૂ જવાની વાત હોય , જ્યારે હકના ઉપર તરાપ મરાતી હોય , જ્યારે નિર્વાહનાં સાધનો સુધ્ધાં જવાનો ભય હોય ત્યારે માણસને સત્યાગ્રહ કરવાનો અધિકાર છે , કર્તવ્ય થઈ પડે છે . ૧૯૦૭ થી ૧૯૧૪ સુધી તેમણે સત્યાગ્રહ કર્યો હતો અને હિંદુસ્તાન સરકારનો ટેકો મેળવ્યો હતો , એટલું જ નહીં પણ યુરોપિયનો અને દક્ષિણ આફ્રિકાની સરકારે તેમની ગણના કરી હતી . કોમને માટે સંકટ સહન કરવાની તેમની આજે પણ ઇચ્છા અને હિંમત હોય તો આજે પણ તેઓ સત્યાગ્રહ કરી શકે છે ."
                ]
            },
            {
                "block_text": "પણ એ સમય હજી નથી આવ્યો . મસલતના જે ઉપાય . તેઓ આજે લઈ રહ્યા છે તે બધા તેમણે પૂરા કરવા જોઈએ . હિંદુસ્તાન સરકાર દક્ષિણ આફ્રિકાની સરકાર સાથે જે મસલત ચલાવી રહી છે તે મસલતના પરિણામની તેમણે રાહ જોવી જોઈએ . અને બીજા જે કોઈ પણ માર્ગ બાકી રહ્યા હોય તે શોધી તેનો ઉપયોગ કરી નિષ્ફળ થયા પછી જ સત્યાગ્રહનો માર્ગ તેમને માટે ખુલ્લો થાય છે . તે ઘડીએ સત્યાગ્રહ ન કરવો એ કાયરતા કહેવાય . અને જય અચૂક છે જ , માણસને તેની મરજી વિરુદ્ધ કરાવનાર દુનિયામાં એક પણ સત્તા નથી . અને આ નિયમના સ્વીકારમાંથી જ સત્યાગ્રહ સ્પષ્ટ રીતે ફલિત થાય છે . સંખ્યાબળની સાથે તેને કશો સંબંધ નથી .",
                "lines": [
                    "પણ એ સમય હજી નથી આવ્યો . મસલતના જે ઉપાય . તેઓ આજે લઈ રહ્યા છે તે બધા તેમણે પૂરા કરવા જોઈએ . હિંદુસ્તાન સરકાર દક્ષિણ આફ્રિકાની સરકાર સાથે જે મસલત ચલાવી રહી છે તે મસલતના પરિણામની તેમણે રાહ જોવી જોઈએ . અને બીજા જે કોઈ પણ માર્ગ બાકી રહ્યા હોય તે શોધી તેનો ઉપયોગ કરી નિષ્ફળ થયા પછી જ સત્યાગ્રહનો માર્ગ તેમને માટે ખુલ્લો થાય છે . તે ઘડીએ સત્યાગ્રહ ન કરવો એ કાયરતા કહેવાય . અને જય અચૂક છે જ , માણસને તેની મરજી વિરુદ્ધ કરાવનાર દુનિયામાં એક પણ સત્તા નથી . અને આ નિયમના સ્વીકારમાંથી જ સત્યાગ્રહ સ્પષ્ટ રીતે ફલિત થાય છે . સંખ્યાબળની સાથે તેને કશો સંબંધ નથી ."
                ]
            },
            {
                "block_text": "સત્યાગ્રહના નિયમ સ્પષ્ટ અને અપવાદરહિત છે . કોઈ પણ પ્રકારની હિંસાને તો તેમાં સ્થાન જ નથી . સત્યાગ્રહીનું નિશ્ચિત ધ્યેય — માગણી એવી અને એટલી હોવી જોઈએ કે કોઈ પણ નિષ્પક્ષ અને ન્યાયપુર : સર વિચાર કરનાર માણસ તેની ના પાડી ન શકે , અથવા તેમાંથી કશું ઓછું કરી ન શકે . આપણને અનેક વસ્તુ મેળવવાનો હક હોય પણ સત્યાગ્રહ તો તે જ વસ્તુને માટે થઈ શકે કે જેના વિના સ્વમાન અથવા બીજા શબ્દોમાં કહીએ તો આબભરેલું જીવન , અશકય હોય .",
                "lines": [
                    "સત્યાગ્રહના નિયમ સ્પષ્ટ અને અપવાદરહિત છે . કોઈ પણ પ્રકારની હિંસાને તો તેમાં સ્થાન જ નથી . સત્યાગ્રહીનું નિશ્ચિત ધ્યેય — માગણી એવી અને એટલી હોવી જોઈએ કે કોઈ પણ નિષ્પક્ષ અને ન્યાયપુર : સર વિચાર કરનાર માણસ તેની ના પાડી ન શકે , અથવા તેમાંથી કશું ઓછું કરી ન શકે . આપણને અનેક વસ્તુ મેળવવાનો હક હોય પણ સત્યાગ્રહ તો તે જ વસ્તુને માટે થઈ શકે કે જેના વિના સ્વમાન અથવા બીજા શબ્દોમાં કહીએ તો આબભરેલું જીવન , અશકય હોય ."
                ]
            },
            {
                "block_text": "અને એ શિર સાટેનો સોદો છે એમ પણ તેમણે સમજી લેવું જોઈએ . સત્યાગ્રહ કેવળ બૉસમાં અથવા અખતરાની ખાતર જ ન કરી શકાય . સત્યાગ્રહ સત્યાગ્રહીની લાગણીનું માપ સૂચવે છે . એટલે તે ત્યારે જ થઈ શકે જ્યારે તે કર્યા વિના ચાલે જ નહીં . સત્યને માટે જેટલો ભોગ આપવો પડે તેટલો ઓછો . જ્યારે વિજયની સ્વપ્નેયે ધારણા નથી હોતી ત્યારે અચાનક એકાએક તે આપણને મળી રહે છે . સત્યાગ્રહ કોઈ કાળા માથાના માનવીની મદદ ઉપર આશા રાખીને",
                "lines": [
                    "અને એ શિર સાટેનો સોદો છે એમ પણ તેમણે સમજી લેવું જોઈએ . સત્યાગ્રહ કેવળ બૉસમાં અથવા અખતરાની ખાતર જ ન કરી શકાય . સત્યાગ્રહ સત્યાગ્રહીની લાગણીનું માપ સૂચવે છે . એટલે તે ત્યારે જ થઈ શકે જ્યારે તે કર્યા વિના ચાલે જ નહીં . સત્યને માટે જેટલો ભોગ આપવો પડે તેટલો ઓછો . જ્યારે વિજયની સ્વપ્નેયે ધારણા નથી હોતી ત્યારે અચાનક એકાએક તે આપણને મળી રહે છે . સત્યાગ્રહ કોઈ કાળા માથાના માનવીની મદદ ઉપર આશા રાખીને"
                ]
            }
        ]
    }
}