{
    "page_number": 3049,
    "ocr_output": {
        "blocks": [
            {
                "block_text": "પરિશિષ્ટો",
                "lines": [
                    "પરિશિષ્ટો"
                ]
            },
            {
                "block_text": "૫૩",
                "lines": [
                    "૫૩"
                ]
            },
            {
                "block_text": "આવા કોદ્દા લેનાર નીતિ , કાર્યક્રમ અને એવી બાળનામાં વખતોવખત જે શતા લાવાની જરૂર લાગે તે પાળવા બખાવું જોઈશે .",
                "lines": [
                    "આવા કોદ્દા લેનાર નીતિ , કાર્યક્રમ અને એવી બાળનામાં વખતોવખત જે શતા લાવાની જરૂર લાગે તે પાળવા બખાવું જોઈશે ."
                ]
            },
            {
                "block_text": "૪. કાર પડી ભાંગ્યા",
                "lines": [
                    "૪. કાર પડી ભાંગ્યા"
                ]
            },
            {
                "block_text": "જેથી મેએ અમદાવાદમાં મળેલી મહાસમિતિની સભામાં પઢિત મેતાલ નેહરુએ નહેર કર્યું કે સાબરમતી કરારની શરતના અર્થ ઘટાવવામાં એ કરાર પર સડી કરનારા વચ્ચે હીમ મતભેદ પડવાથી છેલ્લા થોડા દિવસેથી પ્રતિકારવાદીઓ સાથે હું જે વાટાઘાટો ચલાવી રહ્યો હતો તે પડી ભાંગી છે , અને તે કારણે કરાર નકામા નીવડયો છે અને એનું હવે અસ્તિત્વ રહ્યું નથી . પર્વત માળીલાલના આ નિવેદનને મેટ ભારે બહાલ રાખતા એક પત્ર પ્રતિંસહકારવાદીઓ તરફથી આવેલો તે સેક્રેટરીએ વાંચી સંભળાવ્યા હતા .",
                "lines": [
                    "જેથી મેએ અમદાવાદમાં મળેલી મહાસમિતિની સભામાં પઢિત મેતાલ નેહરુએ નહેર કર્યું કે સાબરમતી કરારની શરતના અર્થ ઘટાવવામાં એ કરાર પર સડી કરનારા વચ્ચે હીમ મતભેદ પડવાથી છેલ્લા થોડા દિવસેથી પ્રતિકારવાદીઓ સાથે હું જે વાટાઘાટો ચલાવી રહ્યો હતો તે પડી ભાંગી છે , અને તે કારણે કરાર નકામા નીવડયો છે અને એનું હવે અસ્તિત્વ રહ્યું નથી . પર્વત માળીલાલના આ નિવેદનને મેટ ભારે બહાલ રાખતા એક પત્ર પ્રતિંસહકારવાદીઓ તરફથી આવેલો તે સેક્રેટરીએ વાંચી સંભળાવ્યા હતા ."
                ]
            },
            {
                "block_text": "૫. સતીલાલ નેહરુએ રજૂ કરેલી છ ફોર્મ્યુલા",
                "lines": [
                    "૫. સતીલાલ નેહરુએ રજૂ કરેલી છ ફોર્મ્યુલા"
                ]
            },
            {
                "block_text": "૪ થી તારીખે પ્રતિસહકારવાદી નેતાઓને બીજી ફ્ર્મ્યુલા આપવામાં આવી તેના પાઠ આ પ્રમાણે છે : ૨૧ મી એપ્રિલ , ૧૯૨૬ ના રોજ સાબરમતી મુકામે શ્રીમતી સરેજિની નાયડુ , સર્વેશ્રી લજપતરાય , એમ . એસ . અગ્રે , એમ . આર . જયકર , એન . સી . ળકર , છ . એ . એગલે અને પતિ મૈતીલાલ નેહરુ વચ્ચે થયેલા કરારના સાચા અર્થ શેક થાય એ માબતમાં શંકાએ ઊઠી છે અને મતભેદો ઊભા થયા છે . તે જોતાં તથા કાનપુર  ૉંગ્રેસના ઠરાવ નં . ૭ માં તથા ૬ ઠ્ઠી અને છની માર્ચ , ૧૯૨૬ ના રોજ દિલ્હીમાં મહા- સમિતિએ પસાર કરેલા ઠરાવ નં . ૨ ( શ ) માં નક્કી કરેલા સિદ્ધાંતા , નીતિ અને કાર્યક્રમ સાથે પોતે પૂરેપૂરી સંમત હોવાને કારણે તથા સારામાં સારા સંજોગોમાં પણ કંમુખી રાજ્યપદ્ધતિ કાઈ પણ સ્વરૂપે ચલાવી કાકાય તેમ છે જ નહીં એવી  ાતાની દઢ માન્યતા હોવાથી , મહાસમિતિની આ સજા માને છે કે તમામ શંકાઓ અને મતભેદો દૂર કરવાના તથા સરકાર પાસેથી માગવામાં આવેલા સ્હકારના મુદ્દાનું સાચું સ્વરૂપ શું છે તે દેશ સમક્ષ રજૂ કરવાના હેતુથી ઉક્ત ઠરાવમાં જેના ઉલ્લેખ છે તે સંતાષકારક જવાબ શેને ગણવામાં આવશે તે જણાવવું લાભદાયી છે .",
                "lines": [
                    "૪ થી તારીખે પ્રતિસહકારવાદી નેતાઓને બીજી ફ્ર્મ્યુલા આપવામાં આવી તેના પાઠ આ પ્રમાણે છે : ૨૧ મી એપ્રિલ , ૧૯૨૬ ના રોજ સાબરમતી મુકામે શ્રીમતી સરેજિની નાયડુ , સર્વેશ્રી લજપતરાય , એમ . એસ . અગ્રે , એમ . આર . જયકર , એન . સી . ળકર , છ . એ . એગલે અને પતિ મૈતીલાલ નેહરુ વચ્ચે થયેલા કરારના સાચા અર્થ શેક થાય એ માબતમાં શંકાએ ઊઠી છે અને મતભેદો ઊભા થયા છે . તે જોતાં તથા કાનપુર  ૉંગ્રેસના ઠરાવ નં . ૭ માં તથા ૬ ઠ્ઠી અને છની માર્ચ , ૧૯૨૬ ના રોજ દિલ્હીમાં મહા- સમિતિએ પસાર કરેલા ઠરાવ નં . ૨ ( શ ) માં નક્કી કરેલા સિદ્ધાંતા , નીતિ અને કાર્યક્રમ સાથે પોતે પૂરેપૂરી સંમત હોવાને કારણે તથા સારામાં સારા સંજોગોમાં પણ કંમુખી રાજ્યપદ્ધતિ કાઈ પણ સ્વરૂપે ચલાવી કાકાય તેમ છે જ નહીં એવી  ાતાની દઢ માન્યતા હોવાથી , મહાસમિતિની આ સજા માને છે કે તમામ શંકાઓ અને મતભેદો દૂર કરવાના તથા સરકાર પાસેથી માગવામાં આવેલા સ્હકારના મુદ્દાનું સાચું સ્વરૂપ શું છે તે દેશ સમક્ષ રજૂ કરવાના હેતુથી ઉક્ત ઠરાવમાં જેના ઉલ્લેખ છે તે સંતાષકારક જવાબ શેને ગણવામાં આવશે તે જણાવવું લાભદાયી છે ."
                ]
            },
            {
                "block_text": "તેથી એવું ઠરાવવામાં આવે છે કે :",
                "lines": [
                    "તેથી એવું ઠરાવવામાં આવે છે કે :"
                ]
            },
            {
                "block_text": "( ૧ ) ૮ મી ફેબ્રુઆરી , ૧૯૨૫ ને રાજ વડી ધારાસભાએ પસાર કરેલા ઠરાવમાં રહેલા સિદ્ધાંતના સરકાર સ્વીકાર કરે , તે સંપૂર્ણ જવાબદાર રાજ્યતંત્રની રાષ્ટ્રીય માગણીના સરકારે સંતોષકારક જવાબ આપ્યો ગણાશે . અને ૯ મી સપ્ટેમ્બર , ૧૯ રપને રાજ વડી ધારાસભાએ પસાર કરેલા ઠરાવમાં સૂચવેલાં વિવિધ પગલાંના તે સરકાર તાકાલિક અમલ કરે , તે તે હાલ તુરંત સદર સિદ્ધાંતના પ્રતા અમલ થયે . માનવામાં આવશે .",
                "lines": [
                    "( ૧ ) ૮ મી ફેબ્રુઆરી , ૧૯૨૫ ને રાજ વડી ધારાસભાએ પસાર કરેલા ઠરાવમાં રહેલા સિદ્ધાંતના સરકાર સ્વીકાર કરે , તે સંપૂર્ણ જવાબદાર રાજ્યતંત્રની રાષ્ટ્રીય માગણીના સરકારે સંતોષકારક જવાબ આપ્યો ગણાશે . અને ૯ મી સપ્ટેમ્બર , ૧૯ રપને રાજ વડી ધારાસભાએ પસાર કરેલા ઠરાવમાં સૂચવેલાં વિવિધ પગલાંના તે સરકાર તાકાલિક અમલ કરે , તે તે હાલ તુરંત સદર સિદ્ધાંતના પ્રતા અમલ થયે . માનવામાં આવશે ."
                ]
            },
            {
                "block_text": "( ૨ ) ૯ મી સપ્ટેમ્બર , ૧૯૬૫ ને રાજ વડી ધારાસભાએ પસાર કરેલા ઠરાવમાં જણાવેલાં પગલાં ઉપરાંત બીજાં પગલાં લઈને સરકાર તે એવી ગેરંટી માપતી કેય કે નજીકના ભવિષ્યમાં જવાબદાર રાજ્યતંત્ર એના પૂરેપૂરા અર્થમાં આભાપ આવી . જરો , અને તે દરમ્યાન , તે પ્રાંતામાં યત : સંપૂર્ણ જવાબદાર રાજ્યતંત્ર આપવામાં આવે , તે . આ રીતે સરકારે આપેલા પ્રત્યુત્તર પ્રાંતામાં પ્રધાનપદાં સ્વીકારવા તથા પ્રાંતિક ભૂરા પર એમના ગુણદોષની દષ્ટિથી વિચાર કરવા માટે પ્રાંતા પૂરતા પર્યાપ્ત માનવામાં આવશે . પરંતુ એમાં એવી રાવત રહેશે કે સરકારે લીધેલાં પગલાંમાં તે નીચેની બાબતોનો સમાવેશ નહીં થાય તે એ પ્રત્યુત્તર પર્યાપ્ત નહીં ગણાય :",
                "lines": [
                    "( ૨ ) ૯ મી સપ્ટેમ્બર , ૧૯૬૫ ને રાજ વડી ધારાસભાએ પસાર કરેલા ઠરાવમાં જણાવેલાં પગલાં ઉપરાંત બીજાં પગલાં લઈને સરકાર તે એવી ગેરંટી માપતી કેય કે નજીકના ભવિષ્યમાં જવાબદાર રાજ્યતંત્ર એના પૂરેપૂરા અર્થમાં આભાપ આવી . જરો , અને તે દરમ્યાન , તે પ્રાંતામાં યત : સંપૂર્ણ જવાબદાર રાજ્યતંત્ર આપવામાં આવે , તે . આ રીતે સરકારે આપેલા પ્રત્યુત્તર પ્રાંતામાં પ્રધાનપદાં સ્વીકારવા તથા પ્રાંતિક ભૂરા પર એમના ગુણદોષની દષ્ટિથી વિચાર કરવા માટે પ્રાંતા પૂરતા પર્યાપ્ત માનવામાં આવશે . પરંતુ એમાં એવી રાવત રહેશે કે સરકારે લીધેલાં પગલાંમાં તે નીચેની બાબતોનો સમાવેશ નહીં થાય તે એ પ્રત્યુત્તર પર્યાપ્ત નહીં ગણાય :"
                ]
            },
            {
                "block_text": "( ક ) કાયદેસર સ્થપાયેલી ભાલતમાં ગુનેગાર ઠરાવ્યા સિવાય અત્યારે અટમાં રાખવામાં આવેલા તમામ રાજદ્વારી કરીને છેડી મૂક્યા અથવા એમના પર કાયદેસર કામ ચલાવવું .",
                "lines": [
                    "( ક ) કાયદેસર સ્થપાયેલી ભાલતમાં ગુનેગાર ઠરાવ્યા સિવાય અત્યારે અટમાં રાખવામાં આવેલા તમામ રાજદ્વારી કરીને છેડી મૂક્યા અથવા એમના પર કાયદેસર કામ ચલાવવું ."
                ]
            },
            {
                "block_text": "( ખ ) તમામ મતકારી કાયદા રદ કરવા .",
                "lines": [
                    "( ખ ) તમામ મતકારી કાયદા રદ કરવા ."
                ]
            },
            {
                "block_text": "૧. ભાગ ૧ , ૨ અને ૩ ૧૯૬૬ ના એપ્રિલના , રિબન ચિની ડીયામાં આવ્યા છે ; અને સાગ ૪ , ૫ , અને ૧૬ એ જ માસિકના મે , ૧૯૬૬ ના અંકમાંથી ઊષામાં આવ્ય",
                "lines": [
                    "૧. ભાગ ૧ , ૨ અને ૩ ૧૯૬૬ ના એપ્રિલના , રિબન ચિની ડીયામાં આવ્યા છે ; અને સાગ ૪ , ૫ , અને ૧૬ એ જ માસિકના મે , ૧૯૬૬ ના અંકમાંથી ઊષામાં આવ્ય"
                ]
            },
            {
                "block_text": "ગાં . અ . - ૩૦-૩૮ .",
                "lines": [
                    "ગાં . અ . - ૩૦-૩૮ ."
                ]
            }
        ]
    }
}