{
    "page_number": 303,
    "ocr_output": {
        "blocks": [
            {
                "block_text": "૬",
                "lines": [
                    "૬"
                ]
            },
            {
                "block_text": "ગોઝારી પ્રથા ” ને કાયદાનું સમર્થન મળતું હતું ( પા . પ ૦૦ ) . ભારત સરકારે એના જાહેરનામામાં આપેલી બાંયધરીઓને એમણે “ નો ઢોંગ ” ( પા . ૫૩૬ ) માન્યો .",
                "lines": [
                    "ગોઝારી પ્રથા ” ને કાયદાનું સમર્થન મળતું હતું ( પા . પ ૦૦ ) . ભારત સરકારે એના જાહેરનામામાં આપેલી બાંયધરીઓને એમણે “ નો ઢોંગ ” ( પા . ૫૩૬ ) માન્યો ."
                ]
            },
            {
                "block_text": "અસ્પૃશ્યતાનો પ્રશ્ન હિંદુસ્તાનમાંનો એક એવો જ અન્યાયનો પ્રશ્ન હતો . ગાંધીજી પોતાનાં લખાણોમાં તેમ જ રચનાત્મક કાર્ય દ્વારા એના પર તીવ્ર પ્રહારો કરતા રહ્યા . અસ્પૃશ્યોની દુર્દશા વિશે યંગ રૂન્ક્રિયામાં લખતાં એમણે કહ્યું કે માનવ અધિકારો છીનવી લેવા બાબતમાં અસ્પૃશ્યોની દશા , દક્ષિણ આફ્રિકામાં વસતા હિંદીઓની દશા જેવી જ છે ( પા . ૩૭૦ ) .",
                "lines": [
                    "અસ્પૃશ્યતાનો પ્રશ્ન હિંદુસ્તાનમાંનો એક એવો જ અન્યાયનો પ્રશ્ન હતો . ગાંધીજી પોતાનાં લખાણોમાં તેમ જ રચનાત્મક કાર્ય દ્વારા એના પર તીવ્ર પ્રહારો કરતા રહ્યા . અસ્પૃશ્યોની દુર્દશા વિશે યંગ રૂન્ક્રિયામાં લખતાં એમણે કહ્યું કે માનવ અધિકારો છીનવી લેવા બાબતમાં અસ્પૃશ્યોની દશા , દક્ષિણ આફ્રિકામાં વસતા હિંદીઓની દશા જેવી જ છે ( પા . ૩૭૦ ) ."
                ]
            },
            {
                "block_text": "દારૂ અને કેફી પદાર્થોના વ્યસન જેવાં સામાજિક દૂષણોનો પોતાનો વિરોધ પણ ગાંધીજી જાહેર કરતા રહ્યા . હરબર્ટ એંડરસનના ત્રિમાસિક પત્ર પ્રોિિવરાનને મોકલેલા પોતાના સંદેશામાં એમણે પિકેટિંગનો બચાવ કર્યો અને લખ્યું કે : “ કાયમ ટકે એવો એકમાત્ર ઉપાય સંપૂર્ણ દારૂનિષેધ છે , કેમ કે દારૂડિયો તો એક રોગગ્રસ્ત માણસ છે , જે પોતાની મેળે દારૂ છોડે એ બિલકુલ અસંભવિત છે . સંપૂર્ણ દાનિષેધના રૂપમાં બહારની મદદ મળે તો એમનામાંના ઘણા એને ખુશીથી આવકારશે . . . ” ( પા . ૨૧૬-૭ ) .",
                "lines": [
                    "દારૂ અને કેફી પદાર્થોના વ્યસન જેવાં સામાજિક દૂષણોનો પોતાનો વિરોધ પણ ગાંધીજી જાહેર કરતા રહ્યા . હરબર્ટ એંડરસનના ત્રિમાસિક પત્ર પ્રોિિવરાનને મોકલેલા પોતાના સંદેશામાં એમણે પિકેટિંગનો બચાવ કર્યો અને લખ્યું કે : “ કાયમ ટકે એવો એકમાત્ર ઉપાય સંપૂર્ણ દારૂનિષેધ છે , કેમ કે દારૂડિયો તો એક રોગગ્રસ્ત માણસ છે , જે પોતાની મેળે દારૂ છોડે એ બિલકુલ અસંભવિત છે . સંપૂર્ણ દાનિષેધના રૂપમાં બહારની મદદ મળે તો એમનામાંના ઘણા એને ખુશીથી આવકારશે . . . ” ( પા . ૨૧૬-૭ ) ."
                ]
            },
            {
                "block_text": "દેશમાં પ્રવર્તતા કોમી અવિશ્વાસ અને કુસંપે ગાંધીજીને અત્યંત દુ : ખી કર્યા . બે મોટી કોમો વચ્ચેની વધતી જતી ખાઈને પોતે પૂરી શકે એમ નથી એવું એમને લાગ્યા કરતું હતું . એટલે એમણે લખ્યું કે : “ આજે મારું બોલેલું નકામું છે ” ( પા . ૩૬૨ ) . દેશમાં પડેલા ભાગલાએ કોંગ્રેસ સંસ્થામાં પણ ડોકું કાઢયું . તેમનો પોતાનો અભિપ્રાય તો નિ : સંદેહ કાઉન્સિલ- પ્રવેશની વિરુદ્ધ હતો ( પા . ૩૬૧ ) . પણ તેઓ સૌથી વધારે દુ : ખી તો ત્યારે થયા જ્યારે મહા- સમિતિની ૪ થી અને ૫ મી મેની બેઠકમાં સ્વરાજ્યવાદીઓ અને પ્રતિ - સહકારવાદીઓ વચ્ચેનો “ સાબરમતી કરાર ” ભાંગી પડયો . મૌલાના અબુલ કલામ આઝાદ ઉપરના પત્રમાં એમણે લખ્યું : “ આપણામાંના સર્વોચ્ચ નેતાઓ પણ એકબીજા પ્રત્યે અવિશ્વાસ રાખે છે . . . ( પા . ૪૦૬ ) .",
                "lines": [
                    "દેશમાં પ્રવર્તતા કોમી અવિશ્વાસ અને કુસંપે ગાંધીજીને અત્યંત દુ : ખી કર્યા . બે મોટી કોમો વચ્ચેની વધતી જતી ખાઈને પોતે પૂરી શકે એમ નથી એવું એમને લાગ્યા કરતું હતું . એટલે એમણે લખ્યું કે : “ આજે મારું બોલેલું નકામું છે ” ( પા . ૩૬૨ ) . દેશમાં પડેલા ભાગલાએ કોંગ્રેસ સંસ્થામાં પણ ડોકું કાઢયું . તેમનો પોતાનો અભિપ્રાય તો નિ : સંદેહ કાઉન્સિલ- પ્રવેશની વિરુદ્ધ હતો ( પા . ૩૬૧ ) . પણ તેઓ સૌથી વધારે દુ : ખી તો ત્યારે થયા જ્યારે મહા- સમિતિની ૪ થી અને ૫ મી મેની બેઠકમાં સ્વરાજ્યવાદીઓ અને પ્રતિ - સહકારવાદીઓ વચ્ચેનો “ સાબરમતી કરાર ” ભાંગી પડયો . મૌલાના અબુલ કલામ આઝાદ ઉપરના પત્રમાં એમણે લખ્યું : “ આપણામાંના સર્વોચ્ચ નેતાઓ પણ એકબીજા પ્રત્યે અવિશ્વાસ રાખે છે . . . ( પા . ૪૦૬ ) ."
                ]
            },
            {
                "block_text": "આમ ચોતરફ નિષ્ફળતા અને નિરાશા વ્યાપેલી જોઈ ગાંધીજી પોતાના રચનાત્મક કાર્યક્રમ તરફ વળ્યા અને એમાં એમનો ઉત્સાહ દિન - પ્રતિ - દિન વધતો જ ગયો એમાં નવાઈ પામવા જેવું નથી . હિંદુસ્તાનની ગરીબી ફેડવાનો ઉપાય રેંટિયો જ છે એ વાત તેઓ નવનીયન અને યંગ રૂન્ડિયામાં ફરી ફરીને સમજાવતા રહ્યા . માર્ચની ૧૭ મીએ થયેલી કંથેરાઈન મેયો સાથેની વાતચીતમાં ( પા . ૧૧૭-૨૨ ) તથા ૨૬ મી માર્ચના એ બહેન ઉપરના પત્રમાં ( પા . ૧૭૩-૪ ) સમજાવ્યું છે તે રીતે એમણે રેંટિયાનું અર્થશાસ્ત્ર વિસ્તારથી સમજાવવાની તસ્દી લીધી . ડગી ગયેલા સાથીઓને આપેલા એમના જવાબમાં આપણે જોઈએ છીએ કે એમના હૃદયના ઊંડાણમાં એક એવી આસ્થા બેઠેલી હતી કે : “ કોઈ પણ સુધારો શરૂઆતમાં ગમે તેટલો અસંભવત લાગતો હોય તોપણ એ કરવા માટે એક સાચો માણસ બસ થાય છે . ” સંભવ છે કે આવા માણસને બદલામાં હાંસી , તિરસ્કાર અને મૃત્યુ જ મળે . અને ઘણી વાર એવું બને છે પણ ખરું . એ માણસ ખતમ થઈ જાય તોપણ એણે આદરેલા સુધારા ટકી રહે છે અને આગળ વધે છે . તે પોતાના લોહી વડે એ સુધારાને ચિરંજીવ બનાવતો જાય છે ” ( પા . ૩૬૮ ) .",
                "lines": [
                    "આમ ચોતરફ નિષ્ફળતા અને નિરાશા વ્યાપેલી જોઈ ગાંધીજી પોતાના રચનાત્મક કાર્યક્રમ તરફ વળ્યા અને એમાં એમનો ઉત્સાહ દિન - પ્રતિ - દિન વધતો જ ગયો એમાં નવાઈ પામવા જેવું નથી . હિંદુસ્તાનની ગરીબી ફેડવાનો ઉપાય રેંટિયો જ છે એ વાત તેઓ નવનીયન અને યંગ રૂન્ડિયામાં ફરી ફરીને સમજાવતા રહ્યા . માર્ચની ૧૭ મીએ થયેલી કંથેરાઈન મેયો સાથેની વાતચીતમાં ( પા . ૧૧૭-૨૨ ) તથા ૨૬ મી માર્ચના એ બહેન ઉપરના પત્રમાં ( પા . ૧૭૩-૪ ) સમજાવ્યું છે તે રીતે એમણે રેંટિયાનું અર્થશાસ્ત્ર વિસ્તારથી સમજાવવાની તસ્દી લીધી . ડગી ગયેલા સાથીઓને આપેલા એમના જવાબમાં આપણે જોઈએ છીએ કે એમના હૃદયના ઊંડાણમાં એક એવી આસ્થા બેઠેલી હતી કે : “ કોઈ પણ સુધારો શરૂઆતમાં ગમે તેટલો અસંભવત લાગતો હોય તોપણ એ કરવા માટે એક સાચો માણસ બસ થાય છે . ” સંભવ છે કે આવા માણસને બદલામાં હાંસી , તિરસ્કાર અને મૃત્યુ જ મળે . અને ઘણી વાર એવું બને છે પણ ખરું . એ માણસ ખતમ થઈ જાય તોપણ એણે આદરેલા સુધારા ટકી રહે છે અને આગળ વધે છે . તે પોતાના લોહી વડે એ સુધારાને ચિરંજીવ બનાવતો જાય છે ” ( પા . ૩૬૮ ) ."
                ]
            },
            {
                "block_text": "અહિંસા વિશે પણ તેઓ એટલા જ મક્કમ હતા . તેઓ માનતા કે અહિંસક બનવા માટે લોકોએ મથામણ કર્યા જ કરવી જોઈએ . આ સિદ્ધાંતના ટીકાકારોએ “ દૂર દૂર આવેલા અમે- રિકાથી ” નામના લેખમાં દર્શાવ્યા પ્રમાણે એના વ્યવહારુપણા વિશે શંકાના અવાજ ઉઠાવ્યા ત્યારે",
                "lines": [
                    "અહિંસા વિશે પણ તેઓ એટલા જ મક્કમ હતા . તેઓ માનતા કે અહિંસક બનવા માટે લોકોએ મથામણ કર્યા જ કરવી જોઈએ . આ સિદ્ધાંતના ટીકાકારોએ “ દૂર દૂર આવેલા અમે- રિકાથી ” નામના લેખમાં દર્શાવ્યા પ્રમાણે એના વ્યવહારુપણા વિશે શંકાના અવાજ ઉઠાવ્યા ત્યારે"
                ]
            }
        ]
    }
}