{
    "page_number": 306,
    "ocr_output": {
        "blocks": [
            {
                "block_text": "ઋણુસ્વીકાર",
                "lines": [
                    "ઋણુસ્વીકાર"
                ]
            },
            {
                "block_text": "આ પુસ્તકની સામગ્રી માટે અમે સાબરમતી આશ્રામ સંરક્ષક અને સ્મારક ટ્રસ્ટ અને સંગ્રહાલય ; નવજીવન ટ્રસ્ટ અને ગૂજરાત વિદ્યાપીઠ ગ્રંથાલય , અમદાવાદ ; ગાંધી સ્મારક નિધિ અને સંગ્રહાલય તથા નેશનલ આર્કાઇવ્ઝ ઑફ ઈન્ડિયા , નવી દિલ્હી ; શ્રીમતી મીરાંબહેન , ગાર્ડન , ઑસ્ટ્રિયા ; શ્રીમતી સુશીલાબહેન ગાંધી , ફીનિકસ , ડરબન , શ્રીમતી વસુમતી પંડિત , સુરત ; શ્રીમતી તેહમીના ખંભાતા , મુંબઈ ; શ્રી ઘનશ્યામદાસ બિરલા , કલકત્તા , શ્રી ડાહ્યાભાઈ પટેલ , ધોળકા ; શ્રી શિવાભાઈ પટેલ , બોચાસણ ; શ્રી પરસરામ મેહરોત્રા , નવી દિલ્હી ; શ્રી મહેશ એ . પટ્ટણી , ભાવનગર ; શ્રી હરિભાઉ ગણેશ ફાટક , પૂના ; શ્રી શાંતિકુમાર મોરારજી , મુંબઈ ; તથા નીચેનાં પુસ્તકોના પ્રકાશકોના આભારી છીએ : ટાદ જૂના પત્રો , વાપુના પત્રો -૪ : મળિયફ્રેન દેને , દ્વાપુની પ્રસારી , વાપુલ જેટલું ટુ મીરાં , છૉનિમ્ન , માય ડિયર વાલ્ડ , વાંચવું પુત્રો વજુ આશીર્વાદ , વિઠ્ઠલ્હમા પટેલ- છા ઍન્ડ ટામ્સ",
                "lines": [
                    "આ પુસ્તકની સામગ્રી માટે અમે સાબરમતી આશ્રામ સંરક્ષક અને સ્મારક ટ્રસ્ટ અને સંગ્રહાલય ; નવજીવન ટ્રસ્ટ અને ગૂજરાત વિદ્યાપીઠ ગ્રંથાલય , અમદાવાદ ; ગાંધી સ્મારક નિધિ અને સંગ્રહાલય તથા નેશનલ આર્કાઇવ્ઝ ઑફ ઈન્ડિયા , નવી દિલ્હી ; શ્રીમતી મીરાંબહેન , ગાર્ડન , ઑસ્ટ્રિયા ; શ્રીમતી સુશીલાબહેન ગાંધી , ફીનિકસ , ડરબન , શ્રીમતી વસુમતી પંડિત , સુરત ; શ્રીમતી તેહમીના ખંભાતા , મુંબઈ ; શ્રી ઘનશ્યામદાસ બિરલા , કલકત્તા , શ્રી ડાહ્યાભાઈ પટેલ , ધોળકા ; શ્રી શિવાભાઈ પટેલ , બોચાસણ ; શ્રી પરસરામ મેહરોત્રા , નવી દિલ્હી ; શ્રી મહેશ એ . પટ્ટણી , ભાવનગર ; શ્રી હરિભાઉ ગણેશ ફાટક , પૂના ; શ્રી શાંતિકુમાર મોરારજી , મુંબઈ ; તથા નીચેનાં પુસ્તકોના પ્રકાશકોના આભારી છીએ : ટાદ જૂના પત્રો , વાપુના પત્રો -૪ : મળિયફ્રેન દેને , દ્વાપુની પ્રસારી , વાપુલ જેટલું ટુ મીરાં , છૉનિમ્ન , માય ડિયર વાલ્ડ , વાંચવું પુત્રો વજુ આશીર્વાદ , વિઠ્ઠલ્હમા પટેલ- છા ઍન્ડ ટામ્સ"
                ]
            },
            {
                "block_text": "નીચેનાં વર્તમાનપત્રો તથા સામયિકોના પણ અમે આભારી છીએ : મૅમ્યું કાનિષ્ટ , ફૅાર- વર્ક , શુગરાતી , āિવી નવનીવન , હિન્દૂ , હિંદુસ્તાન ટાફમ્સ , રૂન્ડિયન રિવ્યૂ , સ્ટીકર , નવીવન અને યંગ ૬ ન્ડિયા .",
                "lines": [
                    "નીચેનાં વર્તમાનપત્રો તથા સામયિકોના પણ અમે આભારી છીએ : મૅમ્યું કાનિષ્ટ , ફૅાર- વર્ક , શુગરાતી , āિવી નવનીવન , હિન્દૂ , હિંદુસ્તાન ટાફમ્સ , રૂન્ડિયન રિવ્યૂ , સ્ટીકર , નવીવન અને યંગ ૬ ન્ડિયા ."
                ]
            },
            {
                "block_text": "સંશોધન અને સંદર્ભગ્રંથોની સગવડો માટે ઑલ ઇન્ડિયા કોંગ્રેસ કમિટી પુસ્તકાલય , ઇન્ડિ- યન કાઉન્સિલ ઓફ વર્લ્ડ ઍફેર્સ પુસ્તકાલય , માહિતી અને પ્રસારણ મંત્ર્યાલયનો સંશોધન અને સંદર્ભ વિભાગ , નવી દિલ્હી ; સાબરમતી સંગ્રહાલય અને ગૂજરાત વિદ્યાપીઠ ગ્રંથાલય , અમદાવાદ ; અને શ્રી પ્યારેલાલ નય્યર , નવી દિલ્હી ; તેમ જ દસ્તાવેજો તૈયાર કરવામાં સહાય કરવા માટે માહિતી અને પ્રસારણ મંત્રાલયનો ફોટો વિભાગ , નવી દિલ્હી ; અમારા આભારને પાત્ર છે .",
                "lines": [
                    "સંશોધન અને સંદર્ભગ્રંથોની સગવડો માટે ઑલ ઇન્ડિયા કોંગ્રેસ કમિટી પુસ્તકાલય , ઇન્ડિ- યન કાઉન્સિલ ઓફ વર્લ્ડ ઍફેર્સ પુસ્તકાલય , માહિતી અને પ્રસારણ મંત્ર્યાલયનો સંશોધન અને સંદર્ભ વિભાગ , નવી દિલ્હી ; સાબરમતી સંગ્રહાલય અને ગૂજરાત વિદ્યાપીઠ ગ્રંથાલય , અમદાવાદ ; અને શ્રી પ્યારેલાલ નય્યર , નવી દિલ્હી ; તેમ જ દસ્તાવેજો તૈયાર કરવામાં સહાય કરવા માટે માહિતી અને પ્રસારણ મંત્રાલયનો ફોટો વિભાગ , નવી દિલ્હી ; અમારા આભારને પાત્ર છે ."
                ]
            },
            {
                "block_text": "ર્",
                "lines": [
                    "ર્"
                ]
            }
        ]
    }
}