{
    "page_number": 3048,
    "ocr_output": {
        "blocks": [
            {
                "block_text": "ગાંધીજીનો અક્ષરદેહ",
                "lines": [
                    "ગાંધીજીનો અક્ષરદેહ"
                ]
            },
            {
                "block_text": "પર",
                "lines": [
                    "પર"
                ]
            },
            {
                "block_text": "આથી નીચે સરી કરનારા વચ્ચે મહાસમિતિની બહાલી મળવાની શરતે કરાર કરવામાં આવે ૐ કે મિોનેસ્ટીને પાતાની ફતેસારી રીતે બનવા માટે જેસત્તા , જવાબદારી અને પઢેલ કરવાની છૂટ જોઈએ તે ને સરકાર એમને આપશે તા ૧૯૨૬ ના માર્ચ માસની ૬ ઠ્ઠી અને ૭ મી તારીખેાએ મહાસમિતિએ પસાર કરેલા ઠરાવ નં . ૧-૩ ( ૪ ) ની કલમ ( ૬ ) અને ( ક ) ના હેતુ માટે સરકારે આપેલા સર્જકાર પ્રાંતા પૂરતા સંતાષકારક ગણાશે . દરેક પ્રાંતમાં આ રીતે અપાયેલી સત્તા , જવાબદારી અને પહેલ કરવાની ઢ પૂરતી છે કે નહીં તેના નિર્ણય પ્રથમ તો જે તે પ્રાંતની ધારાસભાના કોંગેસી સભ્ય કરશે , અને પછી એમના ના , પતિ માીય નેતુ અને શ્રી એમ . ગ્યાર . જયકરની બનેલી એક સમિતિએ બહાલ રાખવાનો રહેતો .",
                "lines": [
                    "આથી નીચે સરી કરનારા વચ્ચે મહાસમિતિની બહાલી મળવાની શરતે કરાર કરવામાં આવે ૐ કે મિોનેસ્ટીને પાતાની ફતેસારી રીતે બનવા માટે જેસત્તા , જવાબદારી અને પઢેલ કરવાની છૂટ જોઈએ તે ને સરકાર એમને આપશે તા ૧૯૨૬ ના માર્ચ માસની ૬ ઠ્ઠી અને ૭ મી તારીખેાએ મહાસમિતિએ પસાર કરેલા ઠરાવ નં . ૧-૩ ( ૪ ) ની કલમ ( ૬ ) અને ( ક ) ના હેતુ માટે સરકારે આપેલા સર્જકાર પ્રાંતા પૂરતા સંતાષકારક ગણાશે . દરેક પ્રાંતમાં આ રીતે અપાયેલી સત્તા , જવાબદારી અને પહેલ કરવાની ઢ પૂરતી છે કે નહીં તેના નિર્ણય પ્રથમ તો જે તે પ્રાંતની ધારાસભાના કોંગેસી સભ્ય કરશે , અને પછી એમના ના , પતિ માીય નેતુ અને શ્રી એમ . ગ્યાર . જયકરની બનેલી એક સમિતિએ બહાલ રાખવાનો રહેતો ."
                ]
            },
            {
                "block_text": "ખીનું એમ ઠરાવવામાં આવે છે કે કોંગ્રેસ પક્ષની મતીવાળા પ્રાંતા – મુંબઈ મહારાષ્ટ્ર , બિદ્યાર અને મધ્ય પ્રાંત - મરાડી , એટલા પ્રાંતમાં જે કંઈ વિખવાદ કરો તે બધાનો નિકાલ ઉક્ત સમિતિ કરશે . નીચે સહી કરનારાઓએ આ કરાર પર તપાતાની અંગત દુષિતથી સહી કરેલી છે ; એટલે એને ખવાથી માટે વરાજ્ય પક્ષની તથા પ્રતિકાર પણ પેંન્સિલ પ્રભાવન પાર્ટીની કારાબારી સમિત સમક્ષ રન્તુ કરવામાં આવશે . મહાસમિતિની બહાલી માટે આ કરાર સાબરમતી મુકામે આવતા મે માસની પમી અને ૬ ઠ્ઠી તારીખેાએ ખેલાવવામાં આવનાર એની બેઠક સમક્ષ રજૂ કરવામાં આવશે .",
                "lines": [
                    "ખીનું એમ ઠરાવવામાં આવે છે કે કોંગ્રેસ પક્ષની મતીવાળા પ્રાંતા – મુંબઈ મહારાષ્ટ્ર , બિદ્યાર અને મધ્ય પ્રાંત - મરાડી , એટલા પ્રાંતમાં જે કંઈ વિખવાદ કરો તે બધાનો નિકાલ ઉક્ત સમિતિ કરશે . નીચે સહી કરનારાઓએ આ કરાર પર તપાતાની અંગત દુષિતથી સહી કરેલી છે ; એટલે એને ખવાથી માટે વરાજ્ય પક્ષની તથા પ્રતિકાર પણ પેંન્સિલ પ્રભાવન પાર્ટીની કારાબારી સમિત સમક્ષ રન્તુ કરવામાં આવશે . મહાસમિતિની બહાલી માટે આ કરાર સાબરમતી મુકામે આવતા મે માસની પમી અને ૬ ઠ્ઠી તારીખેાએ ખેલાવવામાં આવનાર એની બેઠક સમક્ષ રજૂ કરવામાં આવશે ."
                ]
            },
            {
                "block_text": "આ સમાધાન પર સાબરમતી મુકામે ૧૯૨૬ ના એપ્રિલ માસની ૧૧ મી તારીખે સાજિની નાયડુ , મોતીલાલ નેહરુ , લજપતરાય , એમ . આર . જયકર , એન . સી . કુળકર , બી . એસ . સું , એમ . એસ . અરે , ડી . વી . ગોખલે , જી . એ . આગલે , —એટલા જણે સહીઓ કરી છે .",
                "lines": [
                    "આ સમાધાન પર સાબરમતી મુકામે ૧૯૨૬ ના એપ્રિલ માસની ૧૧ મી તારીખે સાજિની નાયડુ , મોતીલાલ નેહરુ , લજપતરાય , એમ . આર . જયકર , એન . સી . કુળકર , બી . એસ . સું , એમ . એસ . અરે , ડી . વી . ગોખલે , જી . એ . આગલે , —એટલા જણે સહીઓ કરી છે ."
                ]
            },
            {
                "block_text": "૨. મહાસંમત્તિના વિડીના હાથ",
                "lines": [
                    "૨. મહાસંમત્તિના વિડીના હાથ"
                ]
            },
            {
                "block_text": "દિલ્હીમાં મળેલી મહાસમિતિની બેઠક પસાર કરેલા ઠરાવ નં . ૨ રૂ ( ૪ ) ની જે મેાના ઉપરના કરારમાં ઉલ્લેખ થયો છે તેમાં લખ્યું છે કે",
                "lines": [
                    "દિલ્હીમાં મળેલી મહાસમિતિની બેઠક પસાર કરેલા ઠરાવ નં . ૨ રૂ ( ૪ ) ની જે મેાના ઉપરના કરારમાં ઉલ્લેખ થયો છે તેમાં લખ્યું છે કે"
                ]
            },
            {
                "block_text": "( ૬ ) જ્યાં સુધી કોંગ્રેસને એમ ન લાગે કે આપણા સહકારના જવાબમાં સરકારે આપણને સંતોષકારક સહુકાર આપ્યા છે ત્યાં સુધી સરકાર છે હા આપે તે કોંગ્રેસીએએ સ્વીકારવા નહીં ;",
                "lines": [
                    "( ૬ ) જ્યાં સુધી કોંગ્રેસને એમ ન લાગે કે આપણા સહકારના જવાબમાં સરકારે આપણને સંતોષકારક સહુકાર આપ્યા છે ત્યાં સુધી સરકાર છે હા આપે તે કોંગ્રેસીએએ સ્વીકારવા નહીં ;"
                ]
            },
            {
                "block_text": "( a ) જ્યાં સુધી સરકાર આવો પ્રતિસહકાર આપે નહીં ત્યાં સુધી એના આપેલી કોઈ ચીજ કાંગસી- એએ સ્વીકારવી નહીં અને એણે રજૂ કરેલાં અજેટે ફગાવી દેવાં . કેંગ્રેસ કારાબારી એથી નંદેો આદેશ આપે ત્યારે એના આદેશ પ્રમાણે વર્તવું .",
                "lines": [
                    "( a ) જ્યાં સુધી સરકાર આવો પ્રતિસહકાર આપે નહીં ત્યાં સુધી એના આપેલી કોઈ ચીજ કાંગસી- એએ સ્વીકારવી નહીં અને એણે રજૂ કરેલાં અજેટે ફગાવી દેવાં . કેંગ્રેસ કારાબારી એથી નંદેો આદેશ આપે ત્યારે એના આદેશ પ્રમાણે વર્તવું ."
                ]
            },
            {
                "block_text": "૩. પ્રતિસહકારવાદીઓએ અકાલાથી બહાર પાડેલા મેનિફેસ્ટ",
                "lines": [
                    "૩. પ્રતિસહકારવાદીઓએ અકાલાથી બહાર પાડેલા મેનિફેસ્ટ"
                ]
            },
            {
                "block_text": "પ્રતિંસહકારવાદી પક્ષની ગયા ફેબ્રુઆરી માસમાં અકેલા મુકામે મળેલી પરિષદ માતાના કાઉન્સિલ કાચૈક્રમ સંબંધમાં બહાર પાડેલા મેનિફેસ્ટોમાં જાહેર કરવામાં આવ્યું હતું કે :",
                "lines": [
                    "પ્રતિંસહકારવાદી પક્ષની ગયા ફેબ્રુઆરી માસમાં અકેલા મુકામે મળેલી પરિષદ માતાના કાઉન્સિલ કાચૈક્રમ સંબંધમાં બહાર પાડેલા મેનિફેસ્ટોમાં જાહેર કરવામાં આવ્યું હતું કે :"
                ]
            },
            {
                "block_text": "અમે માનીએ છીએ કે બધે એકસરખા , સતત અને એકગીતના વિરોધી ન કોય એવા વાંધો નાખ વાની નીતિને આશરો લર્વને બંધારણીય મડાગાંઠ ઊભી કરવાના કાઈ પણ્ કાર્યક્રમ , જ્યાં સુધી તે મેટા પાચા પર અજમાવવામાં આવે નહીં અને જ્યાં સુધી એની પાછળ કાઈ પીઠબળ હોય નહીં , ત્યાં સુધી સફળ થઈ શકે નહીં .",
                "lines": [
                    "અમે માનીએ છીએ કે બધે એકસરખા , સતત અને એકગીતના વિરોધી ન કોય એવા વાંધો નાખ વાની નીતિને આશરો લર્વને બંધારણીય મડાગાંઠ ઊભી કરવાના કાઈ પણ્ કાર્યક્રમ , જ્યાં સુધી તે મેટા પાચા પર અજમાવવામાં આવે નહીં અને જ્યાં સુધી એની પાછળ કાઈ પીઠબળ હોય નહીં , ત્યાં સુધી સફળ થઈ શકે નહીં ."
                ]
            },
            {
                "block_text": "અમે માનીએ છીએ કે અત્યારના સંગમાં સારામાં સારા રસ્તા પ્રતિષ્ઠકાર કરવા એ છે . એના અર્થ એ થાય ! જે સુધારા આપવામાં આવ્યા છે તે અસંતોષકારક , નિરાશાજનક અને મધૂરા કા છતાં , એનાથી જે લાભ મળી શકતા હોય તે લેવાની પ્રષ્ટિ રાખી એ સુધારાનો અમલ કરવા , બીજું , ગાપણને સંપૂર્ણ જવાબદારીવાળું રાજ્યતંત્ર જાતી મળે તે માટે એ સુધારાને ઉપયોગ કરવા , અને એવું રાજ્યતંત્ર મળતાં સુધી લોકોને માટે એવી તો ભી કરવી જે વડે તે પાતાનું હિંત સાધી શકે અને અન્યાય અને અરાજકતાનો સામનો કરવાની એમની તાકાત વધારી શકે .",
                "lines": [
                    "અમે માનીએ છીએ કે અત્યારના સંગમાં સારામાં સારા રસ્તા પ્રતિષ્ઠકાર કરવા એ છે . એના અર્થ એ થાય ! જે સુધારા આપવામાં આવ્યા છે તે અસંતોષકારક , નિરાશાજનક અને મધૂરા કા છતાં , એનાથી જે લાભ મળી શકતા હોય તે લેવાની પ્રષ્ટિ રાખી એ સુધારાનો અમલ કરવા , બીજું , ગાપણને સંપૂર્ણ જવાબદારીવાળું રાજ્યતંત્ર જાતી મળે તે માટે એ સુધારાને ઉપયોગ કરવા , અને એવું રાજ્યતંત્ર મળતાં સુધી લોકોને માટે એવી તો ભી કરવી જે વડે તે પાતાનું હિંત સાધી શકે અને અન્યાય અને અરાજકતાનો સામનો કરવાની એમની તાકાત વધારી શકે ."
                ]
            },
            {
                "block_text": "સુધારાનો અમલ કરવાની નીતિને અનિવાયૅ રીતે એવા પણ્ અર્થ થાય છે કે જે હોદ્દાથી સત્તા , જવાબદારી અને પહેલ કરવાની છૂટ મળતી હોય અને આવા જે હોદ્દા ચૂંટણીથી મેળવી શકાતા હોય અથવા ધારાસભામાં બેસતા પક્ષને ખીજી રીતે જવાબદાર હોય તે તમામ હોદ્દા આપણે કબજે કરવા જોઇ એ .",
                "lines": [
                    "સુધારાનો અમલ કરવાની નીતિને અનિવાયૅ રીતે એવા પણ્ અર્થ થાય છે કે જે હોદ્દાથી સત્તા , જવાબદારી અને પહેલ કરવાની છૂટ મળતી હોય અને આવા જે હોદ્દા ચૂંટણીથી મેળવી શકાતા હોય અથવા ધારાસભામાં બેસતા પક્ષને ખીજી રીતે જવાબદાર હોય તે તમામ હોદ્દા આપણે કબજે કરવા જોઇ એ ."
                ]
            }
        ]
    }
}