{
    "page_number": 16,
    "ocr_output": {
        "blocks": [
            {
                "block_text": "આ આપુની શીળી છાયામાં",
                "lines": [
                    "આ આપુની શીળી છાયામાં"
                ]
            },
            {
                "block_text": "૧",
                "lines": [
                    "૧"
                ]
            },
            {
                "block_text": "મળતા રહે એ માટે રસોડાના વ્યવસ્થાપક શ્રી કૃષ્ણચંદ્રને બધી ભલામણેા કરી .",
                "lines": [
                    "મળતા રહે એ માટે રસોડાના વ્યવસ્થાપક શ્રી કૃષ્ણચંદ્રને બધી ભલામણેા કરી ."
                ]
            },
            {
                "block_text": "એ દરમિયાન એક બહેને માને માટે થેપલાં કરીને મેલ્યાં . માને કરસાણને રોાખ ખરે .. માએ એને લખાવ્યું કે , “ તમે આશ્રમના બધા નિયમે જાણા છે . પછી શા મ્રાટે થેપલાં મોકલ્યાં ? મારે ખાવાં હાય તે ! અહીં મને કાણુ ના પાડે છે ? પણ આમ બહારથી હું ખાઈ જ કેમ શકું ? બાપુ પાસે પણ કેવી ચાર હરું ? ”",
                "lines": [
                    "એ દરમિયાન એક બહેને માને માટે થેપલાં કરીને મેલ્યાં . માને કરસાણને રોાખ ખરે .. માએ એને લખાવ્યું કે , “ તમે આશ્રમના બધા નિયમે જાણા છે . પછી શા મ્રાટે થેપલાં મોકલ્યાં ? મારે ખાવાં હાય તે ! અહીં મને કાણુ ના પાડે છે ? પણ આમ બહારથી હું ખાઈ જ કેમ શકું ? બાપુ પાસે પણ કેવી ચાર હરું ? ”"
                ]
            },
            {
                "block_text": "બાએ એ થેપલાંના ટુકડા ટુકડા કરાવી છેલ્લી વખતે બધાના ભાણામાં મુકાવી દીધા ; પોતે બટકુંય ન ચાખ્યું . આમ બા , બાપુના અધાનિયમા ખૂબ જ સમજપૂર્વક પાળતાં . બાપુની પાછળ ભલે શરૂના જીવનમાં જાણ્યે અજાણ્યે ઢસડાયાં હશે , પણ એ નિયમે સમજમાં આવ્યા પછી આટલે સુધી પાળી બતાવતાં . ધારત તા એ થેપલાં પેાતાના ઓરડામાં રખાવી ખીજે દહાડે ભાથામાં લઈ જાત . પણુ બા કઈ પાપને પોષે ? તે તે આ ખા ન બની શકયાં હોત ને ?",
                "lines": [
                    "બાએ એ થેપલાંના ટુકડા ટુકડા કરાવી છેલ્લી વખતે બધાના ભાણામાં મુકાવી દીધા ; પોતે બટકુંય ન ચાખ્યું . આમ બા , બાપુના અધાનિયમા ખૂબ જ સમજપૂર્વક પાળતાં . બાપુની પાછળ ભલે શરૂના જીવનમાં જાણ્યે અજાણ્યે ઢસડાયાં હશે , પણ એ નિયમે સમજમાં આવ્યા પછી આટલે સુધી પાળી બતાવતાં . ધારત તા એ થેપલાં પેાતાના ઓરડામાં રખાવી ખીજે દહાડે ભાથામાં લઈ જાત . પણુ બા કઈ પાપને પોષે ? તે તે આ ખા ન બની શકયાં હોત ને ?"
                ]
            },
            {
                "block_text": "બા બાપુએ આશ્રમની વિદાય બહુ ગંભીર વાતાવરણમાં લીધી . વાદળાં સખત ઘેરાયાં હતાં . રાજકીય વાદળાં તો હતાં જ , સાથે આ કુદરતી વાદળાંય હતાં . દિવસ અળખામણા લાગતા હતા . કાં તા એકદમ સૂર્યપ્રકાશ આન  ંદિત લાગે અથવા વરસાદ પડી રહ્યો હાય તે પણુ ગમે . પણુ આ તે નહી વરસાદ નહીં તડકેા . મને લાગે છે કે , આપણામાં શુકન જે જોવાય છે તેના ઉપર મારી શ્રદ્ધા આ કિસ્સા પછી વધુ ખેડી . ખાના મેઢામાંથી એવા જ શબ્દો નીકળતા હતા : “ હવે કયાં આશ્રમમાં આવવું છે ? મને નથી સૂઝતું કે હવે આશ્રમને હું જોઉં . \"",
                "lines": [
                    "બા બાપુએ આશ્રમની વિદાય બહુ ગંભીર વાતાવરણમાં લીધી . વાદળાં સખત ઘેરાયાં હતાં . રાજકીય વાદળાં તો હતાં જ , સાથે આ કુદરતી વાદળાંય હતાં . દિવસ અળખામણા લાગતા હતા . કાં તા એકદમ સૂર્યપ્રકાશ આન  ંદિત લાગે અથવા વરસાદ પડી રહ્યો હાય તે પણુ ગમે . પણુ આ તે નહી વરસાદ નહીં તડકેા . મને લાગે છે કે , આપણામાં શુકન જે જોવાય છે તેના ઉપર મારી શ્રદ્ધા આ કિસ્સા પછી વધુ ખેડી . ખાના મેઢામાંથી એવા જ શબ્દો નીકળતા હતા : “ હવે કયાં આશ્રમમાં આવવું છે ? મને નથી સૂઝતું કે હવે આશ્રમને હું જોઉં . \""
                ]
            },
            {
                "block_text": "અને ખાએ સેવાગ્રામ આશ્રમ પછી ફરી વાર ન જ નિહાળ્યુ ! છેલ્લી વિદાય તે છેલ્લી જ નીવડી !",
                "lines": [
                    "અને ખાએ સેવાગ્રામ આશ્રમ પછી ફરી વાર ન જ નિહાળ્યુ ! છેલ્લી વિદાય તે છેલ્લી જ નીવડી !"
                ]
            }
        ]
    }
}