{
    "page_number": 7,
    "ocr_output": {
        "blocks": [
            {
                "block_text": "શીળી છાયામાં",
                "lines": [
                    "શીળી છાયામાં"
                ]
            },
            {
                "block_text": "તે આપુછનું કેટલુંય કામ ઝપાટાબંધ સુધરી જાય . આ લે , મારા ખીજો રેંટિયા તને આપું છું , તેના ઉપર હવેથી કાંતજે , ”",
                "lines": [
                    "તે આપુછનું કેટલુંય કામ ઝપાટાબંધ સુધરી જાય . આ લે , મારા ખીજો રેંટિયા તને આપું છું , તેના ઉપર હવેથી કાંતજે , ”"
                ]
            },
            {
                "block_text": "આમ ખાએ થેડા શબ્દોમાં મને રેંટિયાની ફિલસૂફી સમજાવી , અને બાપુના રેંટિયાને વેગ આપવા માટે તેમના અંતરની લાગણી કેવી ઉત્કટ છે તેનું મને ભાન કરાવ્યું . અડધા કલાક કાંતીને હું મારાં અને આનાં કપડાં મુકાયાં તે લઈને ગડી કરવા લાગી . માની તીક્ષ્ણ નજર મારા કીક ઉપર પડી . તરત જ મને કહેઃ “ બહેન ! જરાક તાવ તે ! આ ડાઘા ન રહેવા જોઈએ . કપડાં ધેાતાં નથી આવડતું લાગતું . કરાંચીમાં તે નાકર ધેાતાં હશે ને ? અમે તારા જેવડાં હતાં ત્યારે પરણીને બેઠાં હતાં . હવેની છેકરીઓને માબાપ કર રાખી પંગુ કરી દે છે . જો લાવ , હું કાદી આપું , એમાં બહુ સાષુનું કામ નથી . હાથે ખૂબ ચાળવાં જોઈએ . તારે કપડાં ધેાઈ દરરાજ મને બતાવવાં . એ ત્રણ દિવસમાં બધું કાવી જશે . આ બધું જ અહીં વધુ શીખવાનું છે . ભણતાંય આવડવું જોઈએ અને દરેક કામ પણુ આવડવું જોઈ એ . ”",
                "lines": [
                    "આમ ખાએ થેડા શબ્દોમાં મને રેંટિયાની ફિલસૂફી સમજાવી , અને બાપુના રેંટિયાને વેગ આપવા માટે તેમના અંતરની લાગણી કેવી ઉત્કટ છે તેનું મને ભાન કરાવ્યું . અડધા કલાક કાંતીને હું મારાં અને આનાં કપડાં મુકાયાં તે લઈને ગડી કરવા લાગી . માની તીક્ષ્ણ નજર મારા કીક ઉપર પડી . તરત જ મને કહેઃ “ બહેન ! જરાક તાવ તે ! આ ડાઘા ન રહેવા જોઈએ . કપડાં ધેાતાં નથી આવડતું લાગતું . કરાંચીમાં તે નાકર ધેાતાં હશે ને ? અમે તારા જેવડાં હતાં ત્યારે પરણીને બેઠાં હતાં . હવેની છેકરીઓને માબાપ કર રાખી પંગુ કરી દે છે . જો લાવ , હું કાદી આપું , એમાં બહુ સાષુનું કામ નથી . હાથે ખૂબ ચાળવાં જોઈએ . તારે કપડાં ધેાઈ દરરાજ મને બતાવવાં . એ ત્રણ દિવસમાં બધું કાવી જશે . આ બધું જ અહીં વધુ શીખવાનું છે . ભણતાંય આવડવું જોઈએ અને દરેક કામ પણુ આવડવું જોઈ એ . ”"
                ]
            },
            {
                "block_text": "મને બાપુજી સવારથી બા પાસે મૂકી ગયા પછી હું ખાપુજી પાસે ગઈ જ નહોતી . સાંજે જમવાના ઘંટ વખતે ( પાંચ વાગ્યે ) ખાપુને લેવા ખાએ પરાણે મને માકલી . ( બાપુજી અને વખત સામૂહિક રસોડે જમવા આવતા . )",
                "lines": [
                    "મને બાપુજી સવારથી બા પાસે મૂકી ગયા પછી હું ખાપુજી પાસે ગઈ જ નહોતી . સાંજે જમવાના ઘંટ વખતે ( પાંચ વાગ્યે ) ખાપુને લેવા ખાએ પરાણે મને માકલી . ( બાપુજી અને વખત સામૂહિક રસોડે જમવા આવતા . )"
                ]
            },
            {
                "block_text": "માપુજી પાસે ગઈ એટલે બાપુજી કહે : “ અરે , આ છોકરીમાંથી એકદમ સ્ત્રી કારે બની ગઈ ? આજ વળી સાડલે શું પહેર્યાં છે ? અને આ સાડલા ખાનેા લાગે છે . તું તને પોતાનેય સંભાળી શકે એવી તારામાં શક્તિ નથી અને એમાં આટલું વજન શું કામ નાખે છે ? તારે ફ્રોક નથી શું ? ન હોય તે સિવડાવી દઉં .",
                "lines": [
                    "માપુજી પાસે ગઈ એટલે બાપુજી કહે : “ અરે , આ છોકરીમાંથી એકદમ સ્ત્રી કારે બની ગઈ ? આજ વળી સાડલે શું પહેર્યાં છે ? અને આ સાડલા ખાનેા લાગે છે . તું તને પોતાનેય સંભાળી શકે એવી તારામાં શક્તિ નથી અને એમાં આટલું વજન શું કામ નાખે છે ? તારે ફ્રોક નથી શું ? ન હોય તે સિવડાવી દઉં ."
                ]
            },
            {
                "block_text": "મેં કહ્યું : “ બાપુજી , મોટીખાને ફ્રેંક નથી ગમતાં . સાડી પહેરવા કહ્યું , અને પોતાની સાડી આપી . મેં તે",
                "lines": [
                    "મેં કહ્યું : “ બાપુજી , મોટીખાને ફ્રેંક નથી ગમતાં . સાડી પહેરવા કહ્યું , અને પોતાની સાડી આપી . મેં તે"
                ]
            },
            {
                "block_text": "તેમણે જ મને સવારથી જ",
                "lines": [
                    "તેમણે જ મને સવારથી જ"
                ]
            }
        ]
    }
}