{
    "page_number": 11,
    "ocr_output": {
        "blocks": [
            {
                "block_text": "પહેલા પાડો",
                "lines": [
                    "પહેલા પાડો"
                ]
            },
            {
                "block_text": "૧૧",
                "lines": [
                    "૧૧"
                ]
            },
            {
                "block_text": "ખબર ન પડી , પણ બાની કળાપારખુ આંખે તરત જ જોયું અને મને કહ્યું : “ મનુ , દૂરથી જો તે , તું નીચેનું પાંખડું જરા ખેડેાળ લાગે છે . ” મે’દૂરથી જોવા પ્રયત્ન કર્યાં પણ દેખાય તે ને ? એ વખતે કંઈક જવાબ દેવા જોઈ એ એટલે હું એટલું જ ખેાલી કે , હમણાં હું સરખું કરી નાખું છું . આ પણ હાર વરંડામાં ગયાં . એ દરમિયાન મેં ચશ્માં પહેરીને જોઈ લીધું . આના ઓરડામાં એક જાળિયું છે , એમાંથી બાએ મને ચશ્માં પહેરતાં જોઈ . એ જ મિનિટે અંદર આવ્યાં , “ કેમ તનેય ચશ્માં છે ને ? પહેરતી કેમ નથી ? વધુ આંખ અગાડવી છે ? પછી રામદાસની સુમી જેવા હાલ થશે , સુમી જેવા . આજથી જો ચશ્માં નથી પહેર્યાં તે મારું કશું જ કામ નહીં કરવા દઉં . તું જોજે તો ખરી બાપુજીને જ કહી દઉં . અને તારે પણ અપેારે ગરમીમાં ત્રણ સંતરાંને રસ કાઢીને પી જવાને . સુમીને એનાથી ઘણા ફાયદા થયા . ( સુમી તે સુમિત્રા ~ રામદાસકાકાની મેાટી દીકરી )",
                "lines": [
                    "ખબર ન પડી , પણ બાની કળાપારખુ આંખે તરત જ જોયું અને મને કહ્યું : “ મનુ , દૂરથી જો તે , તું નીચેનું પાંખડું જરા ખેડેાળ લાગે છે . ” મે’દૂરથી જોવા પ્રયત્ન કર્યાં પણ દેખાય તે ને ? એ વખતે કંઈક જવાબ દેવા જોઈ એ એટલે હું એટલું જ ખેાલી કે , હમણાં હું સરખું કરી નાખું છું . આ પણ હાર વરંડામાં ગયાં . એ દરમિયાન મેં ચશ્માં પહેરીને જોઈ લીધું . આના ઓરડામાં એક જાળિયું છે , એમાંથી બાએ મને ચશ્માં પહેરતાં જોઈ . એ જ મિનિટે અંદર આવ્યાં , “ કેમ તનેય ચશ્માં છે ને ? પહેરતી કેમ નથી ? વધુ આંખ અગાડવી છે ? પછી રામદાસની સુમી જેવા હાલ થશે , સુમી જેવા . આજથી જો ચશ્માં નથી પહેર્યાં તે મારું કશું જ કામ નહીં કરવા દઉં . તું જોજે તો ખરી બાપુજીને જ કહી દઉં . અને તારે પણ અપેારે ગરમીમાં ત્રણ સંતરાંને રસ કાઢીને પી જવાને . સુમીને એનાથી ઘણા ફાયદા થયા . ( સુમી તે સુમિત્રા ~ રામદાસકાકાની મેાટી દીકરી )"
                ]
            },
            {
                "block_text": "મને કલ્પનાય ન હતી કે , બા મારી ચેરી આમ પકડી પાડશે . પણ તે દહાડે મને ખાએ ચશ્માં ન પહેરાવ્યાં હાત તેા કદાચ આજે તે હું આંધળી જ થઈને કરત , અથવા આંખ અતિશય નબળી તે થઈ જ ગઈ હોત .",
                "lines": [
                    "મને કલ્પનાય ન હતી કે , બા મારી ચેરી આમ પકડી પાડશે . પણ તે દહાડે મને ખાએ ચશ્માં ન પહેરાવ્યાં હાત તેા કદાચ આજે તે હું આંધળી જ થઈને કરત , અથવા આંખ અતિશય નબળી તે થઈ જ ગઈ હોત ."
                ]
            },
            {
                "block_text": "મારી એક કુટેવ હતી . જમવા બેસતી હુંવખતે લાટા ન ભરતી . એનું કારણ એ પણ હતું કે , અમે ચાર પાંચ છેકરીએ સાથે જમવા એસીએ અને વાસણ માંજવામાં હરીફાઈ થાય કે કાણુ જલદી વાણ માંજી લે છે . મને વાસણ માંજવાની એછી આદત હતી , તેથી હું જેટલાં ઓછાં વાસણના ઉપયોગ કરી શકું તેટલા કરતી . એટલે પાણી ભરીને ન બેસતી કે જેથી એક ગ્લાસ છે . માંજવા પડે . આ પશુ એક ચેરી મનમાં ખરી . છતાંયે મને યાદ છે કે , મારી એક મુસલમાન બહેનપણી ઝેહરાબહેન કરીને હતી તેની પાસે મારા કરતાં અમણાં વાસણા હોય તેાયે એ મને જીતી જતી . આ દૃશ્ય તો ખા પણ ઘણી વાર જોતાં . અને એમનેય અમારી આવી ગમ્મતમાં રસ પડતા .",
                "lines": [
                    "મારી એક કુટેવ હતી . જમવા બેસતી હુંવખતે લાટા ન ભરતી . એનું કારણ એ પણ હતું કે , અમે ચાર પાંચ છેકરીએ સાથે જમવા એસીએ અને વાસણ માંજવામાં હરીફાઈ થાય કે કાણુ જલદી વાણ માંજી લે છે . મને વાસણ માંજવાની એછી આદત હતી , તેથી હું જેટલાં ઓછાં વાસણના ઉપયોગ કરી શકું તેટલા કરતી . એટલે પાણી ભરીને ન બેસતી કે જેથી એક ગ્લાસ છે . માંજવા પડે . આ પશુ એક ચેરી મનમાં ખરી . છતાંયે મને યાદ છે કે , મારી એક મુસલમાન બહેનપણી ઝેહરાબહેન કરીને હતી તેની પાસે મારા કરતાં અમણાં વાસણા હોય તેાયે એ મને જીતી જતી . આ દૃશ્ય તો ખા પણ ઘણી વાર જોતાં . અને એમનેય અમારી આવી ગમ્મતમાં રસ પડતા ."
                ]
            }
        ]
    }
}