{
    "page_number": 8,
    "ocr_output": {
        "blocks": [
            {
                "block_text": "આ આપુની શીળી છાયામાં",
                "lines": [
                    "આ આપુની શીળી છાયામાં"
                ]
            },
            {
                "block_text": ".",
                "lines": [
                    "."
                ]
            },
            {
                "block_text": "પહેરી છે . ” આમ વાતા કરતાં કરતાં અમે ખાના વરંડા સુધી પહોંચ્યાં . આ બહાર આવ્યાં , એટલે બાપુએ વાત છેડી : “ આને બિચારીને સાડી શું કામ પહેરાવી ? હું તે એ ભલે ૧૪ વર્ષની છે , પણ ૧૧-૧૨ વની માનું છું . એ છૂટથી રમી દેાડી શકે , એને ખદલે આ તે એની સાડી ધેાઈ પણ નહીં શકે . મને ખબર હોત તે સવારે જ",
                "lines": [
                    "પહેરી છે . ” આમ વાતા કરતાં કરતાં અમે ખાના વરંડા સુધી પહોંચ્યાં . આ બહાર આવ્યાં , એટલે બાપુએ વાત છેડી : “ આને બિચારીને સાડી શું કામ પહેરાવી ? હું તે એ ભલે ૧૪ વર્ષની છે , પણ ૧૧-૧૨ વની માનું છું . એ છૂટથી રમી દેાડી શકે , એને ખદલે આ તે એની સાડી ધેાઈ પણ નહીં શકે . મને ખબર હોત તે સવારે જ"
                ]
            },
            {
                "block_text": "કઢાવી નાખત . ”",
                "lines": [
                    "કઢાવી નાખત . ”"
                ]
            },
            {
                "block_text": "ખા બાપુજી ઉપર નારાજ થતાં એણ્યાં : “ હું ફ્રોક તો નથી જ પહેરવા દેવાની . છેકરીની વાતમાં હું વધુ અણું ને ? સાડી તે આજને દિવસ છે પછી તો એઢણી આપીશ . છેકરીને મારી પાસે રાખી છે તે હું મને ગમશે એ જ પહેરાવીશ . હા , પણ એની ઇચ્છા હોય કે કોક જ પહેરવું છે , તે પછી મારી એના ઉપર જમ્બરદસ્તી . જરાયે નથી . ” હું હવે ધમ સંકટમાં પડી . કેાનું માનવું ? માનું કે બાપુનું ? છેવટે મેં કહ્યું , મારી પાસે એક ફ્રૉક છે તે પહેરી કા , પછી નવાં નહીં સિવડાવું . અને એ વાતને બંને જણાંએ ઉત્સાહથી વધાવી લીધી .. અને ખાએ એમાં જરાયે વાંધા ન ઉડાવ્યેા .",
                "lines": [
                    "ખા બાપુજી ઉપર નારાજ થતાં એણ્યાં : “ હું ફ્રોક તો નથી જ પહેરવા દેવાની . છેકરીની વાતમાં હું વધુ અણું ને ? સાડી તે આજને દિવસ છે પછી તો એઢણી આપીશ . છેકરીને મારી પાસે રાખી છે તે હું મને ગમશે એ જ પહેરાવીશ . હા , પણ એની ઇચ્છા હોય કે કોક જ પહેરવું છે , તે પછી મારી એના ઉપર જમ્બરદસ્તી . જરાયે નથી . ” હું હવે ધમ સંકટમાં પડી . કેાનું માનવું ? માનું કે બાપુનું ? છેવટે મેં કહ્યું , મારી પાસે એક ફ્રૉક છે તે પહેરી કા , પછી નવાં નહીં સિવડાવું . અને એ વાતને બંને જણાંએ ઉત્સાહથી વધાવી લીધી .. અને ખાએ એમાં જરાયે વાંધા ન ઉડાવ્યેા ."
                ]
            },
            {
                "block_text": "આમ તા . ૨૪ મી મે , ૧૯૪૨ ના દિવસથી મને આ અને મહા આત્માઓની શીળી છાયામાં કાયમી રહેવાનું સદ્ભાગ્ય પ્રાપ્ત થયું . એ દિવસ તે બ્ઝનમાં કાતરાઈ જ ગયે . અને આજે તે જાણે સ્વપ્નવત જ બની ગયા . જ્યારે એ વિચારું છું ત્યારે થાય છે કે , શું એ બધાં સ્વપ્ના હતાં ! સાચા જીવતા જાગતા મહા આત્મા હતા ?",
                "lines": [
                    "આમ તા . ૨૪ મી મે , ૧૯૪૨ ના દિવસથી મને આ અને મહા આત્માઓની શીળી છાયામાં કાયમી રહેવાનું સદ્ભાગ્ય પ્રાપ્ત થયું . એ દિવસ તે બ્ઝનમાં કાતરાઈ જ ગયે . અને આજે તે જાણે સ્વપ્નવત જ બની ગયા . જ્યારે એ વિચારું છું ત્યારે થાય છે કે , શું એ બધાં સ્વપ્ના હતાં ! સાચા જીવતા જાગતા મહા આત્મા હતા ?"
                ]
            },
            {
                "block_text": "ખા મારા અભ્યાસતી , ખાવાપીવાની વગેરે દરેક ભાખતમાં ધ્યાન આપતાં . અને મારા દિવસો પશુ ખાની સેવા કરવામાં , રમવા ભણવામાં , આશ્રમના જીવનમાં જીવવાના આનંદમાં , આનંદથી પસાર થતા ચાલ્યા .",
                "lines": [
                    "ખા મારા અભ્યાસતી , ખાવાપીવાની વગેરે દરેક ભાખતમાં ધ્યાન આપતાં . અને મારા દિવસો પશુ ખાની સેવા કરવામાં , રમવા ભણવામાં , આશ્રમના જીવનમાં જીવવાના આનંદમાં , આનંદથી પસાર થતા ચાલ્યા ."
                ]
            }
        ]
    }
}