{
    "page_number": 12,
    "ocr_output": {
        "blocks": [
            {
                "block_text": "આ બાપુની શીળી છાયામાં",
                "lines": [
                    "આ બાપુની શીળી છાયામાં"
                ]
            },
            {
                "block_text": "૧૨",
                "lines": [
                    "૧૨"
                ]
            },
            {
                "block_text": "તેવામાં મને આશ્રમમાં પ્રાથના પછી એક વખત વીંછી કરડયો . એનું અસહ્ય દર્દ ૨૪ કલાક તા રહે જ . રાજ માની પથારી , ખાવાપીવાનું તથા બીજી કેટલીક સેવા હું કરતી . ખાના એરડામાં આ વિસામાં હું એક જ હતી . બાએ મને પ્રેમથી પંપાળી , અમારા રાજના પ્રાથના પછીના કાર્યક્રમમાં અમે બધી છેકરીએ મળી અંતકડી રમીએ , કે માની પાસે કાશીકાકી મા ( પ્રભુદાસ ગાંધી , જેમણે ગૌવનનું પરોઢ * ” લખ્યું છે તેમનાં માતુશ્રી ) ભજના ગાય , શકરીમામી ખાને વાંસે દામે , શકરીમાસી ( આશ્રમના વ્યવસ્થાપક ચિમનલાલભાઈ શાહનાં પત્ની ) , દુર્ગા માસી ( મહાદેવભાઈ દેસાઈનાં પત્ની ) , ગામત’કાકી , ( શ્રી કિશારલાલભાઈ મશરૂવાળાનાં પત્ની ) એ બધાં જો જમી પરવાર્યા હાય તો બેસે . આમ રાત પડયે આશ્રમનું કુટુંબ કિલ્લોલ કરે . એટલે તે રાતે અમારા રંગમાં ભંગ પડ્યો . જ્યારે બાપુ સૂવા માટે આવ્યા ત્યારે , મારી પાસે આવ્યા . આ કહે : જો તે બિચારી છેકરીએ રમતી હતી ત્યાં વીછીડાએ ચટકાવી . ”",
                "lines": [
                    "તેવામાં મને આશ્રમમાં પ્રાથના પછી એક વખત વીંછી કરડયો . એનું અસહ્ય દર્દ ૨૪ કલાક તા રહે જ . રાજ માની પથારી , ખાવાપીવાનું તથા બીજી કેટલીક સેવા હું કરતી . ખાના એરડામાં આ વિસામાં હું એક જ હતી . બાએ મને પ્રેમથી પંપાળી , અમારા રાજના પ્રાથના પછીના કાર્યક્રમમાં અમે બધી છેકરીએ મળી અંતકડી રમીએ , કે માની પાસે કાશીકાકી મા ( પ્રભુદાસ ગાંધી , જેમણે ગૌવનનું પરોઢ * ” લખ્યું છે તેમનાં માતુશ્રી ) ભજના ગાય , શકરીમામી ખાને વાંસે દામે , શકરીમાસી ( આશ્રમના વ્યવસ્થાપક ચિમનલાલભાઈ શાહનાં પત્ની ) , દુર્ગા માસી ( મહાદેવભાઈ દેસાઈનાં પત્ની ) , ગામત’કાકી , ( શ્રી કિશારલાલભાઈ મશરૂવાળાનાં પત્ની ) એ બધાં જો જમી પરવાર્યા હાય તો બેસે . આમ રાત પડયે આશ્રમનું કુટુંબ કિલ્લોલ કરે . એટલે તે રાતે અમારા રંગમાં ભંગ પડ્યો . જ્યારે બાપુ સૂવા માટે આવ્યા ત્યારે , મારી પાસે આવ્યા . આ કહે : જો તે બિચારી છેકરીએ રમતી હતી ત્યાં વીછીડાએ ચટકાવી . ”"
                ]
            },
            {
                "block_text": "આશ્રમમાં બા બાપુજી તથા અમે છેકરીએ પ્રાર્થનાસ્થાન પર રેતીમાં ખુલ્લા આકાશ નીચે સૂઈ એ . ખા ઘણી વાર સુધી મારી પાસે ખેડાં , ખીજે દહાડે પણ કંઈ કામ ન થઈ શકયું . રાજ ખાની થાળી હું પીરસું એને બદલે બા મારી થાળી પીરસીને લાવ્યાં અને પાણીને લાટે મને ભરીને આપ્યા . “ હંમેશાં લોઢે ભરીને જમવા મેસવાની તને ટેવ નથી , એ વાત રાજ તને કહેવી ભૂલી જાઉં છું . જેમ મારે માટે કાળજીપૂર્ણાંક ભરીને રાખે છે એવી જ કાળજી પોતાના કામમાં હેવી જોઈએ . એમ નહી કે ખાનું કામ ખરાબર અને પોતાનું કાવે તેમ કરવાની છુટ્ટી છે . એવા માણસા તે કદી આગળ ન વધે . જમતાં જમતાં કાઈ વખત પાણી પીવાની જરૂર પડી તેા તેવે વખતે કાં તે તારે પોતાને એડા હાથે ઊવું પડે અથવા બીજા પાસે માગવાની",
                "lines": [
                    "આશ્રમમાં બા બાપુજી તથા અમે છેકરીએ પ્રાર્થનાસ્થાન પર રેતીમાં ખુલ્લા આકાશ નીચે સૂઈ એ . ખા ઘણી વાર સુધી મારી પાસે ખેડાં , ખીજે દહાડે પણ કંઈ કામ ન થઈ શકયું . રાજ ખાની થાળી હું પીરસું એને બદલે બા મારી થાળી પીરસીને લાવ્યાં અને પાણીને લાટે મને ભરીને આપ્યા . “ હંમેશાં લોઢે ભરીને જમવા મેસવાની તને ટેવ નથી , એ વાત રાજ તને કહેવી ભૂલી જાઉં છું . જેમ મારે માટે કાળજીપૂર્ણાંક ભરીને રાખે છે એવી જ કાળજી પોતાના કામમાં હેવી જોઈએ . એમ નહી કે ખાનું કામ ખરાબર અને પોતાનું કાવે તેમ કરવાની છુટ્ટી છે . એવા માણસા તે કદી આગળ ન વધે . જમતાં જમતાં કાઈ વખત પાણી પીવાની જરૂર પડી તેા તેવે વખતે કાં તે તારે પોતાને એડા હાથે ઊવું પડે અથવા બીજા પાસે માગવાની"
                ]
            },
            {
                "block_text": "નવજીવન પ્રકાશન મદૅિર , કિ` રૂ . ૮–૦-૧ ,",
                "lines": [
                    "નવજીવન પ્રકાશન મદૅિર , કિ` રૂ . ૮–૦-૧ ,"
                ]
            },
            {
                "block_text": "*",
                "lines": [
                    "*"
                ]
            }
        ]
    }
}