{
    "page_number": 13,
    "ocr_output": {
        "blocks": [
            {
                "block_text": "આ બાપુની વિદ્યાચ",
                "lines": [
                    "આ બાપુની વિદ્યાચ"
                ]
            },
            {
                "block_text": "૧૩",
                "lines": [
                    "૧૩"
                ]
            },
            {
                "block_text": "ફરજ પડે . તારા મનમાં એમ હશે કે એક લોટા એછે માંજવે . જો એમ હેાય તે મેટી આળસની નિશાની ગણાય . હવે આજથી બરાબર પાણી ભરીને જમવા એસજે , ”",
                "lines": [
                    "ફરજ પડે . તારા મનમાં એમ હશે કે એક લોટા એછે માંજવે . જો એમ હેાય તે મેટી આળસની નિશાની ગણાય . હવે આજથી બરાબર પાણી ભરીને જમવા એસજે , ”"
                ]
            },
            {
                "block_text": "બા ઝીણી ઝીણી ટેવા કેટલી સૂક્ષ્મતાથી અને ટૂંકમાં સમન્તવી શકતાં તેના મતે આ પ્રત્યક્ષ પા મળ્યા .",
                "lines": [
                    "બા ઝીણી ઝીણી ટેવા કેટલી સૂક્ષ્મતાથી અને ટૂંકમાં સમન્તવી શકતાં તેના મતે આ પ્રત્યક્ષ પા મળ્યા ."
                ]
            },
            {
                "block_text": "૩",
                "lines": [
                    "૩"
                ]
            },
            {
                "block_text": "બા બાપુની વિદાય",
                "lines": [
                    "બા બાપુની વિદાય"
                ]
            },
            {
                "block_text": "૧૯૪૨ ના જુલાઈ મહિને હુ યાદગાર બની ગયા . દરરાજ છાપામાં આવે છે કે નાપુ ઉપવાસ કરશે કે અનશન મસલતા બાપુના ઝૂંપડામાં જ થતી હતી . ખા ધારત ત । તે આ બધી મસલતામાં હાજર રહે એમાં કાઈ વિરાધ ન ઉઠાવત . પણ બા કદીય ખાનગી મસલતા સાંભળવાની જિજ્ઞાસા નહાતાં રાખતાં , એ મે ' જોયું . કારણ કે બા એ સબંધ ભૂલી જ ગયાં હતાં કે બાપુની ઉપર મારે પતિ તરીકે વધારે હક છે ; કારણ બાપુ સૌના બાપુ અને ખાનાય બાપુ બન્યા હતા . અને આ પણ સૌનાં બા અને આપુનાંય બા બન્યાં હતાં . એટલે જ આમજનતા જો હાપાથી સંતાય માને , તે બાએ પણ એનાથી જ સંતાય માનવે । રહ્યો ને ?",
                "lines": [
                    "૧૯૪૨ ના જુલાઈ મહિને હુ યાદગાર બની ગયા . દરરાજ છાપામાં આવે છે કે નાપુ ઉપવાસ કરશે કે અનશન મસલતા બાપુના ઝૂંપડામાં જ થતી હતી . ખા ધારત ત । તે આ બધી મસલતામાં હાજર રહે એમાં કાઈ વિરાધ ન ઉઠાવત . પણ બા કદીય ખાનગી મસલતા સાંભળવાની જિજ્ઞાસા નહાતાં રાખતાં , એ મે ' જોયું . કારણ કે બા એ સબંધ ભૂલી જ ગયાં હતાં કે બાપુની ઉપર મારે પતિ તરીકે વધારે હક છે ; કારણ બાપુ સૌના બાપુ અને ખાનાય બાપુ બન્યા હતા . અને આ પણ સૌનાં બા અને આપુનાંય બા બન્યાં હતાં . એટલે જ આમજનતા જો હાપાથી સંતાય માને , તે બાએ પણ એનાથી જ સંતાય માનવે । રહ્યો ને ?"
                ]
            },
            {
                "block_text": "આથી ખાને આ બધી હિલચાલની ખૂશ જ ચિંતા રહેતી , રિઝનબંધુમાં બાપુના લેખ આવ્યા કે , “ હિંદમાંથી અંગ્રેજો ચાલ્યા જાય ” તે મેં ખાને સંભળાવ્યા . બાએ લેખ બહુ આતુરતાપૂર્વક અને કાળજીપૂર્વક સાંભળ્યા , પણ એમને કદાચ એ લેખ મારા સંભ- ાવ્યાથી સ  ંતાપ ન વળ્યા હોય એટલે એમણે પાતે જ એ લેખ ધીમે ધીમે વાંચ્યા . ( બા નનયંત્રુના લેખ પણુ આગળથી નહાતાં",
                "lines": [
                    "આથી ખાને આ બધી હિલચાલની ખૂશ જ ચિંતા રહેતી , રિઝનબંધુમાં બાપુના લેખ આવ્યા કે , “ હિંદમાંથી અંગ્રેજો ચાલ્યા જાય ” તે મેં ખાને સંભળાવ્યા . બાએ લેખ બહુ આતુરતાપૂર્વક અને કાળજીપૂર્વક સાંભળ્યા , પણ એમને કદાચ એ લેખ મારા સંભ- ાવ્યાથી સ  ંતાપ ન વળ્યા હોય એટલે એમણે પાતે જ એ લેખ ધીમે ધીમે વાંચ્યા . ( બા નનયંત્રુના લેખ પણુ આગળથી નહાતાં"
                ]
            }
        ]
    }
}