{
    "page_number": 10,
    "ocr_output": {
        "blocks": [
            {
                "block_text": "મા બાપુની શીળી છાયામાં",
                "lines": [
                    "મા બાપુની શીળી છાયામાં"
                ]
            },
            {
                "block_text": "૧૦",
                "lines": [
                    "૧૦"
                ]
            },
            {
                "block_text": "લઈ લીધું . “ કેમ , તારે બદલે પરીક્ષામાં મને બેસાડવાની કે ? બિચારીને વાંચતાં કંટાળા આવ્યા લાગે છે તે અહીં આવીને એસી ગઈ . પછી મોટીબા જો ચિડાય તા બહાનાં કઢાય ને કે હું તે રોટલી વણવા ગઈ હતી . તારે મને પૂછ્યું જોઈતું હતું કે હું રોટલી વણુવા જાઉં ? ' ' એમ ભેાળાં ખાએ મીઠા Ł પકા આપવા શરૂ કર્યાં . હું ઘડીભર હેબતાઈ ગઈ . મેં કહ્યું : “ પણ સાડા ચાર વાગી ગયા હતા અને આટલાં બધાં જમનારાં હોવાથી મને મેલાવી , હું આવી . મેં મારું વાંચવાનું તે વાંચી લીધું છે અને તમે અહીં રેસટલી વણુશે તો થાકી જશે . હું થેાડીક વણીને હમણાં ચાલી જઈશ . ’",
                "lines": [
                    "લઈ લીધું . “ કેમ , તારે બદલે પરીક્ષામાં મને બેસાડવાની કે ? બિચારીને વાંચતાં કંટાળા આવ્યા લાગે છે તે અહીં આવીને એસી ગઈ . પછી મોટીબા જો ચિડાય તા બહાનાં કઢાય ને કે હું તે રોટલી વણવા ગઈ હતી . તારે મને પૂછ્યું જોઈતું હતું કે હું રોટલી વણુવા જાઉં ? ' ' એમ ભેાળાં ખાએ મીઠા Ł પકા આપવા શરૂ કર્યાં . હું ઘડીભર હેબતાઈ ગઈ . મેં કહ્યું : “ પણ સાડા ચાર વાગી ગયા હતા અને આટલાં બધાં જમનારાં હોવાથી મને મેલાવી , હું આવી . મેં મારું વાંચવાનું તે વાંચી લીધું છે અને તમે અહીં રેસટલી વણુશે તો થાકી જશે . હું થેાડીક વણીને હમણાં ચાલી જઈશ . ’"
                ]
            },
            {
                "block_text": "આટલું કેટલીય હિંમત એકઠી કરીને હું એટલી તેા ખરી , પણ એને જવાથ્ય સાંભળીને ઊલટાની પસ્તાઈ .",
                "lines": [
                    "આટલું કેટલીય હિંમત એકઠી કરીને હું એટલી તેા ખરી , પણ એને જવાથ્ય સાંભળીને ઊલટાની પસ્તાઈ ."
                ]
            },
            {
                "block_text": "“ હા હું તમને છેકરાંઓને – ભણવાના ચારાને સારી પેઠે જાણું છું . તારે એમ કરીને છટકવું છે એમ જ કહે ને ? ચાલ અહીંથી ચાલી જા અને સીધી વાંચવા બેસી જા . હમણાં જ ભણસાળીને કહી દઉં છું કે , ખૂબ અઘરા અઘરા સવાલો પૂછ્યો . અને પછી જો ઓછા માર્ક લાવી તેા તારી વાત તું જાણે . ”",
                "lines": [
                    "“ હા હું તમને છેકરાંઓને – ભણવાના ચારાને સારી પેઠે જાણું છું . તારે એમ કરીને છટકવું છે એમ જ કહે ને ? ચાલ અહીંથી ચાલી જા અને સીધી વાંચવા બેસી જા . હમણાં જ ભણસાળીને કહી દઉં છું કે , ખૂબ અઘરા અઘરા સવાલો પૂછ્યો . અને પછી જો ઓછા માર્ક લાવી તેા તારી વાત તું જાણે . ”"
                ]
            },
            {
                "block_text": "હું કશુંયે મેલ્યા વગર ચુપચાપ ચાલી ગઈ .  ા  ાતે જેની જવાબદારી લેતાં તેમાં પોતાના શરીરના ભાગ આપીને પણ તેની સંભાળ રાખતાં .",
                "lines": [
                    "હું કશુંયે મેલ્યા વગર ચુપચાપ ચાલી ગઈ .  ા  ાતે જેની જવાબદારી લેતાં તેમાં પોતાના શરીરના ભાગ આપીને પણ તેની સંભાળ રાખતાં ."
                ]
            },
            {
                "block_text": "મારી આંખ બગડી હતી . ચશ્માં હતાં પણ પહેરતી નહીં , પણુ મને ખબર ન હતી કે મારી આંખ અગડેલી છે .",
                "lines": [
                    "મારી આંખ બગડી હતી . ચશ્માં હતાં પણ પહેરતી નહીં , પણુ મને ખબર ન હતી કે મારી આંખ અગડેલી છે ."
                ]
            },
            {
                "block_text": "ખાના ઓરડામાં એક ગાખલા છે . તેમાં કંકુના ૐ કરેલો છે . આજે પણ સેવાગ્રામમાં છે . ત્યાં સવાર સાંજ ખા ઘીના દીવા કરે , માળા કરે , ગીતા વાંચે , એકાદ બે ફૂલ ચડાવે . એ એમ ભૂંસાઈ જવા લાગ્યા . માએ મને ફરી વખત કાઢવાનું સૂચવ્યું . મેં ૐ કાઢયો , પણુ જરા નીચેનું પાંખડું બરાબર નહોતું થયું તેની મને તે ખાસ",
                "lines": [
                    "ખાના ઓરડામાં એક ગાખલા છે . તેમાં કંકુના ૐ કરેલો છે . આજે પણ સેવાગ્રામમાં છે . ત્યાં સવાર સાંજ ખા ઘીના દીવા કરે , માળા કરે , ગીતા વાંચે , એકાદ બે ફૂલ ચડાવે . એ એમ ભૂંસાઈ જવા લાગ્યા . માએ મને ફરી વખત કાઢવાનું સૂચવ્યું . મેં ૐ કાઢયો , પણુ જરા નીચેનું પાંખડું બરાબર નહોતું થયું તેની મને તે ખાસ"
                ]
            }
        ]
    }
}