{
    "page_number": 5,
    "ocr_output": {
        "blocks": [
            {
                "block_text": "શીળી છાયામાં",
                "lines": [
                    "શીળી છાયામાં"
                ]
            },
            {
                "block_text": "ોઇ ને મારી વાત જાણી ગયાં . “ આજને દહાડા ખાઈ લે , પછી ધીમે ધીમે ટેવાઈ જઈશ એટલે હું જ તને નહીં આપું . ”",
                "lines": [
                    "ોઇ ને મારી વાત જાણી ગયાં . “ આજને દહાડા ખાઈ લે , પછી ધીમે ધીમે ટેવાઈ જઈશ એટલે હું જ તને નહીં આપું . ”"
                ]
            },
            {
                "block_text": "મને જમાડીને આ બાપુજીના આરડામાં ગયાં . મને કહેતાં ગયાં કે , “ થાકી પાછી થોડા વખત સૂઈ જજે . ” થેાડી વારમાં આ આવ્યાં . હું સતી નહીં . તેથી ઠપકા રૂપે કહે : “ સૂતી કેમ નહીં ? માંદા નથી પડવાનું . અહીં તા ભણી ગણી હેાશિયાર થવાનું છે , ” થાડીક વાર બાએ ગાંધી કુટુંબની જૂતી જૂની વાતા કહી : “ તારી દાદી તે મારી જેઠાણી . મેાતીભાભીએ તે ખાપુજી જ્યારે વિલાયત ગયા ત્યારે મને બહુ સાચવી છે . અમે બને ત્યારે એકબીન્નનાં સુખદુઃખનાં સાથી હતાં . અમારાં સાસુ અમને કંઈક દહાડો કંઈ કહે તે બંને જણાં એકબીજાને કહીને દુઃખ હળવું કરી આનંદ કરતાં . અમારી દેરાણી જેઠાણીની જોડ હતી . આજે તે કાંય એવી જોડ મળે નહીં . અમારી સાસુ કહેતાં : કસ્તૂરવહુને અને મેતીવહુને છ મહિના કાંઈ આપ્યા વગર એક એરડીમાં સાથે જ પૂરી રાખી ખૂબ પેટ ભરીને વાતા કરવા દો અને છ મહિના પછી પાછાં બહાર કાઢે તોય એક મિનિટ એકબીજા વગર રહી નહીં શકે . ’ આવી અમારી જોડલી હતી . અને તું અહીં આવી તેથી મને'તા ખૂબ જ ગમ્યું છે . કેમ જાણે માતીભાભીએ સ્વર્ગમાં એઠાં મેડાં આટલેા પ્રેમ બતાવ્યેા ન હોય ! મને તેા કયારેક કયારેક બહુ યાદ આવે છે . તારી મા પણ એવી જ સેવાભાવી હતી . બિચારી મારા માથામાં તેલ ઘસવા કે પગ દાબવા ન આવે ત્યાં સુધી સૂએ જ નહીં ! »",
                "lines": [
                    "મને જમાડીને આ બાપુજીના આરડામાં ગયાં . મને કહેતાં ગયાં કે , “ થાકી પાછી થોડા વખત સૂઈ જજે . ” થેાડી વારમાં આ આવ્યાં . હું સતી નહીં . તેથી ઠપકા રૂપે કહે : “ સૂતી કેમ નહીં ? માંદા નથી પડવાનું . અહીં તા ભણી ગણી હેાશિયાર થવાનું છે , ” થાડીક વાર બાએ ગાંધી કુટુંબની જૂતી જૂની વાતા કહી : “ તારી દાદી તે મારી જેઠાણી . મેાતીભાભીએ તે ખાપુજી જ્યારે વિલાયત ગયા ત્યારે મને બહુ સાચવી છે . અમે બને ત્યારે એકબીન્નનાં સુખદુઃખનાં સાથી હતાં . અમારાં સાસુ અમને કંઈક દહાડો કંઈ કહે તે બંને જણાં એકબીજાને કહીને દુઃખ હળવું કરી આનંદ કરતાં . અમારી દેરાણી જેઠાણીની જોડ હતી . આજે તે કાંય એવી જોડ મળે નહીં . અમારી સાસુ કહેતાં : કસ્તૂરવહુને અને મેતીવહુને છ મહિના કાંઈ આપ્યા વગર એક એરડીમાં સાથે જ પૂરી રાખી ખૂબ પેટ ભરીને વાતા કરવા દો અને છ મહિના પછી પાછાં બહાર કાઢે તોય એક મિનિટ એકબીજા વગર રહી નહીં શકે . ’ આવી અમારી જોડલી હતી . અને તું અહીં આવી તેથી મને'તા ખૂબ જ ગમ્યું છે . કેમ જાણે માતીભાભીએ સ્વર્ગમાં એઠાં મેડાં આટલેા પ્રેમ બતાવ્યેા ન હોય ! મને તેા કયારેક કયારેક બહુ યાદ આવે છે . તારી મા પણ એવી જ સેવાભાવી હતી . બિચારી મારા માથામાં તેલ ઘસવા કે પગ દાબવા ન આવે ત્યાં સુધી સૂએ જ નહીં ! »"
                ]
            },
            {
                "block_text": "મને આ જૂતી વાતા સાંભળવાને ખૂબ જ રસ આવ્યા . મને મારાં દાદા દાદી વિષે આવું જાણવાનું ખીજે કયાં મળે ? મેં તે એમને જોયાં જ નથી . મા કહે : તારા દાદા તો બહુ શકરા હતા . કાઈ એ જરા ખરાબ રોટલા ઘડયો હોય તે તરત ટોકતા . આ કઇ વહુએ રોટલા કર્યો છે ? અને બાપુની ગેરહાજરીમાં મને કાઈ દુ : ખ ન દે એના ખાસ ખ્યાલ રાખતા . વળી મારા સસરા ઉપર તારા દાદાની ખૂબ જ શ્રદ્ધા ; એને પૂછીને જ પાણી પીએ . ’",
                "lines": [
                    "મને આ જૂતી વાતા સાંભળવાને ખૂબ જ રસ આવ્યા . મને મારાં દાદા દાદી વિષે આવું જાણવાનું ખીજે કયાં મળે ? મેં તે એમને જોયાં જ નથી . મા કહે : તારા દાદા તો બહુ શકરા હતા . કાઈ એ જરા ખરાબ રોટલા ઘડયો હોય તે તરત ટોકતા . આ કઇ વહુએ રોટલા કર્યો છે ? અને બાપુની ગેરહાજરીમાં મને કાઈ દુ : ખ ન દે એના ખાસ ખ્યાલ રાખતા . વળી મારા સસરા ઉપર તારા દાદાની ખૂબ જ શ્રદ્ધા ; એને પૂછીને જ પાણી પીએ . ’"
                ]
            }
        ]
    }
}