{
    "page_number": 4,
    "ocr_output": {
        "blocks": [
            {
                "block_text": "ખ આપુની શીળી છાયામાં",
                "lines": [
                    "ખ આપુની શીળી છાયામાં"
                ]
            },
            {
                "block_text": "૪",
                "lines": [
                    "૪"
                ]
            },
            {
                "block_text": "પછી હું તને ઓઢણી ફાડી આપીશ . ” એમ કહી પાતાના ધાયેલા સાડા મારા હાથમાં મૂકયો . હું ધડીક વાર હેબતાઈ ગઈ કે ખા આટલાં બધાં મેટાં ( પ્રતિષ્ઠામાં ) અને એમના સાડલા એકદમ હું કેમ પહેરી શકું ? પણ મારી મૂંઝવણુ કળી ગયાં હોય તેમ તે ખેલ્યાં : “ એમાં સાચ કેમ રાખે છે ? ક્રી કાલે ધાવાઈ જશે , એટલે હું પહેરીશ . ” છતાંયે બા - બાપુજીનું કપડું એ આપા માટે તે પ્રસાદિયું જ હોય . એ પહેરી કૅમ જ શકાય ? હજારો લાકા એક યાદગીરી ખાતર એમની પ્રસાદીને પ્રસાદ જેમ રાખે અને એને બદલે હું પહેરુ તેનું પાપ તા નહીં લાગે ને ? એવા એવા વિચારા પણુ આવી ગયા , છતાંયે હું હિ  ંમતપૂર્વક ના તે ન જ પાડી શકી એટલું જ નહીં , પણુ નાહીને સાડી પહેરી લીધી .",
                "lines": [
                    "પછી હું તને ઓઢણી ફાડી આપીશ . ” એમ કહી પાતાના ધાયેલા સાડા મારા હાથમાં મૂકયો . હું ધડીક વાર હેબતાઈ ગઈ કે ખા આટલાં બધાં મેટાં ( પ્રતિષ્ઠામાં ) અને એમના સાડલા એકદમ હું કેમ પહેરી શકું ? પણ મારી મૂંઝવણુ કળી ગયાં હોય તેમ તે ખેલ્યાં : “ એમાં સાચ કેમ રાખે છે ? ક્રી કાલે ધાવાઈ જશે , એટલે હું પહેરીશ . ” છતાંયે બા - બાપુજીનું કપડું એ આપા માટે તે પ્રસાદિયું જ હોય . એ પહેરી કૅમ જ શકાય ? હજારો લાકા એક યાદગીરી ખાતર એમની પ્રસાદીને પ્રસાદ જેમ રાખે અને એને બદલે હું પહેરુ તેનું પાપ તા નહીં લાગે ને ? એવા એવા વિચારા પણુ આવી ગયા , છતાંયે હું હિ  ંમતપૂર્વક ના તે ન જ પાડી શકી એટલું જ નહીં , પણુ નાહીને સાડી પહેરી લીધી ."
                ]
            },
            {
                "block_text": "મને સાડી પહેરવાની એ વખતે ટેવ જ ન હતી . એટલે પહેરતાં આવડી નહીં . પણુ ખાની સાથે એક બીજા બહેન રહેતાં હતાં તેમણે મને ઠીક કરી આપી . માને જાણે ખૂખ જ સ'તાષ થયા હોય તેમ ખેલ્યાં : “ હા , હવે મને ગમે એવી લાગે છે ખરી ! આવડી ૧૪ વર્ષની છોકરીને કંઈ ક્રોક સારાં લાગતાં હશે ? પણુ આજકાલ પરદેશી હવાએ વાવાઝોડાની જેમ ધેય હવા પહેોંચાડી દીધી છે . ’",
                "lines": [
                    "મને સાડી પહેરવાની એ વખતે ટેવ જ ન હતી . એટલે પહેરતાં આવડી નહીં . પણુ ખાની સાથે એક બીજા બહેન રહેતાં હતાં તેમણે મને ઠીક કરી આપી . માને જાણે ખૂખ જ સ'તાષ થયા હોય તેમ ખેલ્યાં : “ હા , હવે મને ગમે એવી લાગે છે ખરી ! આવડી ૧૪ વર્ષની છોકરીને કંઈ ક્રોક સારાં લાગતાં હશે ? પણુ આજકાલ પરદેશી હવાએ વાવાઝોડાની જેમ ધેય હવા પહેોંચાડી દીધી છે . ’"
                ]
            },
            {
                "block_text": "મને આ જમવા લઈ ગયાં . બાફેલું શાક , રેટલી , માખણ , દહીં , ગાળ જમવામાં હતાં . આશ્રમમાં બપોરના જમવાનો ઘંટ ૧૧ વાગ્યે થતા , એટલે જમવામાં હું એક જ રહી હતી . બાફેલું શાક મેઢામાં નાખું અને ઊબકા આવે , અને શાકમાંય પાછું ખાફેલું કાળું હતું . ખા તે મને જાણી જ ગયાં . પાતાને એકાદશીનું વ્રત હતું તેથી સરણુનું શાક કરેલું તેમાંથી મને થાડું આપ્યું . પણુ આમ નિયમ વિરુદ્ધ શાક ખાઈશ અને બાપુજી જાણુશે તે મને શું કહેશે એની બીક હતી . કેમ કે આશ્રમમાંના બધા નિયેાગે અને નિયમા જે તેડે તેની શી વલે થાય એના ખ્યાલ પિતા , મારી બહેનેા વગેરે આપતાં જ , એટલે પહેલેથી સાવધ રહેવું સારું એમ મનમાં ખરું . બા મારા ચહેરા",
                "lines": [
                    "મને આ જમવા લઈ ગયાં . બાફેલું શાક , રેટલી , માખણ , દહીં , ગાળ જમવામાં હતાં . આશ્રમમાં બપોરના જમવાનો ઘંટ ૧૧ વાગ્યે થતા , એટલે જમવામાં હું એક જ રહી હતી . બાફેલું શાક મેઢામાં નાખું અને ઊબકા આવે , અને શાકમાંય પાછું ખાફેલું કાળું હતું . ખા તે મને જાણી જ ગયાં . પાતાને એકાદશીનું વ્રત હતું તેથી સરણુનું શાક કરેલું તેમાંથી મને થાડું આપ્યું . પણુ આમ નિયમ વિરુદ્ધ શાક ખાઈશ અને બાપુજી જાણુશે તે મને શું કહેશે એની બીક હતી . કેમ કે આશ્રમમાંના બધા નિયેાગે અને નિયમા જે તેડે તેની શી વલે થાય એના ખ્યાલ પિતા , મારી બહેનેા વગેરે આપતાં જ , એટલે પહેલેથી સાવધ રહેવું સારું એમ મનમાં ખરું . બા મારા ચહેરા"
                ]
            }
        ]
    }
}