{
    "page_number": 6,
    "ocr_output": {
        "blocks": [
            {
                "block_text": "આ બાપુની શીળી છાયામાં",
                "lines": [
                    "આ બાપુની શીળી છાયામાં"
                ]
            },
            {
                "block_text": "}",
                "lines": [
                    "}"
                ]
            },
            {
                "block_text": "આમ ભાએ લગભગ કલાક સુધી મને મારાં દાદા દાદીનાં મીઠાં સંસ્મરણો કહ્યાં . જે સંસ્મરણા કદી કઈ એ નહાતાં કહ્યાં , એ કયારેક બાપુજી સંભળાવતા હતા . ખાના પગ દબાવતી દુખાવતી હું પણુ ખા પાસે જ ઊંઘી ગઈ . આ બપોરના અડધાએક કલાક સૂએ , એટલે એ તે અડધા કલાકમાં જાગી ગયાં . પણ મને ઉઠાડી નહીં . અમારા માટે પોતે કેરીની મેસમ હોવાથી રસાડામાંથી ડેરી લાવી પાણીમાં પલાળી રાખી . તે વખતે રામદાસકાકાનો કાનો પણ આ પાસે જ હતા . અમને ત્રણે જણાને બાએ નાસ્તા આપ્યા . હું ના પાડતી હતી . પણ માની સાથે રહેનારાં બહેને મને આના સ્વભાવને પરિચય આપતાં કહ્યું : કાંઈ પણ ખાવા કે પહેરવાની વસ્તુ ખા આપે તે રુચિ હોય તેાયે લેવી તે ન હોય તેપણ લેવી . માને ખવડાવવાથી બહુ આનંદ અને સતેષ થાય છે , માટે નહીં લેશે તે નારાજ થશે . ” એટલે મેં પણુ નાસ્તા કર્યાં .",
                "lines": [
                    "આમ ભાએ લગભગ કલાક સુધી મને મારાં દાદા દાદીનાં મીઠાં સંસ્મરણો કહ્યાં . જે સંસ્મરણા કદી કઈ એ નહાતાં કહ્યાં , એ કયારેક બાપુજી સંભળાવતા હતા . ખાના પગ દબાવતી દુખાવતી હું પણુ ખા પાસે જ ઊંઘી ગઈ . આ બપોરના અડધાએક કલાક સૂએ , એટલે એ તે અડધા કલાકમાં જાગી ગયાં . પણ મને ઉઠાડી નહીં . અમારા માટે પોતે કેરીની મેસમ હોવાથી રસાડામાંથી ડેરી લાવી પાણીમાં પલાળી રાખી . તે વખતે રામદાસકાકાનો કાનો પણ આ પાસે જ હતા . અમને ત્રણે જણાને બાએ નાસ્તા આપ્યા . હું ના પાડતી હતી . પણ માની સાથે રહેનારાં બહેને મને આના સ્વભાવને પરિચય આપતાં કહ્યું : કાંઈ પણ ખાવા કે પહેરવાની વસ્તુ ખા આપે તે રુચિ હોય તેાયે લેવી તે ન હોય તેપણ લેવી . માને ખવડાવવાથી બહુ આનંદ અને સતેષ થાય છે , માટે નહીં લેશે તે નારાજ થશે . ” એટલે મેં પણુ નાસ્તા કર્યાં ."
                ]
            },
            {
                "block_text": "એવામાં છાપાં આવ્યાં . હાપાં ખાને સંભળાવ્યાં . માએ ટપાલ લખાવી અને એટલામાં ત્રણ વાગ્યા એટલે રેટિયા લઈને એમાં .",
                "lines": [
                    "એવામાં છાપાં આવ્યાં . હાપાં ખાને સંભળાવ્યાં . માએ ટપાલ લખાવી અને એટલામાં ત્રણ વાગ્યા એટલે રેટિયા લઈને એમાં ."
                ]
            },
            {
                "block_text": "રેટિયા હાથમાં લેતાં લેતાં બાએ કહ્યું : “ તું રેંટિયા નથી લાવી ? ” મને ખૂબ જ શરમ આવી . મેં ના તે ! પાડી , પણ એ વખતે એમ થઈ ગયું કે ખાની પાસે વગર રેંટિયે કેમ ઊભું રહેવાય ? રેંટિયેા નથી લાવી તેા ખા વઢશે એવા મનમાં ભય હતા . પણ ખાએ મને એમના પ્રેમમય શબ્દોમાં રેંટિયાની મીઠી ફિલસૂફી સમજાવી : “ એ કેમ ચાલે ? આપણે રાજ કાંતવું જ જોઈએ . તારે કપડાં રાજ પહેરવાં પડે છે ને ? આપણે કપડાં શરીરની શરમ ઢાંકવા પહેરીએ છીએ , એ જ વાત નથી , પણુ ઠંડીમાં ગરમીમાં કપડાં આપણા શરીરનું રક્ષણ્ કરે છે અને આપણે માટે તે અતિ આવશ્યક ચીજ છે , એટલે જ તું હેક કરાંચીથી અહીં સુધી વગર ભૂલ્યે કપડાં પેટીમાં નાખીને લાવીને ? ગમે ત્યાં જવું પણ કપડાંની જોડ લઈ જવી એવી ટેવ આપણુને જાણ્યે અજાણ્યે પડેલી જ છે . એવી જ ટેવ જો હિંદુસ્તાનના માણસોને રેટિયા ફેરવવાની પડી જાય",
                "lines": [
                    "રેટિયા હાથમાં લેતાં લેતાં બાએ કહ્યું : “ તું રેંટિયા નથી લાવી ? ” મને ખૂબ જ શરમ આવી . મેં ના તે ! પાડી , પણ એ વખતે એમ થઈ ગયું કે ખાની પાસે વગર રેંટિયે કેમ ઊભું રહેવાય ? રેંટિયેા નથી લાવી તેા ખા વઢશે એવા મનમાં ભય હતા . પણ ખાએ મને એમના પ્રેમમય શબ્દોમાં રેંટિયાની મીઠી ફિલસૂફી સમજાવી : “ એ કેમ ચાલે ? આપણે રાજ કાંતવું જ જોઈએ . તારે કપડાં રાજ પહેરવાં પડે છે ને ? આપણે કપડાં શરીરની શરમ ઢાંકવા પહેરીએ છીએ , એ જ વાત નથી , પણુ ઠંડીમાં ગરમીમાં કપડાં આપણા શરીરનું રક્ષણ્ કરે છે અને આપણે માટે તે અતિ આવશ્યક ચીજ છે , એટલે જ તું હેક કરાંચીથી અહીં સુધી વગર ભૂલ્યે કપડાં પેટીમાં નાખીને લાવીને ? ગમે ત્યાં જવું પણ કપડાંની જોડ લઈ જવી એવી ટેવ આપણુને જાણ્યે અજાણ્યે પડેલી જ છે . એવી જ ટેવ જો હિંદુસ્તાનના માણસોને રેટિયા ફેરવવાની પડી જાય"
                ]
            }
        ]
    }
}