{
    "page_number": 3,
    "ocr_output": {
        "blocks": [
            {
                "block_text": "૧",
                "lines": [
                    "૧"
                ]
            },
            {
                "block_text": "શીળી છાયામાં",
                "lines": [
                    "શીળી છાયામાં"
                ]
            },
            {
                "block_text": "૧૯૪ રના મે માસમાં બાપુજી અઝ ફંડ ઉઘરાવવા મુંબઈ આવેલા . બાપુજી મને પોતાની પાસે આવવા લલચાવી રહ્યા હતા , અને છેવટે બાપુજીના “ ચાર બહેનેામાંથી કાઈક તેા સેવિકા થાએ ” એ વાકયે મને જવા લલચાવી . મે મે વૅકેશન પૂરતું જવા કબૂલ્યું અને હું કરાંચીથી મુંબઈ ગઈ . મુંબઈથી ૨૭ મી મેના રાજ બાપુજી સાથે હું સેવાગ્રામ ગઈ .",
                "lines": [
                    "૧૯૪ રના મે માસમાં બાપુજી અઝ ફંડ ઉઘરાવવા મુંબઈ આવેલા . બાપુજી મને પોતાની પાસે આવવા લલચાવી રહ્યા હતા , અને છેવટે બાપુજીના “ ચાર બહેનેામાંથી કાઈક તેા સેવિકા થાએ ” એ વાકયે મને જવા લલચાવી . મે મે વૅકેશન પૂરતું જવા કબૂલ્યું અને હું કરાંચીથી મુંબઈ ગઈ . મુંબઈથી ૨૭ મી મેના રાજ બાપુજી સાથે હું સેવાગ્રામ ગઈ ."
                ]
            },
            {
                "block_text": "અમે ખીજે દહાડે લગભગ ૧૧૫ વાગ્યે સેવાગ્રામ પહોંચ્યાં . આપુજી મારા ખભે પકડી મને પહેલાં સીધા માની પાસે જ લઈ ગયા . અને તેમના ભણી હડસેલી ખાને કહે : “ લે , તારા માટે એક દીકરીને લાવ્યા છું . હવે એને ખરાખર સાથુસામાં રાખજે કે છટકી ન શકે . ”",
                "lines": [
                    "અમે ખીજે દહાડે લગભગ ૧૧૫ વાગ્યે સેવાગ્રામ પહોંચ્યાં . આપુજી મારા ખભે પકડી મને પહેલાં સીધા માની પાસે જ લઈ ગયા . અને તેમના ભણી હડસેલી ખાને કહે : “ લે , તારા માટે એક દીકરીને લાવ્યા છું . હવે એને ખરાખર સાથુસામાં રાખજે કે છટકી ન શકે . ”"
                ]
            },
            {
                "block_text": "ઉપલા શબ્દો આજે જ્યારે મારી નોંધપેાથીમાંથી મને વાંચવા મળે છે . ત્યારે જાણે કે એકેએક શબ્દની આગાહી બાપુએ તે વખતે કહી દીધી હતી એમ લાગે છે . હું બે મહિનાનું વૅકેશન ગાળવા પૂરતી જ સેવાગ્રામ ગયેલી , પણુ કાઈ પૂર્વજોના પુણ્યના પ્રતાપે બંનેની આખરી સેવા કરવાનું મને મળ્યું .",
                "lines": [
                    "ઉપલા શબ્દો આજે જ્યારે મારી નોંધપેાથીમાંથી મને વાંચવા મળે છે . ત્યારે જાણે કે એકેએક શબ્દની આગાહી બાપુએ તે વખતે કહી દીધી હતી એમ લાગે છે . હું બે મહિનાનું વૅકેશન ગાળવા પૂરતી જ સેવાગ્રામ ગયેલી , પણુ કાઈ પૂર્વજોના પુણ્યના પ્રતાપે બંનેની આખરી સેવા કરવાનું મને મળ્યું ."
                ]
            },
            {
                "block_text": "આ મને પેાતાની ઓરડીની અંદર લઈ ગયાં . મારે સામાન પોતે જ સરખા મુકાવ્યા . પ્રેમાળ શબ્દોમાં મને કહ્યું : “ બહેન , હવે તને ભૂખ પણ લાગી હશે , માટે પહેલાં નાહી લે . પણુ તું આ ફ્રીક પહેરે છે તે મને નથી ગમતું . તારી ઉંમર ૧૩–૧૪ વર્ષની તે ખરીને ? તારી પાસે સાડલા નહીં હોય . લે આ મારા પહેરી લે ,",
                "lines": [
                    "આ મને પેાતાની ઓરડીની અંદર લઈ ગયાં . મારે સામાન પોતે જ સરખા મુકાવ્યા . પ્રેમાળ શબ્દોમાં મને કહ્યું : “ બહેન , હવે તને ભૂખ પણ લાગી હશે , માટે પહેલાં નાહી લે . પણુ તું આ ફ્રીક પહેરે છે તે મને નથી ગમતું . તારી ઉંમર ૧૩–૧૪ વર્ષની તે ખરીને ? તારી પાસે સાડલા નહીં હોય . લે આ મારા પહેરી લે ,"
                ]
            },
            {
                "block_text": "૩",
                "lines": [
                    "૩"
                ]
            }
        ]
    }
}