{
    "page_number": 14,
    "ocr_output": {
        "blocks": [
            {
                "block_text": "બા બાપુની શીળી છાયામાં",
                "lines": [
                    "બા બાપુની શીળી છાયામાં"
                ]
            },
            {
                "block_text": "૧૪",
                "lines": [
                    "૧૪"
                ]
            },
            {
                "block_text": "વાંચતાં . જ્યારે એ દર અઠવાડિયે આવે ત્યારે નિયમિત વાંચતાં . ) વાંચીને પછી કહે : “ હજી સુધી આટલી કડકાઈ બાપુજીએ નથી વાપરી . એટલે હવે કાં તે સરકાર આ છાપું બંધ કરાવશે અથવા કંઈક નવાજૂની જરૂર થવાની . ” દરમિયાન ત્યાં ખારશેદ બહેન ( દાદાભાઈ નવરાજીનાં પૌત્રી ) પણ હતાં . એ રાજ ખાના ઓરડામાં બહેનેાની સભા ભરતાં અને તેમાં ખાપુજી જે લડત ઉપાડે તેા બહેનેાએ શું કરવું તેના ઉપર માદન આપતાં .",
                "lines": [
                    "વાંચતાં . જ્યારે એ દર અઠવાડિયે આવે ત્યારે નિયમિત વાંચતાં . ) વાંચીને પછી કહે : “ હજી સુધી આટલી કડકાઈ બાપુજીએ નથી વાપરી . એટલે હવે કાં તે સરકાર આ છાપું બંધ કરાવશે અથવા કંઈક નવાજૂની જરૂર થવાની . ” દરમિયાન ત્યાં ખારશેદ બહેન ( દાદાભાઈ નવરાજીનાં પૌત્રી ) પણ હતાં . એ રાજ ખાના ઓરડામાં બહેનેાની સભા ભરતાં અને તેમાં ખાપુજી જે લડત ઉપાડે તેા બહેનેાએ શું કરવું તેના ઉપર માદન આપતાં ."
                ]
            },
            {
                "block_text": "આખરે ઑગસ્ટ મહિના આવ્યા . એ . આઈ . સી . સી.ની સભા . માટે બાપુને બીજી તારીખે મુંબઈ જવાનું થયું . ખાતું જવાનું નક્કી નહેાતું થતું , કારણુ કે ખાની નાળી તબિયત અને બાપુજી માનતા હતા . કે સરકાર આ વખતે એમને નહીં જ પકડે . “ તું અહીં જ રહે , સરકાર મતે એછી જ પકડવાની છે ? સરકાર એવી ગાંડી ઘેાડી છે ? ” આમ ખાને બાપુએ સમજાવ્યાં .",
                "lines": [
                    "આખરે ઑગસ્ટ મહિના આવ્યા . એ . આઈ . સી . સી.ની સભા . માટે બાપુને બીજી તારીખે મુંબઈ જવાનું થયું . ખાતું જવાનું નક્કી નહેાતું થતું , કારણુ કે ખાની નાળી તબિયત અને બાપુજી માનતા હતા . કે સરકાર આ વખતે એમને નહીં જ પકડે . “ તું અહીં જ રહે , સરકાર મતે એછી જ પકડવાની છે ? સરકાર એવી ગાંડી ઘેાડી છે ? ” આમ ખાને બાપુએ સમજાવ્યાં ."
                ]
            },
            {
                "block_text": "પણ આ કયાં માને એવાં હતાં ? એમણે આપુજીને જવાબ વાળ્યા કે , “ મને શું કામ નથી લઈ જવી ? હું તમારી રમત જાણું છું ! આ વખતે કંઈ સરકાર તમને પકડયા વગર રહે ? તમે કેટલું અધું આકરું લખા છે ? મારે તો આવવું જ છે . જ્યાં તમે ત્યાં હું . બાપુ એક પણ શબ્દ ન ખાલ્યા . “ અસ , થઈ  ા તૈયાર , ખીજું શું ? ” અને બન્યું પણ એમ જ . બાપુએ તે જ હરાવા કર્યાં , ભાષા આપ્યાં , છતાંયે બાપુની ગણુતરી ખોટી પડી ! અને માત્ર છાપાં પરથી કરેલ અભણુ ખાનું અનુમાન તદ્દન સાચું પડયું અને બધાને જેલ જવું પડયું !",
                "lines": [
                    "પણ આ કયાં માને એવાં હતાં ? એમણે આપુજીને જવાબ વાળ્યા કે , “ મને શું કામ નથી લઈ જવી ? હું તમારી રમત જાણું છું ! આ વખતે કંઈ સરકાર તમને પકડયા વગર રહે ? તમે કેટલું અધું આકરું લખા છે ? મારે તો આવવું જ છે . જ્યાં તમે ત્યાં હું . બાપુ એક પણ શબ્દ ન ખાલ્યા . “ અસ , થઈ  ા તૈયાર , ખીજું શું ? ” અને બન્યું પણ એમ જ . બાપુએ તે જ હરાવા કર્યાં , ભાષા આપ્યાં , છતાંયે બાપુની ગણુતરી ખોટી પડી ! અને માત્ર છાપાં પરથી કરેલ અભણુ ખાનું અનુમાન તદ્દન સાચું પડયું અને બધાને જેલ જવું પડયું !"
                ]
            },
            {
                "block_text": "મને બાએ તૈયારી કરવાનું કહ્યું . નણે ખાને ભાવીની ખબર હાય તેમ દરેક નાનીમેટી ચીજ મને સંભારી સંભારીને બતાવતાં હતાં કે , હવે કયાં સેવાગ્રામ પાછા આવવાનુ છે ? મેં કહ્યું : મેટીબા , હું આવું ? મને કહે : અહેન , તને લઈ જવી તેા મને ગમે , પણ તારું ખાપુજીને કહીશ તા મારુંય અટકી પડશે . વળી ત્યાં તે",
                "lines": [
                    "મને બાએ તૈયારી કરવાનું કહ્યું . નણે ખાને ભાવીની ખબર હાય તેમ દરેક નાનીમેટી ચીજ મને સંભારી સંભારીને બતાવતાં હતાં કે , હવે કયાં સેવાગ્રામ પાછા આવવાનુ છે ? મેં કહ્યું : મેટીબા , હું આવું ? મને કહે : અહેન , તને લઈ જવી તેા મને ગમે , પણ તારું ખાપુજીને કહીશ તા મારુંય અટકી પડશે . વળી ત્યાં તે"
                ]
            }
        ]
    }
}