{
    "page_number": 9,
    "ocr_output": {
        "blocks": [
            {
                "block_text": "પહેલા પાઠા",
                "lines": [
                    "પહેલા પાઠા"
                ]
            },
            {
                "block_text": "મારા આવ્યા પછી મારી સાથે રહેનારાં બહેન માંદાં પડચાં . એ બહેનને સખત તાવ આવવા લાગ્યા . એટલે ખાની અધી જ સેવા મારા હાથમાં આવી . બાએ એ બહેનને ખાટલા આગ્રહપૂર્વક પોતાના એરડામાં જ રખાવ્યો . એ બહેનનો તાવ કચારે વધીને કેટલે થાય છે , એને ખાવાપીવાનું , સ્પજ , એનિમા , માટીના પાટા વગેરે બધી માંદગીની માવજતનું ધ્યાન બા બહુ જ પ્રેમથી રાખતાં . અને એ બહેનને રેંટિયાના અવાજ ન ગમે એટલા ખાતર તે બાજુની નાનકડી . એરડીમાં કાંતતાં . આટલી બધી માંદગીની માવજત ખીજાની દીકરીની કાઈક જ અહેને એક માની પેઠે કરી શકે .",
                "lines": [
                    "મારા આવ્યા પછી મારી સાથે રહેનારાં બહેન માંદાં પડચાં . એ બહેનને સખત તાવ આવવા લાગ્યા . એટલે ખાની અધી જ સેવા મારા હાથમાં આવી . બાએ એ બહેનને ખાટલા આગ્રહપૂર્વક પોતાના એરડામાં જ રખાવ્યો . એ બહેનનો તાવ કચારે વધીને કેટલે થાય છે , એને ખાવાપીવાનું , સ્પજ , એનિમા , માટીના પાટા વગેરે બધી માંદગીની માવજતનું ધ્યાન બા બહુ જ પ્રેમથી રાખતાં . અને એ બહેનને રેંટિયાના અવાજ ન ગમે એટલા ખાતર તે બાજુની નાનકડી . એરડીમાં કાંતતાં . આટલી બધી માંદગીની માવજત ખીજાની દીકરીની કાઈક જ અહેને એક માની પેઠે કરી શકે ."
                ]
            },
            {
                "block_text": "મેં આગળ લખ્યું તેમ , ખાએ મને ભણાવવાની વ્યવસ્થા ભણસાળીભાઈ પાસે કરી દીધી . એમની પાસે અંગ્રેજી , ગુજરાતી , ખીજગણિત , ભૂમિતિ , સંસ્કૃત , ઇતિહાસ , ભૂગોળ વગેરેના અભ્યાસ નિયમિત ચાલતા . એક વખત માએ સૂચવ્યું કે , કચારેક એની પરીક્ષા પશુ લેતા રહો . એથી અમે બે ત્રણ બહેનેા પાંચમી અંગ્રેજીના અભ્યાસ કરતાં હતાં તેમની પરીક્ષા લેવાને ભણસાળીભાઈ એ . નિષ્ણુ ય કર્યાં . ખાને તે એની જાણ હતી જ . પરંતુ જે દહાડે પરીક્ષા હતી તે જ દહાડે સેવાગ્રામમાં વર્કિંગ કમિટીની મીટિંગ હેવાથી મહેમાને આવેલાં હતાં . અને સાંજના રેટલી કરવાની હતી . બહેને આ વખતે એછી હતી . જોકે મારી પરીક્ષા તો છેક સાંજના છ વાગ્યા પછી હતી . એટલે ચાર વાગ્યે હું રસેાડામાં બીજી અહેના સાથે રોટલી વણવા ગઈ . હજુ પાંચ સાત રેાટલી વણી ત્યાં મા આવ્યાં . મારા હાથમાંથી વેલણુ .",
                "lines": [
                    "મેં આગળ લખ્યું તેમ , ખાએ મને ભણાવવાની વ્યવસ્થા ભણસાળીભાઈ પાસે કરી દીધી . એમની પાસે અંગ્રેજી , ગુજરાતી , ખીજગણિત , ભૂમિતિ , સંસ્કૃત , ઇતિહાસ , ભૂગોળ વગેરેના અભ્યાસ નિયમિત ચાલતા . એક વખત માએ સૂચવ્યું કે , કચારેક એની પરીક્ષા પશુ લેતા રહો . એથી અમે બે ત્રણ બહેનેા પાંચમી અંગ્રેજીના અભ્યાસ કરતાં હતાં તેમની પરીક્ષા લેવાને ભણસાળીભાઈ એ . નિષ્ણુ ય કર્યાં . ખાને તે એની જાણ હતી જ . પરંતુ જે દહાડે પરીક્ષા હતી તે જ દહાડે સેવાગ્રામમાં વર્કિંગ કમિટીની મીટિંગ હેવાથી મહેમાને આવેલાં હતાં . અને સાંજના રેટલી કરવાની હતી . બહેને આ વખતે એછી હતી . જોકે મારી પરીક્ષા તો છેક સાંજના છ વાગ્યા પછી હતી . એટલે ચાર વાગ્યે હું રસેાડામાં બીજી અહેના સાથે રોટલી વણવા ગઈ . હજુ પાંચ સાત રેાટલી વણી ત્યાં મા આવ્યાં . મારા હાથમાંથી વેલણુ ."
                ]
            },
            {
                "block_text": "૯",
                "lines": [
                    "૯"
                ]
            }
        ]
    }
}