{
    "page_number": 17,
    "ocr_output": {
        "blocks": [
            {
                "block_text": "૪",
                "lines": [
                    "૪"
                ]
            },
            {
                "block_text": "ધરપકડ",
                "lines": [
                    "ધરપકડ"
                ]
            },
            {
                "block_text": "ખાપુજી અને ખા ગયાં એ દિવસે આશ્રમમાં જાણે ભેંકાર જેવું લાગવા માંડયું . કાઈને કયાંય ગમે નહીં . બધાંય જાણે કામધંધા વગરનાં થઈ પડયાં . ખીજે દહાડે મેં ખાના ઓરડા સાસૂફ કર્યાં . બધા સામાન બાજુની એરડીમાં ભરી ત્યાં તાળું મારી , ચાવી આશ્રમના વ્યવસ્થાપક ચિમનલાલકાકાને સોંપી આવી .",
                "lines": [
                    "ખાપુજી અને ખા ગયાં એ દિવસે આશ્રમમાં જાણે ભેંકાર જેવું લાગવા માંડયું . કાઈને કયાંય ગમે નહીં . બધાંય જાણે કામધંધા વગરનાં થઈ પડયાં . ખીજે દહાડે મેં ખાના ઓરડા સાસૂફ કર્યાં . બધા સામાન બાજુની એરડીમાં ભરી ત્યાં તાળું મારી , ચાવી આશ્રમના વ્યવસ્થાપક ચિમનલાલકાકાને સોંપી આવી ."
                ]
            },
            {
                "block_text": "સૌ કાઈની મીટ મુંબઈના ખખ્ખર પર હતી . મેં આશ્રમમાં આવ્યા પછી આશ્રમના નિયમ મુજબ હ∞ સુધી પાયખાના - સાઈ કરી ન હતી , કારણ કે પૂજ્ય માની સેવામાં સવાર વખત જતા .",
                "lines": [
                    "સૌ કાઈની મીટ મુંબઈના ખખ્ખર પર હતી . મેં આશ્રમમાં આવ્યા પછી આશ્રમના નિયમ મુજબ હ∞ સુધી પાયખાના - સાઈ કરી ન હતી , કારણ કે પૂજ્ય માની સેવામાં સવાર વખત જતા ."
                ]
            },
            {
                "block_text": "પણ ખા ખાપુજીના ગયા પછી મનેય એ લહાવા લેવાનું મન થયું . પૂજ્ય બાપુજીના આશ્રમમાં પાયખાના - સફાઈ કરવી એ પણ જીવનના એક અમૂલ્ય લહાવા હતા , અને આજે પણુ છે . એ લહાવા પાછળ જીવનના ઘડતરમાં કેટલા અમૂલ્ય લાભ થાય છે , તે કર્યાં હોય તેને જ ખબર પડૈ . હું બહુ સુગાળવી હતી . કાઈને ઊલટી કરતાં જોઉં તો એ ઊલટી કરવાવાળાને તે થાય , પણ મને તે થઈ જ હોય . મેં એ સૂગ કાઢવા જ ઇરાદાપૂર્ણાંક સફાઈની માગણી કરી અને આ બધી સૂગ ત્યાર પછી જ ગઈ . મને લાગે છે કે , જો પહેલાં જેટલી હું સુગાળવી હોત તેા ખા બાપુજી પાસે ટકી જ ન શકત . પશુ એક સપ્તાહ સંડાસના ડબ્બા ઊંચકવાને કારણે મને ખૂક્ષ્મ જ લાભ થયેા . ૮ મી ઑગસ્ટ એ મારી સાઈના છેલ્લા દહાડા હતા . ખા ખાપુજી કાલે ચાક્કસ આવશે , એમ સૌ કાઈની માન્યતા હતી . તેથી સાઇથી પરવારી મેં બા બાપુજીને એરડો સાક્ કર્યાં , વરંડામાં ગાર પણ કરી , અને પૂજ્ય જેમ હતી તેમ ગેાવી . પશુ ‘ ન જાણ્યું",
                "lines": [
                    "પણ ખા ખાપુજીના ગયા પછી મનેય એ લહાવા લેવાનું મન થયું . પૂજ્ય બાપુજીના આશ્રમમાં પાયખાના - સફાઈ કરવી એ પણ જીવનના એક અમૂલ્ય લહાવા હતા , અને આજે પણુ છે . એ લહાવા પાછળ જીવનના ઘડતરમાં કેટલા અમૂલ્ય લાભ થાય છે , તે કર્યાં હોય તેને જ ખબર પડૈ . હું બહુ સુગાળવી હતી . કાઈને ઊલટી કરતાં જોઉં તો એ ઊલટી કરવાવાળાને તે થાય , પણ મને તે થઈ જ હોય . મેં એ સૂગ કાઢવા જ ઇરાદાપૂર્ણાંક સફાઈની માગણી કરી અને આ બધી સૂગ ત્યાર પછી જ ગઈ . મને લાગે છે કે , જો પહેલાં જેટલી હું સુગાળવી હોત તેા ખા બાપુજી પાસે ટકી જ ન શકત . પશુ એક સપ્તાહ સંડાસના ડબ્બા ઊંચકવાને કારણે મને ખૂક્ષ્મ જ લાભ થયેા . ૮ મી ઑગસ્ટ એ મારી સાઈના છેલ્લા દહાડા હતા . ખા ખાપુજી કાલે ચાક્કસ આવશે , એમ સૌ કાઈની માન્યતા હતી . તેથી સાઇથી પરવારી મેં બા બાપુજીને એરડો સાક્ કર્યાં , વરંડામાં ગાર પણ કરી , અને પૂજ્ય જેમ હતી તેમ ગેાવી . પશુ ‘ ન જાણ્યું"
                ]
            },
            {
                "block_text": "૧૭",
                "lines": [
                    "૧૭"
                ]
            }
        ]
    }
}