{
    "page_number": 15,
    "ocr_output": {
        "blocks": [
            {
                "block_text": "આ બાપુની વિદાય",
                "lines": [
                    "આ બાપુની વિદાય"
                ]
            },
            {
                "block_text": "૧૫",
                "lines": [
                    "૧૫"
                ]
            },
            {
                "block_text": "પ્રભા છે , એટલે મને અડચણ નહીં પડે . ” ( પ્રભાવતીબહેન તે જયપ્રકાશ . નારાયણનાં પત્ની . )",
                "lines": [
                    "પ્રભા છે , એટલે મને અડચણ નહીં પડે . ” ( પ્રભાવતીબહેન તે જયપ્રકાશ . નારાયણનાં પત્ની . )"
                ]
            },
            {
                "block_text": "મેં આની પેટી ગોઠવી . પેટીમાં સાડી",
                "lines": [
                    "મેં આની પેટી ગોઠવી . પેટીમાં સાડી"
                ]
            },
            {
                "block_text": "આ સાડી તો મને રાજકુમારીએ કાંતીને જરૂર પેટીમાં નાખ . એ બિચારી બહુ ખુશ",
                "lines": [
                    "આ સાડી તો મને રાજકુમારીએ કાંતીને જરૂર પેટીમાં નાખ . એ બિચારી બહુ ખુશ"
                ]
            },
            {
                "block_text": "નાખતાં નાખતાં ખેલ્યાં :",
                "lines": [
                    "નાખતાં નાખતાં ખેલ્યાં :"
                ]
            },
            {
                "block_text": "આપી છે . એટલે એ",
                "lines": [
                    "આપી છે . એટલે એ"
                ]
            },
            {
                "block_text": "થશે . ' ' ખામાં બીજાને",
                "lines": [
                    "થશે . ' ' ખામાં બીજાને"
                ]
            },
            {
                "block_text": "ખુશ કરવાના આવા મહા ગુણા હતા . એક લાલ પટ્ટાની સાડી બાપુના સૂતરની હતી , એ મારા હાથમાં મૂકી ગદ્ગદ અવાજે મેલ્યાં : “ બહેન , કદાચ અમે પકડાઈ એ તે ।",
                "lines": [
                    "ખુશ કરવાના આવા મહા ગુણા હતા . એક લાલ પટ્ટાની સાડી બાપુના સૂતરની હતી , એ મારા હાથમાં મૂકી ગદ્ગદ અવાજે મેલ્યાં : “ બહેન , કદાચ અમે પકડાઈ એ તે ।"
                ]
            },
            {
                "block_text": "અને આશ્રમમાં જપ્તી આવે તે મારી આ સાડીને સાચવજે . આ સાડી જ્યારથી વણાઈ ને આવી ત્યારથી મારા મનમાં નિશ્ચય કર્યો છે કે , મરતી વખતે બાપુની આ સાડી એઢવી . એ જ એક મારી છેલ્લી ઇચ્છા છે , તે તું પૂરી કરજે . આ વાત તને જ કહું છું . ખીજા કેાઈ ને નથી કહી . ખાકી ભલે જે લેવું હેય તે લઈ જાય , પણ આ સાડીની જવાબદારી તારી છે . ઋ",
                "lines": [
                    "અને આશ્રમમાં જપ્તી આવે તે મારી આ સાડીને સાચવજે . આ સાડી જ્યારથી વણાઈ ને આવી ત્યારથી મારા મનમાં નિશ્ચય કર્યો છે કે , મરતી વખતે બાપુની આ સાડી એઢવી . એ જ એક મારી છેલ્લી ઇચ્છા છે , તે તું પૂરી કરજે . આ વાત તને જ કહું છું . ખીજા કેાઈ ને નથી કહી . ખાકી ભલે જે લેવું હેય તે લઈ જાય , પણ આ સાડીની જવાબદારી તારી છે . ઋ"
                ]
            },
            {
                "block_text": "અન્યું પણુ એમ જ કે , જપ્તી તે ! આશ્રમમાં ન આવી , પણુ જ્યારે કિશારલાલભાઈ મશરૂવાળાને પકડવા રાતે પેાલીસ આવી હતી ત્યારે જપ્તીની પૂરી શંકા હતી . પણ એ સાડી તેા જેવાં આ આપુ પકડાયાં તેવી જ મેં અજાજવાડી વર્ષોમાં માકલી આપી , અને મારા આગાખાન મહેલમાં ગયા પછી એ સાડી મંગાવી લીધી અને મારે જ હાથે એ સાડી ખાતે એઢાડાઈ . એમની આટલી છેલ્લી ઇચ્છા હું પૂરી કરી શકીએ મારાં પુણ્યના બળે તેા નહીં , પણ વડીલાનાં પુણ્યના મળે અને આશીર્વાદના બળે જ એ બન્યું . મને એને અપાર સંતે આજે છે . સાડીની વાત પરથી ખામાં પતિભક્તિ – બાપુભક્તિ કેટલી ઊંચી હતી , કેટલી ભવ્ય હતી , એ જણાય છે .",
                "lines": [
                    "અન્યું પણુ એમ જ કે , જપ્તી તે ! આશ્રમમાં ન આવી , પણુ જ્યારે કિશારલાલભાઈ મશરૂવાળાને પકડવા રાતે પેાલીસ આવી હતી ત્યારે જપ્તીની પૂરી શંકા હતી . પણ એ સાડી તેા જેવાં આ આપુ પકડાયાં તેવી જ મેં અજાજવાડી વર્ષોમાં માકલી આપી , અને મારા આગાખાન મહેલમાં ગયા પછી એ સાડી મંગાવી લીધી અને મારે જ હાથે એ સાડી ખાતે એઢાડાઈ . એમની આટલી છેલ્લી ઇચ્છા હું પૂરી કરી શકીએ મારાં પુણ્યના બળે તેા નહીં , પણ વડીલાનાં પુણ્યના મળે અને આશીર્વાદના બળે જ એ બન્યું . મને એને અપાર સંતે આજે છે . સાડીની વાત પરથી ખામાં પતિભક્તિ – બાપુભક્તિ કેટલી ઊંચી હતી , કેટલી ભવ્ય હતી , એ જણાય છે ."
                ]
            },
            {
                "block_text": "ખીજી તારીખે સ્ટેશન પર જતાં જતાં મને ફરી કરી ઘણી ઘણી ભલામણેા કરી , “ ઘીના દીવા નિયમિત કરજે . અમે પકડાઈ એ તેા કરાંચી ચાલી જજે , ખરાખર શરીર સંભાળજે , મારા ઓરડામાં એકલું લાગે તે દુર્ગાને ત્યાં સૂવા જજે . ” મને ખરાખર નાસ્તા",
                "lines": [
                    "ખીજી તારીખે સ્ટેશન પર જતાં જતાં મને ફરી કરી ઘણી ઘણી ભલામણેા કરી , “ ઘીના દીવા નિયમિત કરજે . અમે પકડાઈ એ તેા કરાંચી ચાલી જજે , ખરાખર શરીર સંભાળજે , મારા ઓરડામાં એકલું લાગે તે દુર્ગાને ત્યાં સૂવા જજે . ” મને ખરાખર નાસ્તા"
                ]
            }
        ]
    }
}