{
    "page_number": 49,
    "ocr_output": {
        "blocks": [
            {
                "block_text": "સરકારી નોકરીઓ",
                "bounding_box": [
                    {
                        "x": 303,
                        "y": 79
                    },
                    {
                        "x": 443,
                        "y": 77
                    },
                    {
                        "x": 443,
                        "y": 100
                    },
                    {
                        "x": 303,
                        "y": 102
                    }
                ],
                "confidence": 1,
                "lines": [
                    {
                        "line_text": "સરકારી નોકરીઓ",
                        "bounding_box": [
                            {
                                "x": 303,
                                "y": 79
                            },
                            {
                                "x": 443,
                                "y": 77
                            },
                            {
                                "x": 443,
                                "y": 100
                            },
                            {
                                "x": 303,
                                "y": 102
                            }
                        ],
                        "confidence": 1
                    }
                ]
            },
            {
                "block_text": "૧૭૭",
                "bounding_box": [
                    {
                        "x": 610,
                        "y": 85
                    },
                    {
                        "x": 647,
                        "y": 85
                    },
                    {
                        "x": 647,
                        "y": 99
                    },
                    {
                        "x": 610,
                        "y": 99
                    }
                ],
                "confidence": 1,
                "lines": [
                    {
                        "line_text": "૧૭૭",
                        "bounding_box": [
                            {
                                "x": 610,
                                "y": 85
                            },
                            {
                                "x": 647,
                                "y": 85
                            },
                            {
                                "x": 647,
                                "y": 99
                            },
                            {
                                "x": 610,
                                "y": 99
                            }
                        ],
                        "confidence": 1
                    }
                ]
            },
            {
                "block_text": "મુંબઈ પરામાં રહેતા માણસોને સવારસાંજ ગાડરની માફક ખીચો- ખીચ ટ્રેનમાં ભરાવું પડે છે એટલું જ નહીં પણ હજારો લોકો બહાર બારણાંઓ અને બારીઓમાં લટકીને જાય છે અને અવાર- નવાર તેને પરિણામે અકસ્માતથી માણસો મરે છે . અનાજ અને બીજી અગત્યની વસ્તુઓ માટે એન્જિનો , ડબા વગેરે ઘણી વાર સમયસર કે જોઈતા પ્રમાણમાં નથી મળતાં .",
                "bounding_box": [
                    {
                        "x": 149,
                        "y": 125
                    },
                    {
                        "x": 647,
                        "y": 122
                    },
                    {
                        "x": 648,
                        "y": 301
                    },
                    {
                        "x": 150,
                        "y": 304
                    }
                ],
                "confidence": 1,
                "lines": [
                    {
                        "line_text": "મુંબઈ પરામાં રહેતા માણસોને સવારસાંજ ગાડરની માફક ખીચો- ખીચ ટ્રેનમાં ભરાવું પડે છે એટલું જ નહીં પણ હજારો લોકો બહાર બારણાંઓ અને બારીઓમાં લટકીને જાય છે અને અવાર- નવાર તેને પરિણામે અકસ્માતથી માણસો મરે છે . અનાજ અને બીજી અગત્યની વસ્તુઓ માટે એન્જિનો , ડબા વગેરે ઘણી વાર સમયસર કે જોઈતા પ્રમાણમાં નથી મળતાં .",
                        "bounding_box": [
                            {
                                "x": 149,
                                "y": 125
                            },
                            {
                                "x": 647,
                                "y": 122
                            },
                            {
                                "x": 648,
                                "y": 301
                            },
                            {
                                "x": 150,
                                "y": 304
                            }
                        ],
                        "confidence": 1
                    }
                ]
            },
            {
                "block_text": "“ ઘોડદોડમાં જવાવાળા માણસો અહીંનું તો પૂરા અઠવાડિયાનું રૅશન લે . ઉપરાંત એ હજારો માણસોને માટે દર અઠવાડિયે ટ્રેનમાં અને પૂનામાં બેત્રણ દિવસ ખોરાકની ગોઠવણ થશે . રૅશનગખાતાને કે કોઈને આ પ્રશ્નની પડી નથી .",
                "bounding_box": [
                    {
                        "x": 150,
                        "y": 304
                    },
                    {
                        "x": 648,
                        "y": 304
                    },
                    {
                        "x": 648,
                        "y": 423
                    },
                    {
                        "x": 150,
                        "y": 423
                    }
                ],
                "confidence": 1,
                "lines": [
                    {
                        "line_text": "“ ઘોડદોડમાં જવાવાળા માણસો અહીંનું તો પૂરા અઠવાડિયાનું રૅશન લે . ઉપરાંત એ હજારો માણસોને માટે દર અઠવાડિયે ટ્રેનમાં અને પૂનામાં બેત્રણ દિવસ ખોરાકની ગોઠવણ થશે . રૅશનગખાતાને કે કોઈને આ પ્રશ્નની પડી નથી .",
                        "bounding_box": [
                            {
                                "x": 150,
                                "y": 304
                            },
                            {
                                "x": 648,
                                "y": 304
                            },
                            {
                                "x": 648,
                                "y": 423
                            },
                            {
                                "x": 150,
                                "y": 423
                            }
                        ],
                        "confidence": 1
                    }
                ]
            },
            {
                "block_text": "“ પેટ્રોલની અછત કહેવાય છે . દર અઠવાડિયે રેસકોર્સ પર હજારો મોટરોની દોડધામ ચાલે છે . હવે મુંબઈ અને પૂના એમ બેવડી દોડાદોડી થશે .",
                "bounding_box": [
                    {
                        "x": 150,
                        "y": 429
                    },
                    {
                        "x": 651,
                        "y": 429
                    },
                    {
                        "x": 651,
                        "y": 513
                    },
                    {
                        "x": 150,
                        "y": 513
                    }
                ],
                "confidence": 1,
                "lines": [
                    {
                        "line_text": "“ પેટ્રોલની અછત કહેવાય છે . દર અઠવાડિયે રેસકોર્સ પર હજારો મોટરોની દોડધામ ચાલે છે . હવે મુંબઈ અને પૂના એમ બેવડી દોડાદોડી થશે .",
                        "bounding_box": [
                            {
                                "x": 150,
                                "y": 429
                            },
                            {
                                "x": 651,
                                "y": 429
                            },
                            {
                                "x": 651,
                                "y": 513
                            },
                            {
                                "x": 150,
                                "y": 513
                            }
                        ],
                        "confidence": 1
                    }
                ]
            },
            {
                "block_text": "“ ઘોડદોડમાં જે માણસો હજારો રૂપિયા જીતે તે રકમો પર આવકવેરો નથી હોતો . આ છિદ્રનો બીજી રીતે પણ દુરુપયોગ થાય છે .",
                "bounding_box": [
                    {
                        "x": 150,
                        "y": 522
                    },
                    {
                        "x": 650,
                        "y": 518
                    },
                    {
                        "x": 651,
                        "y": 604
                    },
                    {
                        "x": 151,
                        "y": 608
                    }
                ],
                "confidence": 1,
                "lines": [
                    {
                        "line_text": "“ ઘોડદોડમાં જે માણસો હજારો રૂપિયા જીતે તે રકમો પર આવકવેરો નથી હોતો . આ છિદ્રનો બીજી રીતે પણ દુરુપયોગ થાય છે .",
                        "bounding_box": [
                            {
                                "x": 150,
                                "y": 522
                            },
                            {
                                "x": 650,
                                "y": 518
                            },
                            {
                                "x": 651,
                                "y": 604
                            },
                            {
                                "x": 151,
                                "y": 608
                            }
                        ],
                        "confidence": 1
                    }
                ]
            },
            {
                "block_text": "“ આવી જ વિચારશૂન્યતા કે જે કહો તે બીજી મહત્ત્વની બાબતોમાં છે . અનાજ , કાપડ વગેરે અતિ આવશ્યક વસ્તુઓમાં તદ્દન અથવા ઘણા પ્રમાણમાં સ્થિતિ સુધારી શકાય તેવું છે . તમાકુ અને એવા પ્રકારના પાક બંધ કરાવવા કે ઓછા કરાવવા શું પગલાં લેવાયાં છે ?",
                "bounding_box": [
                    {
                        "x": 152,
                        "y": 617
                    },
                    {
                        "x": 650,
                        "y": 618
                    },
                    {
                        "x": 650,
                        "y": 762
                    },
                    {
                        "x": 152,
                        "y": 761
                    }
                ],
                "confidence": 1,
                "lines": [
                    {
                        "line_text": "“ આવી જ વિચારશૂન્યતા કે જે કહો તે બીજી મહત્ત્વની બાબતોમાં છે . અનાજ , કાપડ વગેરે અતિ આવશ્યક વસ્તુઓમાં તદ્દન અથવા ઘણા પ્રમાણમાં સ્થિતિ સુધારી શકાય તેવું છે . તમાકુ અને એવા પ્રકારના પાક બંધ કરાવવા કે ઓછા કરાવવા શું પગલાં લેવાયાં છે ?",
                        "bounding_box": [
                            {
                                "x": 152,
                                "y": 617
                            },
                            {
                                "x": 650,
                                "y": 618
                            },
                            {
                                "x": 650,
                                "y": 762
                            },
                            {
                                "x": 152,
                                "y": 761
                            }
                        ],
                        "confidence": 1
                    }
                ]
            },
            {
                "block_text": "હકીકત તો એ છે કે આપણામાંના ઘણાની મુગ્ધ દશા તો એને એ જ રહી છે . વૃત્તિ અને સંસ્કારથી ગઈ કાલે તે જ મનને ગમતું હતું . આપણી દૃષ્ટિ , આપણા આશયો ખરેખરા ન ફરે ત્યાં સુધી સુધારાની આશા ન રાખી શકાય .",
                "bounding_box": [
                    {
                        "x": 154,
                        "y": 765
                    },
                    {
                        "x": 652,
                        "y": 769
                    },
                    {
                        "x": 651,
                        "y": 892
                    },
                    {
                        "x": 153,
                        "y": 888
                    }
                ],
                "confidence": 1,
                "lines": [
                    {
                        "line_text": "હકીકત તો એ છે કે આપણામાંના ઘણાની મુગ્ધ દશા તો એને એ જ રહી છે . વૃત્તિ અને સંસ્કારથી ગઈ કાલે તે જ મનને ગમતું હતું . આપણી દૃષ્ટિ , આપણા આશયો ખરેખરા ન ફરે ત્યાં સુધી સુધારાની આશા ન રાખી શકાય .",
                        "bounding_box": [
                            {
                                "x": 154,
                                "y": 765
                            },
                            {
                                "x": 652,
                                "y": 769
                            },
                            {
                                "x": 651,
                                "y": 892
                            },
                            {
                                "x": 153,
                                "y": 888
                            }
                        ],
                        "confidence": 1
                    }
                ]
            },
            {
                "block_text": "“ ગઈ કાલે આપણે સરકારી અમલદારોના વલણ , શક્તિ , આવડત , રીત વગેરે પર પ્રહાર કરતા હતા . આજે એ જ અમલ- દારોના હાથમાં લગામ રહી છે અને તેની પકડ વધારે દૃઢ બની છે . તંત્ર આખું તેને શરણ હોય તેવું લાગે . તેના અનુભવો અને",
                "bounding_box": [
                    {
                        "x": 155,
                        "y": 890
                    },
                    {
                        "x": 654,
                        "y": 894
                    },
                    {
                        "x": 653,
                        "y": 1014
                    },
                    {
                        "x": 154,
                        "y": 1010
                    }
                ],
                "confidence": 1,
                "lines": [
                    {
                        "line_text": "“ ગઈ કાલે આપણે સરકારી અમલદારોના વલણ , શક્તિ , આવડત , રીત વગેરે પર પ્રહાર કરતા હતા . આજે એ જ અમલ- દારોના હાથમાં લગામ રહી છે અને તેની પકડ વધારે દૃઢ બની છે . તંત્ર આખું તેને શરણ હોય તેવું લાગે . તેના અનુભવો અને",
                        "bounding_box": [
                            {
                                "x": 155,
                                "y": 890
                            },
                            {
                                "x": 654,
                                "y": 894
                            },
                            {
                                "x": 653,
                                "y": 1014
                            },
                            {
                                "x": 154,
                                "y": 1010
                            }
                        ],
                        "confidence": 1
                    }
                ]
            }
        ]
    }
}