{
    "page_number": 39,
    "ocr_output": {
        "blocks": [
            {
                "block_text": "૧૮",
                "bounding_box": [
                    {
                        "x": 350,
                        "y": 137
                    },
                    {
                        "x": 384,
                        "y": 137
                    },
                    {
                        "x": 384,
                        "y": 159
                    },
                    {
                        "x": 350,
                        "y": 159
                    }
                ],
                "confidence": 1,
                "lines": [
                    {
                        "line_text": "૧૮",
                        "bounding_box": [
                            {
                                "x": 350,
                                "y": 137
                            },
                            {
                                "x": 384,
                                "y": 137
                            },
                            {
                                "x": 384,
                                "y": 159
                            },
                            {
                                "x": 350,
                                "y": 159
                            }
                        ],
                        "confidence": 1
                    }
                ]
            },
            {
                "block_text": "સ્ત્રીઓ અને ધારાસભા",
                "bounding_box": [
                    {
                        "x": 254,
                        "y": 168
                    },
                    {
                        "x": 487,
                        "y": 174
                    },
                    {
                        "x": 486,
                        "y": 211
                    },
                    {
                        "x": 253,
                        "y": 205
                    }
                ],
                "confidence": 1,
                "lines": [
                    {
                        "line_text": "સ્ત્રીઓ અને ધારાસભા",
                        "bounding_box": [
                            {
                                "x": 254,
                                "y": 168
                            },
                            {
                                "x": 487,
                                "y": 174
                            },
                            {
                                "x": 486,
                                "y": 211
                            },
                            {
                                "x": 253,
                                "y": 205
                            }
                        ],
                        "confidence": 1
                    }
                ]
            },
            {
                "block_text": "૧. કસ્તૂરબા સ્મારક ટ્રસ્ટ",
                "bounding_box": [
                    {
                        "x": 260,
                        "y": 230
                    },
                    {
                        "x": 465,
                        "y": 230
                    },
                    {
                        "x": 465,
                        "y": 251
                    },
                    {
                        "x": 260,
                        "y": 251
                    }
                ],
                "confidence": 1,
                "lines": [
                    {
                        "line_text": "૧. કસ્તૂરબા સ્મારક ટ્રસ્ટ",
                        "bounding_box": [
                            {
                                "x": 260,
                                "y": 230
                            },
                            {
                                "x": 465,
                                "y": 230
                            },
                            {
                                "x": 465,
                                "y": 251
                            },
                            {
                                "x": 260,
                                "y": 251
                            }
                        ],
                        "confidence": 1
                    }
                ]
            },
            {
                "block_text": "ઉરુલી કાંચનમાં ( ૧૯૪૬ ના ) માર્ચની ૨૮ , ૨૯ અને ૩૦ મી તારીખોએ બે સભાઓ મળી હતી . એક કસ્તૂરબા સ્મારક ટ્રસ્ટના એજન્ટોની અને બીજી તેની કારોબારી સમિતિની , એજન્ટોની સભા પહેલવહેલી જ મળી . એજન્ટોના મનમાં અનેક રસિક પ્રશ્નો ધોળાતા હતા . એજન્ટો ધારા- સભાઓના સભ્યો કેમ ન બની શકે ? જવાબ સ્પષ્ટ છે કે , પોતાનું કામ મૂકીને તેઓ કરવા ચાહતા હોય તો ધારાસભ્ય તરીકેની ફરજ બજાવવાનો તેમને સમય રહે નહીં . એનું સચોટ કારણ તો એ છે કે , ગ્રામવાસીઓને ધારાસભ્યો પર આધાર રાખવો પડે છે તો તેથી તેમના પર ખોટો દાખલો બેસે .૧",
                "bounding_box": [
                    {
                        "x": 84,
                        "y": 263
                    },
                    {
                        "x": 647,
                        "y": 260
                    },
                    {
                        "x": 648,
                        "y": 530
                    },
                    {
                        "x": 85,
                        "y": 533
                    }
                ],
                "confidence": 1,
                "lines": [
                    {
                        "line_text": "ઉરુલી કાંચનમાં ( ૧૯૪૬ ના ) માર્ચની ૨૮ , ૨૯ અને ૩૦ મી તારીખોએ બે સભાઓ મળી હતી . એક કસ્તૂરબા સ્મારક ટ્રસ્ટના એજન્ટોની અને બીજી તેની કારોબારી સમિતિની , એજન્ટોની સભા પહેલવહેલી જ મળી . એજન્ટોના મનમાં અનેક રસિક પ્રશ્નો ધોળાતા હતા . એજન્ટો ધારા- સભાઓના સભ્યો કેમ ન બની શકે ? જવાબ સ્પષ્ટ છે કે , પોતાનું કામ મૂકીને તેઓ કરવા ચાહતા હોય તો ધારાસભ્ય તરીકેની ફરજ બજાવવાનો તેમને સમય રહે નહીં . એનું સચોટ કારણ તો એ છે કે , ગ્રામવાસીઓને ધારાસભ્યો પર આધાર રાખવો પડે છે તો તેથી તેમના પર ખોટો દાખલો બેસે .૧",
                        "bounding_box": [
                            {
                                "x": 84,
                                "y": 263
                            },
                            {
                                "x": 647,
                                "y": 260
                            },
                            {
                                "x": 648,
                                "y": 530
                            },
                            {
                                "x": 85,
                                "y": 533
                            }
                        ],
                        "confidence": 1
                    }
                ]
            },
            {
                "block_text": "૨. કેમ નહીં ?",
                "bounding_box": [
                    {
                        "x": 311,
                        "y": 544
                    },
                    {
                        "x": 426,
                        "y": 542
                    },
                    {
                        "x": 426,
                        "y": 565
                    },
                    {
                        "x": 311,
                        "y": 567
                    }
                ],
                "confidence": 1,
                "lines": [
                    {
                        "line_text": "૨. કેમ નહીં ?",
                        "bounding_box": [
                            {
                                "x": 311,
                                "y": 544
                            },
                            {
                                "x": 426,
                                "y": 542
                            },
                            {
                                "x": 426,
                                "y": 565
                            },
                            {
                                "x": 311,
                                "y": 567
                            }
                        ],
                        "confidence": 1
                    }
                ]
            },
            {
                "block_text": "કસ્તૂરબા ટ્રસ્ટની એજન્ટ ધારાસભાની સભ્ય થાય તો દેહાતીઓને ખોટો દાખલો બેસશે . મારું આ કહેવું એક બહેનને ખટકે છે . તે જણાવે છે કે , હાલની ધારાસભાઓ માટે આ વસ્તુ સાચી હશે , પણ જ્યારે રાજવહીવટ આપણા હાથમાં આવશે ત્યારે તેમનું સ્વરૂપ બદલાઈ જશે અને ધારાસભાના સભ્યો પ્રજાને દોરવણી આપશે . તેથી તે વખતે ધારાસભાઓમાં જવું લાભદાયક થશે , કેમ કે , જે કામ કરતાં સામાન્ય રીતે વર્ષો વીતે છે તે ધારાસભાની એક જ બેઠકમાં થઈ શકશે .",
                "bounding_box": [
                    {
                        "x": 141,
                        "y": 577
                    },
                    {
                        "x": 650,
                        "y": 576
                    },
                    {
                        "x": 650,
                        "y": 815
                    },
                    {
                        "x": 141,
                        "y": 816
                    }
                ],
                "confidence": 0.99999976,
                "lines": [
                    {
                        "line_text": "કસ્તૂરબા ટ્રસ્ટની એજન્ટ ધારાસભાની સભ્ય થાય તો દેહાતીઓને ખોટો દાખલો બેસશે . મારું આ કહેવું એક બહેનને ખટકે છે . તે જણાવે છે કે , હાલની ધારાસભાઓ માટે આ વસ્તુ સાચી હશે , પણ જ્યારે રાજવહીવટ આપણા હાથમાં આવશે ત્યારે તેમનું સ્વરૂપ બદલાઈ જશે અને ધારાસભાના સભ્યો પ્રજાને દોરવણી આપશે . તેથી તે વખતે ધારાસભાઓમાં જવું લાભદાયક થશે , કેમ કે , જે કામ કરતાં સામાન્ય રીતે વર્ષો વીતે છે તે ધારાસભાની એક જ બેઠકમાં થઈ શકશે .",
                        "bounding_box": [
                            {
                                "x": 141,
                                "y": 577
                            },
                            {
                                "x": 650,
                                "y": 576
                            },
                            {
                                "x": 650,
                                "y": 815
                            },
                            {
                                "x": 141,
                                "y": 816
                            }
                        ],
                        "confidence": 0.99999976
                    }
                ]
            },
            {
                "block_text": "આ દલીલમાં ત્રણ દોષ છે .",
                "bounding_box": [
                    {
                        "x": 152,
                        "y": 822
                    },
                    {
                        "x": 364,
                        "y": 822
                    },
                    {
                        "x": 364,
                        "y": 851
                    },
                    {
                        "x": 152,
                        "y": 851
                    }
                ],
                "confidence": 1,
                "lines": [
                    {
                        "line_text": "આ દલીલમાં ત્રણ દોષ છે .",
                        "bounding_box": [
                            {
                                "x": 152,
                                "y": 822
                            },
                            {
                                "x": 364,
                                "y": 822
                            },
                            {
                                "x": 364,
                                "y": 851
                            },
                            {
                                "x": 152,
                                "y": 851
                            }
                        ],
                        "confidence": 1
                    }
                ]
            },
            {
                "block_text": "પહેલાં તો , મેં આજની ને સ્વરાજની ધારાસભાઓ વચ્ચે ભેદ કર્યો જ નથી . એવો ભેદ મારી દલીલને અંગે બિનજરૂરી છે .",
                "bounding_box": [
                    {
                        "x": 88,
                        "y": 854
                    },
                    {
                        "x": 650,
                        "y": 854
                    },
                    {
                        "x": 650,
                        "y": 911
                    },
                    {
                        "x": 88,
                        "y": 911
                    }
                ],
                "confidence": 0.99999964,
                "lines": [
                    {
                        "line_text": "પહેલાં તો , મેં આજની ને સ્વરાજની ધારાસભાઓ વચ્ચે ભેદ કર્યો જ નથી . એવો ભેદ મારી દલીલને અંગે બિનજરૂરી છે .",
                        "bounding_box": [
                            {
                                "x": 88,
                                "y": 854
                            },
                            {
                                "x": 650,
                                "y": 854
                            },
                            {
                                "x": 650,
                                "y": 911
                            },
                            {
                                "x": 88,
                                "y": 911
                            }
                        ],
                        "confidence": 0.99999964
                    }
                ]
            },
            {
                "block_text": "બીજું , ધારાસભાના સભ્યો માર્ગદર્શક હોય છે , એ માન્યતા એક ખાલી ભ્રમણા છે . મતદારો સભ્યોને ધારાસભામાં મોકલે છે તેનું કારણ",
                "bounding_box": [
                    {
                        "x": 87,
                        "y": 916
                    },
                    {
                        "x": 650,
                        "y": 916
                    },
                    {
                        "x": 650,
                        "y": 973
                    },
                    {
                        "x": 87,
                        "y": 973
                    }
                ],
                "confidence": 1,
                "lines": [
                    {
                        "line_text": "બીજું , ધારાસભાના સભ્યો માર્ગદર્શક હોય છે , એ માન્યતા એક ખાલી ભ્રમણા છે . મતદારો સભ્યોને ધારાસભામાં મોકલે છે તેનું કારણ",
                        "bounding_box": [
                            {
                                "x": 87,
                                "y": 916
                            },
                            {
                                "x": 650,
                                "y": 916
                            },
                            {
                                "x": 650,
                                "y": 973
                            },
                            {
                                "x": 87,
                                "y": 973
                            }
                        ],
                        "confidence": 1
                    }
                ]
            },
            {
                "block_text": "૩૭",
                "bounding_box": [
                    {
                        "x": 355,
                        "y": 992
                    },
                    {
                        "x": 380,
                        "y": 992
                    },
                    {
                        "x": 380,
                        "y": 1006
                    },
                    {
                        "x": 355,
                        "y": 1006
                    }
                ],
                "confidence": 1,
                "lines": [
                    {
                        "line_text": "૩૭",
                        "bounding_box": [
                            {
                                "x": 355,
                                "y": 992
                            },
                            {
                                "x": 380,
                                "y": 992
                            },
                            {
                                "x": 380,
                                "y": 1006
                            },
                            {
                                "x": 355,
                                "y": 1006
                            }
                        ],
                        "confidence": 1
                    }
                ]
            }
        ]
    }
}