{
    "page_number": 48,
    "ocr_output": {
        "blocks": [
            {
                "block_text": "ગાંધીજીની અપેક્ષા",
                "bounding_box": [
                    {
                        "x": 300,
                        "y": 78
                    },
                    {
                        "x": 440,
                        "y": 79
                    },
                    {
                        "x": 440,
                        "y": 102
                    },
                    {
                        "x": 300,
                        "y": 101
                    }
                ],
                "confidence": 1,
                "lines": [
                    {
                        "line_text": "ગાંધીજીની અપેક્ષા",
                        "bounding_box": [
                            {
                                "x": 300,
                                "y": 78
                            },
                            {
                                "x": 440,
                                "y": 79
                            },
                            {
                                "x": 440,
                                "y": 102
                            },
                            {
                                "x": 300,
                                "y": 101
                            }
                        ],
                        "confidence": 1
                    }
                ]
            },
            {
                "block_text": "૧૭૬",
                "bounding_box": [
                    {
                        "x": 93,
                        "y": 84
                    },
                    {
                        "x": 130,
                        "y": 84
                    },
                    {
                        "x": 130,
                        "y": 99
                    },
                    {
                        "x": 93,
                        "y": 99
                    }
                ],
                "confidence": 1,
                "lines": [
                    {
                        "line_text": "૧૭૬",
                        "bounding_box": [
                            {
                                "x": 93,
                                "y": 84
                            },
                            {
                                "x": 130,
                                "y": 84
                            },
                            {
                                "x": 130,
                                "y": 99
                            },
                            {
                                "x": 93,
                                "y": 99
                            }
                        ],
                        "confidence": 1
                    }
                ]
            },
            {
                "block_text": "બીજી વાત : મારી પાસે એવી ફરિયાદો આવી છે કે , આજકાલ વેપારમાં પણ સરકાર પડી છે . દા . ત . અનાજનું તંત્ર રાજેન્દ્રબાબુ સંભાળે છે , કાપડનું તંત્ર રાજાજી સંભાળે છે . આવી જીવનજરૂરિયાતની મુખ્ય ચીજોનો વેપાર કોષ્ઠ પુરુષોના હાથમાં હોવા છતાં લોકોને જરૂર પૂરતું કાપડ કે ખાવાનું મળી શકતું નથી . કારણ કે સરકારી માણસો પુષ્કળ પ્રમાણમાં લાંચરુશવત લે છે . હું કહી શકતો નથી કે આ હકીકત કયાં સુધી સાચી છે . પણ જો સરકારી નોકરો આવા હોય તો જે ખાતાના જે પ્રધાનો હોય તેમણે યોગ્ય તપાસ કરવી જ જોઈએ . સરકારી માણસોની જેના ઉપર મહેરબાની હોય , જ્યાં લાગવગ હોય અથવા સગાંઓ હોય તેમને તુરત નોકરી મળે , સંખ્યા કરતાં બેત્રણ ગણાં રૅશનકાર્ડો મળે , આ તમામ હકીકત સાચી હોય તો આપણે શરમાવું જોઈએ . અને હવે વિદેશી સરકાર આપણા ઉપર રાજ્ય નથી કરતી , તેમ જ અંગ્રેજોના જમાનામાં નાના સરકારી નોકરો ઉપર જેવી જાતના હુકર્મો બજાવવામાં આવતા હતા , તેવા હુકમો હવે તમને કોઈ કરી શકે તેમ નથી . એટલે નાના- મોટા સહુએ દેશ પ્રત્યે વફાદારીપૂર્વક સેવા કરવી જોઈએ . નોકરી કરવી એટલે કેવળ પૈસા કમાઈ તમારું પેટ ભરાઈ જાય એટલે દુનિયા જીતી ગયા એ મનોવૃત્તિ હવે કાઢવી જોઈએ . અને આજથી હવે પંચાયત- રાજ શરૂ થાય છે તો જેટલા સિવિલ સર્વિસવાળા નોકરો છે તેઓને વિનંતીપૂર્વક સૂચવું છું કે , તમારી જવાબદારી આજથી દસ ગણી હવે વધે છે . જેટલી તમે વફાદારીપૂર્વક સેવા કરશો તેટલી સ્વરાજ્યમાં સુખ , શાંતિ અને સમૃદ્ધિ જલદી સાંપડશે .૪",
                "bounding_box": [
                    {
                        "x": 92,
                        "y": 121
                    },
                    {
                        "x": 648,
                        "y": 123
                    },
                    {
                        "x": 646,
                        "y": 767
                    },
                    {
                        "x": 90,
                        "y": 765
                    }
                ],
                "confidence": 0.99923736,
                "lines": [
                    {
                        "line_text": "બીજી વાત : મારી પાસે એવી ફરિયાદો આવી છે કે , આજકાલ વેપારમાં પણ સરકાર પડી છે . દા . ત . અનાજનું તંત્ર રાજેન્દ્રબાબુ સંભાળે છે , કાપડનું તંત્ર રાજાજી સંભાળે છે . આવી જીવનજરૂરિયાતની મુખ્ય ચીજોનો વેપાર કોષ્ઠ પુરુષોના હાથમાં હોવા છતાં લોકોને જરૂર પૂરતું કાપડ કે ખાવાનું મળી શકતું નથી . કારણ કે સરકારી માણસો પુષ્કળ પ્રમાણમાં લાંચરુશવત લે છે . હું કહી શકતો નથી કે આ હકીકત કયાં સુધી સાચી છે . પણ જો સરકારી નોકરો આવા હોય તો જે ખાતાના જે પ્રધાનો હોય તેમણે યોગ્ય તપાસ કરવી જ જોઈએ . સરકારી માણસોની જેના ઉપર મહેરબાની હોય , જ્યાં લાગવગ હોય અથવા સગાંઓ હોય તેમને તુરત નોકરી મળે , સંખ્યા કરતાં બેત્રણ ગણાં રૅશનકાર્ડો મળે , આ તમામ હકીકત સાચી હોય તો આપણે શરમાવું જોઈએ . અને હવે વિદેશી સરકાર આપણા ઉપર રાજ્ય નથી કરતી , તેમ જ અંગ્રેજોના જમાનામાં નાના સરકારી નોકરો ઉપર જેવી જાતના હુકર્મો બજાવવામાં આવતા હતા , તેવા હુકમો હવે તમને કોઈ કરી શકે તેમ નથી . એટલે નાના- મોટા સહુએ દેશ પ્રત્યે વફાદારીપૂર્વક સેવા કરવી જોઈએ . નોકરી કરવી એટલે કેવળ પૈસા કમાઈ તમારું પેટ ભરાઈ જાય એટલે દુનિયા જીતી ગયા એ મનોવૃત્તિ હવે કાઢવી જોઈએ . અને આજથી હવે પંચાયત- રાજ શરૂ થાય છે તો જેટલા સિવિલ સર્વિસવાળા નોકરો છે તેઓને વિનંતીપૂર્વક સૂચવું છું કે , તમારી જવાબદારી આજથી દસ ગણી હવે વધે છે . જેટલી તમે વફાદારીપૂર્વક સેવા કરશો તેટલી સ્વરાજ્યમાં સુખ , શાંતિ અને સમૃદ્ધિ જલદી સાંપડશે .૪",
                        "bounding_box": [
                            {
                                "x": 92,
                                "y": 121
                            },
                            {
                                "x": 648,
                                "y": 123
                            },
                            {
                                "x": 646,
                                "y": 767
                            },
                            {
                                "x": 90,
                                "y": 765
                            }
                        ],
                        "confidence": 0.99923736
                    }
                ]
            },
            {
                "block_text": "ઘોડદોડ અને સરકારી નોકરો",
                "bounding_box": [
                    {
                        "x": 261,
                        "y": 775
                    },
                    {
                        "x": 480,
                        "y": 775
                    },
                    {
                        "x": 480,
                        "y": 795
                    },
                    {
                        "x": 261,
                        "y": 795
                    }
                ],
                "confidence": 1,
                "lines": [
                    {
                        "line_text": "ઘોડદોડ અને સરકારી નોકરો",
                        "bounding_box": [
                            {
                                "x": 261,
                                "y": 775
                            },
                            {
                                "x": 480,
                                "y": 775
                            },
                            {
                                "x": 480,
                                "y": 795
                            },
                            {
                                "x": 261,
                                "y": 795
                            }
                        ],
                        "confidence": 1
                    }
                ]
            },
            {
                "block_text": "આ વિષય ઉપર એક જાણીતા ભાઈ લખે છે :",
                "bounding_box": [
                    {
                        "x": 158,
                        "y": 807
                    },
                    {
                        "x": 515,
                        "y": 807
                    },
                    {
                        "x": 515,
                        "y": 837
                    },
                    {
                        "x": 158,
                        "y": 837
                    }
                ],
                "confidence": 1,
                "lines": [
                    {
                        "line_text": "આ વિષય ઉપર એક જાણીતા ભાઈ લખે છે :",
                        "bounding_box": [
                            {
                                "x": 158,
                                "y": 807
                            },
                            {
                                "x": 515,
                                "y": 807
                            },
                            {
                                "x": 515,
                                "y": 837
                            },
                            {
                                "x": 158,
                                "y": 837
                            }
                        ],
                        "confidence": 1
                    }
                ]
            },
            {
                "block_text": "“ આ સાથે જાહેરખબરની એક કાપલી મોકલું છું . મુંબઈમાં વરસાદ વધારે એટલે ચોમાસા દરમ્યાન ઘોડદોડ પૂનામાં થાય છે . દર શનિવારે એક તો હોય જ . ઉપરાંત વચ્ચે તહેવારોની રજા આવે ત્યારે પ્રત્યેક ઘોડદોડ પ્રસંગે ત્રણ સ્પેશિયલ ટ્રેન જાય ને આવે . ઘણાં અગત્યનાં કાર્યો માટે પણ આ આવજાનાં સાધનો પૂરાં નથી પડતાં . યાત્રાઓ બંધ કરાવવામાં આવે છે . કામધંધે",
                "bounding_box": [
                    {
                        "x": 147,
                        "y": 836
                    },
                    {
                        "x": 647,
                        "y": 838
                    },
                    {
                        "x": 646,
                        "y": 1023
                    },
                    {
                        "x": 146,
                        "y": 1021
                    }
                ],
                "confidence": 0.99759424,
                "lines": [
                    {
                        "line_text": "“ આ સાથે જાહેરખબરની એક કાપલી મોકલું છું . મુંબઈમાં વરસાદ વધારે એટલે ચોમાસા દરમ્યાન ઘોડદોડ પૂનામાં થાય છે . દર શનિવારે એક તો હોય જ . ઉપરાંત વચ્ચે તહેવારોની રજા આવે ત્યારે પ્રત્યેક ઘોડદોડ પ્રસંગે ત્રણ સ્પેશિયલ ટ્રેન જાય ને આવે . ઘણાં અગત્યનાં કાર્યો માટે પણ આ આવજાનાં સાધનો પૂરાં નથી પડતાં . યાત્રાઓ બંધ કરાવવામાં આવે છે . કામધંધે",
                        "bounding_box": [
                            {
                                "x": 147,
                                "y": 836
                            },
                            {
                                "x": 647,
                                "y": 838
                            },
                            {
                                "x": 646,
                                "y": 1023
                            },
                            {
                                "x": 146,
                                "y": 1021
                            }
                        ],
                        "confidence": 0.99759424
                    }
                ]
            }
        ]
    }
}