{
    "page_number": 47,
    "ocr_output": {
        "blocks": [
            {
                "block_text": "સરકારી નોકરીઓ",
                "bounding_box": [
                    {
                        "x": 299,
                        "y": 79
                    },
                    {
                        "x": 441,
                        "y": 77
                    },
                    {
                        "x": 441,
                        "y": 100
                    },
                    {
                        "x": 299,
                        "y": 102
                    }
                ],
                "confidence": 1,
                "lines": [
                    {
                        "line_text": "સરકારી નોકરીઓ",
                        "bounding_box": [
                            {
                                "x": 299,
                                "y": 79
                            },
                            {
                                "x": 441,
                                "y": 77
                            },
                            {
                                "x": 441,
                                "y": 100
                            },
                            {
                                "x": 299,
                                "y": 102
                            }
                        ],
                        "confidence": 1
                    }
                ]
            },
            {
                "block_text": "૧૭૫",
                "bounding_box": [
                    {
                        "x": 609,
                        "y": 84
                    },
                    {
                        "x": 650,
                        "y": 84
                    },
                    {
                        "x": 650,
                        "y": 100
                    },
                    {
                        "x": 609,
                        "y": 100
                    }
                ],
                "confidence": 1,
                "lines": [
                    {
                        "line_text": "૧૭૫",
                        "bounding_box": [
                            {
                                "x": 609,
                                "y": 84
                            },
                            {
                                "x": 650,
                                "y": 84
                            },
                            {
                                "x": 650,
                                "y": 100
                            },
                            {
                                "x": 609,
                                "y": 100
                            }
                        ],
                        "confidence": 1
                    }
                ]
            },
            {
                "block_text": "નહોતો ત્યારે તો આપણે કોઈને દર મહિને પગાર નહોતા ચૂકવતા . દર મહિને પગાર આપવો , રહેવાનું મજાનું મકાન આપવું અને પાર્લમેન્ટરી સેક્રેટરીઓ બનાવવા એ મને ખૂંચે છે . કોંગ્રેસનું કામ હંમેશ સેવા કરવાનું રહ્યું છે . પહેલાં આપણે સ્વતંત્રતા મેળવવા ચાહતા હતા . હવે હિંદુસ્તાનને ઉપર લાવવાનું કામ આપણે કરવાનું છે . આપણે એવી રચના કરવી છે કે હિંદુ , શીખ , મુસલમાન , પારસી , ખ્રિસ્તી સૌ અહીં શાંતિથી રહે . આ કામને માટે શું આપણે પગારો આપીશું ? પૈસા આપીશું ? આજ સુધી નહોતા આપતા તો હવે કેમ આપીશું ? ચૌદમી ઑગસ્ટ પછી આપણે દેશને કેટલો આગળ વધાર્યો ? કેટલું પાણી જમીનને આપ્યું ? ને તેથી કેટલી ઊપજ વધી ? કેટલા નવા ઉદ્યોગધંધા શરૂ થયા ? આનો હિસાબ કાઢો . પૈસા આપ્યાથી શું વળે ? પૈસા આપે શું થાય ? પૈસા શું કરી શકે ? હિંદનું કામ આગળ વધે , તેનું નામ વધે ને તેની કિંમત વધે તો તો વાત ખરી . પછી ગામડાંમાં રહેનારાઓને પણ થશે કે ના હવે કંઈક ચાલ્યું ખરું ! એવું જો કંઈ બને નહીં ને આપણે ખરચ પર ખરચ વધાર્યા જઈએ એ કેમ બને ? એ કેમ ચાલશે ? હરેક પેઢીને પોતાની આવક ને પોતાના ખર્ચનો હિસાબ રાખવો પડે છે . ખરચ કરતાં આવક વધારે થાય તો પેઢી ચલાવવાની સારી લાગે . પણ એથી ઊલટું બને તો ફિકર કરવાની જ રહે ને ? હિંદુસ્તાન એક બડી મોટી પેઢી છે . આજે આપણા હાથમાં પૈસો આવ્યો છે એટલે આપણે નાચીએ છીએ . પણ આપણે સંભાળીને નહીં ચાલીએ તો એ પૈસો ટકવાનો નથી એ ભૂલશો મા .૩ સિવિલ સર્વિસના નોકરોની ફરજો",
                "bounding_box": [
                    {
                        "x": 87,
                        "y": 122
                    },
                    {
                        "x": 649,
                        "y": 122
                    },
                    {
                        "x": 649,
                        "y": 761
                    },
                    {
                        "x": 87,
                        "y": 761
                    }
                ],
                "confidence": 0.9999904,
                "lines": [
                    {
                        "line_text": "નહોતો ત્યારે તો આપણે કોઈને દર મહિને પગાર નહોતા ચૂકવતા . દર મહિને પગાર આપવો , રહેવાનું મજાનું મકાન આપવું અને પાર્લમેન્ટરી સેક્રેટરીઓ બનાવવા એ મને ખૂંચે છે . કોંગ્રેસનું કામ હંમેશ સેવા કરવાનું રહ્યું છે . પહેલાં આપણે સ્વતંત્રતા મેળવવા ચાહતા હતા . હવે હિંદુસ્તાનને ઉપર લાવવાનું કામ આપણે કરવાનું છે . આપણે એવી રચના કરવી છે કે હિંદુ , શીખ , મુસલમાન , પારસી , ખ્રિસ્તી સૌ અહીં શાંતિથી રહે . આ કામને માટે શું આપણે પગારો આપીશું ? પૈસા આપીશું ? આજ સુધી નહોતા આપતા તો હવે કેમ આપીશું ? ચૌદમી ઑગસ્ટ પછી આપણે દેશને કેટલો આગળ વધાર્યો ? કેટલું પાણી જમીનને આપ્યું ? ને તેથી કેટલી ઊપજ વધી ? કેટલા નવા ઉદ્યોગધંધા શરૂ થયા ? આનો હિસાબ કાઢો . પૈસા આપ્યાથી શું વળે ? પૈસા આપે શું થાય ? પૈસા શું કરી શકે ? હિંદનું કામ આગળ વધે , તેનું નામ વધે ને તેની કિંમત વધે તો તો વાત ખરી . પછી ગામડાંમાં રહેનારાઓને પણ થશે કે ના હવે કંઈક ચાલ્યું ખરું ! એવું જો કંઈ બને નહીં ને આપણે ખરચ પર ખરચ વધાર્યા જઈએ એ કેમ બને ? એ કેમ ચાલશે ? હરેક પેઢીને પોતાની આવક ને પોતાના ખર્ચનો હિસાબ રાખવો પડે છે . ખરચ કરતાં આવક વધારે થાય તો પેઢી ચલાવવાની સારી લાગે . પણ એથી ઊલટું બને તો ફિકર કરવાની જ રહે ને ? હિંદુસ્તાન એક બડી મોટી પેઢી છે . આજે આપણા હાથમાં પૈસો આવ્યો છે એટલે આપણે નાચીએ છીએ . પણ આપણે સંભાળીને નહીં ચાલીએ તો એ પૈસો ટકવાનો નથી એ ભૂલશો મા .૩ સિવિલ સર્વિસના નોકરોની ફરજો",
                        "bounding_box": [
                            {
                                "x": 87,
                                "y": 122
                            },
                            {
                                "x": 649,
                                "y": 122
                            },
                            {
                                "x": 649,
                                "y": 761
                            },
                            {
                                "x": 87,
                                "y": 761
                            }
                        ],
                        "confidence": 0.9999904
                    }
                ]
            },
            {
                "block_text": "લોકશાહી એ જ છે કે તેને માટે રસ્તે ચાલતો માણસ શું બોલે છે તેનો પણ અભ્યાસ કરવો જરૂરી છે , અને તેવું રાજ્ય વાઇસરૉયના મહેલમાં કે આલેશાન મકાનમાં ન ચાલે . પણ આપણે તો ગરીબ છીએ . એટલે પગે ચાલીને કામ થઈ શકે તો મોટરનો ઉપયોગ ન કરીએ . કોઈ કદાચ મોટરમાં બેસવાનું કહે તોપણ કહીશું કે , તમારી મોટર તમને મુબારક , અમે તો ચાલીને જ ઑફિસે જઈશું . મહેલોમાં રહેનાર કે મોટર- માં ફરનાર રાજ્ય નથી ચલાવી શકતો , કારણ કે તેને આમજનતાના શા પ્રત્યાઘાત છે તેની માહિતી મળવી મુશ્કેલ પડે છે . પણ ચાલીને ફરે , અને આમજનતાની વચ્ચે રહે તો તેને સાચી માહિતી સાંપડી શકે .",
                "bounding_box": [
                    {
                        "x": 87,
                        "y": 762
                    },
                    {
                        "x": 649,
                        "y": 762
                    },
                    {
                        "x": 649,
                        "y": 1017
                    },
                    {
                        "x": 87,
                        "y": 1017
                    }
                ],
                "confidence": 0.99999934,
                "lines": [
                    {
                        "line_text": "લોકશાહી એ જ છે કે તેને માટે રસ્તે ચાલતો માણસ શું બોલે છે તેનો પણ અભ્યાસ કરવો જરૂરી છે , અને તેવું રાજ્ય વાઇસરૉયના મહેલમાં કે આલેશાન મકાનમાં ન ચાલે . પણ આપણે તો ગરીબ છીએ . એટલે પગે ચાલીને કામ થઈ શકે તો મોટરનો ઉપયોગ ન કરીએ . કોઈ કદાચ મોટરમાં બેસવાનું કહે તોપણ કહીશું કે , તમારી મોટર તમને મુબારક , અમે તો ચાલીને જ ઑફિસે જઈશું . મહેલોમાં રહેનાર કે મોટર- માં ફરનાર રાજ્ય નથી ચલાવી શકતો , કારણ કે તેને આમજનતાના શા પ્રત્યાઘાત છે તેની માહિતી મળવી મુશ્કેલ પડે છે . પણ ચાલીને ફરે , અને આમજનતાની વચ્ચે રહે તો તેને સાચી માહિતી સાંપડી શકે .",
                        "bounding_box": [
                            {
                                "x": 87,
                                "y": 762
                            },
                            {
                                "x": 649,
                                "y": 762
                            },
                            {
                                "x": 649,
                                "y": 1017
                            },
                            {
                                "x": 87,
                                "y": 1017
                            }
                        ],
                        "confidence": 0.99999934
                    }
                ]
            }
        ]
    }
}