{
    "page_number": 43,
    "ocr_output": {
        "blocks": [
            {
                "block_text": "કાયદા દ્વારા સુધારા",
                "bounding_box": [
                    {
                        "x": 299,
                        "y": 79
                    },
                    {
                        "x": 448,
                        "y": 81
                    },
                    {
                        "x": 448,
                        "y": 107
                    },
                    {
                        "x": 299,
                        "y": 105
                    }
                ],
                "confidence": 0.8875607,
                "lines": [
                    {
                        "line_text": "કાયદા દ્વારા સુધારા",
                        "bounding_box": [
                            {
                                "x": 299,
                                "y": 79
                            },
                            {
                                "x": 448,
                                "y": 81
                            },
                            {
                                "x": 448,
                                "y": 107
                            },
                            {
                                "x": 299,
                                "y": 105
                            }
                        ],
                        "confidence": 0.8875607
                    }
                ]
            },
            {
                "block_text": "૪૧",
                "bounding_box": [
                    {
                        "x": 621,
                        "y": 85
                    },
                    {
                        "x": 644,
                        "y": 85
                    },
                    {
                        "x": 644,
                        "y": 100
                    },
                    {
                        "x": 621,
                        "y": 100
                    }
                ],
                "confidence": 1,
                "lines": [
                    {
                        "line_text": "૪૧",
                        "bounding_box": [
                            {
                                "x": 621,
                                "y": 85
                            },
                            {
                                "x": 644,
                                "y": 85
                            },
                            {
                                "x": 644,
                                "y": 100
                            },
                            {
                                "x": 621,
                                "y": 100
                            }
                        ],
                        "confidence": 1
                    }
                ]
            },
            {
                "block_text": "પણ તેમાંથી મૂળ અનિષ્ટ કરતાં ખરાબ એવાં અનેક અનિષ્ટો પેદા",
                "bounding_box": [
                    {
                        "x": 89,
                        "y": 126
                    },
                    {
                        "x": 645,
                        "y": 123
                    },
                    {
                        "x": 645,
                        "y": 150
                    },
                    {
                        "x": 89,
                        "y": 153
                    }
                ],
                "confidence": 1,
                "lines": [
                    {
                        "line_text": "પણ તેમાંથી મૂળ અનિષ્ટ કરતાં ખરાબ એવાં અનેક અનિષ્ટો પેદા",
                        "bounding_box": [
                            {
                                "x": 89,
                                "y": 126
                            },
                            {
                                "x": 645,
                                "y": 123
                            },
                            {
                                "x": 645,
                                "y": 150
                            },
                            {
                                "x": 89,
                                "y": 153
                            }
                        ],
                        "confidence": 1
                    }
                ]
            },
            {
                "block_text": "છે .",
                "bounding_box": [
                    {
                        "x": 138,
                        "y": 152
                    },
                    {
                        "x": 147,
                        "y": 151
                    },
                    {
                        "x": 149,
                        "y": 179
                    },
                    {
                        "x": 140,
                        "y": 180
                    }
                ],
                "confidence": 1,
                "lines": [
                    {
                        "line_text": "છે .",
                        "bounding_box": [
                            {
                                "x": 138,
                                "y": 152
                            },
                            {
                                "x": 147,
                                "y": 151
                            },
                            {
                                "x": 149,
                                "y": 179
                            },
                            {
                                "x": 140,
                                "y": 180
                            }
                        ],
                        "confidence": 1
                    }
                ]
            },
            {
                "block_text": "થાય",
                "bounding_box": [
                    {
                        "x": 89,
                        "y": 157
                    },
                    {
                        "x": 116,
                        "y": 155
                    },
                    {
                        "x": 118,
                        "y": 182
                    },
                    {
                        "x": 91,
                        "y": 184
                    }
                ],
                "confidence": 1,
                "lines": [
                    {
                        "line_text": "થાય",
                        "bounding_box": [
                            {
                                "x": 89,
                                "y": 157
                            },
                            {
                                "x": 116,
                                "y": 155
                            },
                            {
                                "x": 118,
                                "y": 182
                            },
                            {
                                "x": 91,
                                "y": 184
                            }
                        ],
                        "confidence": 1
                    }
                ]
            },
            {
                "block_text": "એક વખત અમુક કાયદો પસાર થઈ ગયો પછી તેને બદલવામાં અનેક મુસીબતો આવી પડે . પ્રજામત ઘણો કેળવાય ત્યારે જ થયેલા કાયદા રદ થઈ શકે છે . જે પ્રજાતંત્રમાં હંમેશાં કાયદાની રદબદલી થયા જ કરે છે તે પ્રજાને સુવ્યવસ્થિત ન ગણી શકાય .",
                "bounding_box": [
                    {
                        "x": 89,
                        "y": 189
                    },
                    {
                        "x": 648,
                        "y": 188
                    },
                    {
                        "x": 648,
                        "y": 313
                    },
                    {
                        "x": 89,
                        "y": 314
                    }
                ],
                "confidence": 0.99999994,
                "lines": [
                    {
                        "line_text": "એક વખત અમુક કાયદો પસાર થઈ ગયો પછી તેને બદલવામાં અનેક મુસીબતો આવી પડે . પ્રજામત ઘણો કેળવાય ત્યારે જ થયેલા કાયદા રદ થઈ શકે છે . જે પ્રજાતંત્રમાં હંમેશાં કાયદાની રદબદલી થયા જ કરે છે તે પ્રજાને સુવ્યવસ્થિત ન ગણી શકાય .",
                        "bounding_box": [
                            {
                                "x": 89,
                                "y": 189
                            },
                            {
                                "x": 648,
                                "y": 188
                            },
                            {
                                "x": 648,
                                "y": 313
                            },
                            {
                                "x": 89,
                                "y": 314
                            }
                        ],
                        "confidence": 0.99999994
                    }
                ]
            },
            {
                "block_text": "દીન , દલિત , પતિતને મૂડીદારોએ , જમીનદારોએ , ઉચ્ચ કહેવાતા વર્ષાએ અને છેવટે શાસ્ત્રશુદ્ધ રીતે અંગ્રેજ રાજકર્તાઓએ જે કીચડમાં ડુબાડી દીધા છે તેમાંથી તેમનો ઉદ્ધાર કરવા માટે ભારતવર્ષને આવતાં ઘણાં વરસ સુધી કાયદાઓ પસાર કર્યા કરવા પડશે એવી મને બીક છે . આ લોકોને જો આપણે કીચડમાંથી બહાર કાઢવા હોય તો , પોતાનું ઘર વ્યવસ્થિત કરવા માટે , આ લોકોનો વિચાર પહેલો કરવાની અને જે બોજાઓ નીચે તેઓ કચડાઈ રહ્યા છે તેમાંથી તેમને છોડવવાની પણ રાષ્ટ્રીય સરકારની ફરજ થઈ પડશે . અને જો જમીનદારો , નિકો અને આજે જેઓ ખાસ હકો ભોગવી રહ્યા છે એવા લોકો – તેઓ ગોરા હોય કે હિંદી એની દરકાર મને નથી – જુએ કે તેમની સામે ભેદભાવ રખાય છે , તો હું તેમના પ્રત્યે સહાનુભૂતિ બતાવીશ , પણ મારાથી મદદ થઈ શકતી હશે તોપણ હું મદદ નહીં કરું ; કેમ કે હું તો એ ક્રિયામાં તેમની મદદ માગીશ ; અને તેમની મદદ વિના આ લોકોને કીચડમાંથી બહાર કાઢી શકાશે જ નહીં .",
                "bounding_box": [
                    {
                        "x": 89,
                        "y": 320
                    },
                    {
                        "x": 649,
                        "y": 320
                    },
                    {
                        "x": 649,
                        "y": 740
                    },
                    {
                        "x": 89,
                        "y": 740
                    }
                ],
                "confidence": 0.9989012,
                "lines": [
                    {
                        "line_text": "દીન , દલિત , પતિતને મૂડીદારોએ , જમીનદારોએ , ઉચ્ચ કહેવાતા વર્ષાએ અને છેવટે શાસ્ત્રશુદ્ધ રીતે અંગ્રેજ રાજકર્તાઓએ જે કીચડમાં ડુબાડી દીધા છે તેમાંથી તેમનો ઉદ્ધાર કરવા માટે ભારતવર્ષને આવતાં ઘણાં વરસ સુધી કાયદાઓ પસાર કર્યા કરવા પડશે એવી મને બીક છે . આ લોકોને જો આપણે કીચડમાંથી બહાર કાઢવા હોય તો , પોતાનું ઘર વ્યવસ્થિત કરવા માટે , આ લોકોનો વિચાર પહેલો કરવાની અને જે બોજાઓ નીચે તેઓ કચડાઈ રહ્યા છે તેમાંથી તેમને છોડવવાની પણ રાષ્ટ્રીય સરકારની ફરજ થઈ પડશે . અને જો જમીનદારો , નિકો અને આજે જેઓ ખાસ હકો ભોગવી રહ્યા છે એવા લોકો – તેઓ ગોરા હોય કે હિંદી એની દરકાર મને નથી – જુએ કે તેમની સામે ભેદભાવ રખાય છે , તો હું તેમના પ્રત્યે સહાનુભૂતિ બતાવીશ , પણ મારાથી મદદ થઈ શકતી હશે તોપણ હું મદદ નહીં કરું ; કેમ કે હું તો એ ક્રિયામાં તેમની મદદ માગીશ ; અને તેમની મદદ વિના આ લોકોને કીચડમાંથી બહાર કાઢી શકાશે જ નહીં .",
                        "bounding_box": [
                            {
                                "x": 89,
                                "y": 320
                            },
                            {
                                "x": 649,
                                "y": 320
                            },
                            {
                                "x": 649,
                                "y": 740
                            },
                            {
                                "x": 89,
                                "y": 740
                            }
                        ],
                        "confidence": 0.9989012
                    }
                ]
            },
            {
                "block_text": "એટલે એ ધનિક અને અશ્ચિનની લડાઈ હશે . અને જો આ વાતનો ડર લાગતો હોય તો , અને જે આ બધા વર્ગો પેલાં મૂગાં કરોડોનાં માથાં સામે તમંચો ધરીને કહે કે જ્યાં સુધી તમે અમારી માલ- મિલકત અને અમારા હકોની ખોળાધરી નહીં આપો ત્યાં સુધી તમને સ્વરાજ નહીં જ મળે , તો મને બીક છે કે રાષ્ટ્રીય સરકારનો જન્મ જ થવો અસંભવિત છે .૪",
                "bounding_box": [
                    {
                        "x": 91,
                        "y": 747
                    },
                    {
                        "x": 646,
                        "y": 749
                    },
                    {
                        "x": 645,
                        "y": 928
                    },
                    {
                        "x": 90,
                        "y": 926
                    }
                ],
                "confidence": 0.99349517,
                "lines": [
                    {
                        "line_text": "એટલે એ ધનિક અને અશ્ચિનની લડાઈ હશે . અને જો આ વાતનો ડર લાગતો હોય તો , અને જે આ બધા વર્ગો પેલાં મૂગાં કરોડોનાં માથાં સામે તમંચો ધરીને કહે કે જ્યાં સુધી તમે અમારી માલ- મિલકત અને અમારા હકોની ખોળાધરી નહીં આપો ત્યાં સુધી તમને સ્વરાજ નહીં જ મળે , તો મને બીક છે કે રાષ્ટ્રીય સરકારનો જન્મ જ થવો અસંભવિત છે .૪",
                        "bounding_box": [
                            {
                                "x": 91,
                                "y": 747
                            },
                            {
                                "x": 646,
                                "y": 749
                            },
                            {
                                "x": 645,
                                "y": 928
                            },
                            {
                                "x": 90,
                                "y": 926
                            }
                        ],
                        "confidence": 0.99349517
                    }
                ]
            }
        ]
    }
}