{
    "page_number": 42,
    "ocr_output": {
        "blocks": [
            {
                "block_text": "ગાંધીજીની અપેક્ષા",
                "bounding_box": [
                    {
                        "x": 293,
                        "y": 77
                    },
                    {
                        "x": 436,
                        "y": 78
                    },
                    {
                        "x": 436,
                        "y": 99
                    },
                    {
                        "x": 293,
                        "y": 98
                    }
                ],
                "confidence": 1,
                "lines": [
                    {
                        "line_text": "ગાંધીજીની અપેક્ષા",
                        "bounding_box": [
                            {
                                "x": 293,
                                "y": 77
                            },
                            {
                                "x": 436,
                                "y": 78
                            },
                            {
                                "x": 436,
                                "y": 99
                            },
                            {
                                "x": 293,
                                "y": 98
                            }
                        ],
                        "confidence": 1
                    }
                ]
            },
            {
                "block_text": "પુખ્ત મતાધિકાર અને અક્ષરજ્ઞાન",
                "bounding_box": [
                    {
                        "x": 243,
                        "y": 124
                    },
                    {
                        "x": 510,
                        "y": 124
                    },
                    {
                        "x": 510,
                        "y": 151
                    },
                    {
                        "x": 243,
                        "y": 151
                    }
                ],
                "confidence": 1,
                "lines": [
                    {
                        "line_text": "પુખ્ત મતાધિકાર અને અક્ષરજ્ઞાન",
                        "bounding_box": [
                            {
                                "x": 243,
                                "y": 124
                            },
                            {
                                "x": 510,
                                "y": 124
                            },
                            {
                                "x": 510,
                                "y": 151
                            },
                            {
                                "x": 243,
                                "y": 151
                            }
                        ],
                        "confidence": 1
                    }
                ]
            },
            {
                "block_text": "૪૦",
                "bounding_box": [
                    {
                        "x": 87,
                        "y": 84
                    },
                    {
                        "x": 113,
                        "y": 84
                    },
                    {
                        "x": 113,
                        "y": 99
                    },
                    {
                        "x": 87,
                        "y": 99
                    }
                ],
                "confidence": 1,
                "lines": [
                    {
                        "line_text": "૪૦",
                        "bounding_box": [
                            {
                                "x": 87,
                                "y": 84
                            },
                            {
                                "x": 113,
                                "y": 84
                            },
                            {
                                "x": 113,
                                "y": 99
                            },
                            {
                                "x": 87,
                                "y": 99
                            }
                        ],
                        "confidence": 1
                    }
                ]
            },
            {
                "block_text": "અત્યાર સુધી હું એમ માનતો ને કહેતો આવ્યો છું કે પુખ્ત વયનું દરેક માણસ — પછી તે નિરક્ષર હો કે સાક્ષર — તેને મત આપવાનો અધિકાર હોવો જોઈએ . મહાસભાના બંધારણના અમલનું નિરીક્ષણ કરતાં કરતાં મારો મત બદલાયો છે . હવે હું એમ માનતો થયો છું કે મતા- ધિકારને માટે અક્ષરજ્ઞાન આવશ્યક ગણાવું જોઈએ . એનાં બે કારણ છે . મત એ એક ખાસ હકરૂપ ગણાવા જોઈએ . અને તેને માટે કંઈક લાયકાત આવશ્યક મનાવી જોઈએ . સાદામાં સાદી લાયકાત એ અક્ષર- જ્ઞાનની — લખતાં વાંચતાં આવડવાની છે . અને અક્ષરજ્ઞાનવાળા મતા- ધિકારવાળા બંધારણ અનુસાર નિમાયેલું પ્રધાનમંડળ જો મતાધિકારથી વંચિત એવા નિરક્ષર પ્રજાજનોના હિતની કાળજી રાખનારું હશે તો અતિ આવશ્યક એવું અક્ષરજ્ઞાન જોતજોતામાં આવી જશે .",
                "bounding_box": [
                    {
                        "x": 87,
                        "y": 164
                    },
                    {
                        "x": 649,
                        "y": 164
                    },
                    {
                        "x": 649,
                        "y": 499
                    },
                    {
                        "x": 87,
                        "y": 499
                    }
                ],
                "confidence": 0.9964768,
                "lines": [
                    {
                        "line_text": "અત્યાર સુધી હું એમ માનતો ને કહેતો આવ્યો છું કે પુખ્ત વયનું દરેક માણસ — પછી તે નિરક્ષર હો કે સાક્ષર — તેને મત આપવાનો અધિકાર હોવો જોઈએ . મહાસભાના બંધારણના અમલનું નિરીક્ષણ કરતાં કરતાં મારો મત બદલાયો છે . હવે હું એમ માનતો થયો છું કે મતા- ધિકારને માટે અક્ષરજ્ઞાન આવશ્યક ગણાવું જોઈએ . એનાં બે કારણ છે . મત એ એક ખાસ હકરૂપ ગણાવા જોઈએ . અને તેને માટે કંઈક લાયકાત આવશ્યક મનાવી જોઈએ . સાદામાં સાદી લાયકાત એ અક્ષર- જ્ઞાનની — લખતાં વાંચતાં આવડવાની છે . અને અક્ષરજ્ઞાનવાળા મતા- ધિકારવાળા બંધારણ અનુસાર નિમાયેલું પ્રધાનમંડળ જો મતાધિકારથી વંચિત એવા નિરક્ષર પ્રજાજનોના હિતની કાળજી રાખનારું હશે તો અતિ આવશ્યક એવું અક્ષરજ્ઞાન જોતજોતામાં આવી જશે .",
                        "bounding_box": [
                            {
                                "x": 87,
                                "y": 164
                            },
                            {
                                "x": 649,
                                "y": 164
                            },
                            {
                                "x": 649,
                                "y": 499
                            },
                            {
                                "x": 87,
                                "y": 499
                            }
                        ],
                        "confidence": 0.9964768
                    }
                ]
            },
            {
                "block_text": "૨૦",
                "bounding_box": [
                    {
                        "x": 352,
                        "y": 569
                    },
                    {
                        "x": 382,
                        "y": 569
                    },
                    {
                        "x": 382,
                        "y": 591
                    },
                    {
                        "x": 352,
                        "y": 591
                    }
                ],
                "confidence": 1,
                "lines": [
                    {
                        "line_text": "૨૦",
                        "bounding_box": [
                            {
                                "x": 352,
                                "y": 569
                            },
                            {
                                "x": 382,
                                "y": 569
                            },
                            {
                                "x": 382,
                                "y": 591
                            },
                            {
                                "x": 352,
                                "y": 591
                            }
                        ],
                        "confidence": 1
                    }
                ]
            },
            {
                "block_text": "કાયદા દ્વારા સુધારા",
                "bounding_box": [
                    {
                        "x": 264,
                        "y": 608
                    },
                    {
                        "x": 476,
                        "y": 611
                    },
                    {
                        "x": 475,
                        "y": 645
                    },
                    {
                        "x": 263,
                        "y": 642
                    }
                ],
                "confidence": 0.9999999,
                "lines": [
                    {
                        "line_text": "કાયદા દ્વારા સુધારા",
                        "bounding_box": [
                            {
                                "x": 264,
                                "y": 608
                            },
                            {
                                "x": 476,
                                "y": 611
                            },
                            {
                                "x": 475,
                                "y": 645
                            },
                            {
                                "x": 263,
                                "y": 642
                            }
                        ],
                        "confidence": 0.9999999
                    }
                ]
            },
            {
                "block_text": "લોકો એમ માનતા લાગે છે કે કોઈ પણ અનિષ્ટની વિરુદ્ધ કાંઈ કાયદો કરવામાં આવ્યો કે તુરત જ બીજી કશી ભાંજગડ વિના તે નાબૂદ થશે . આના જેવી ભયંકર છેતરામણ એકે નથી . કોઈ દુષ્ટ બુદ્ધિના અજ્ઞાન અથવા નાનકડા સમાજની સામે કાયદો કરવામાં આવે છે તો તેની અસર પણ થાય છે ; પણ જે કાયદાની સામે સમજુ અને વ્યવસ્થિત લોકમતનો વિરોધ હોય , અથવા ધર્મને બહાને નાનકડા મંડળનો પણ વિરોધ હોય તો તે કાયદો સફળ ન થાય .",
                "bounding_box": [
                    {
                        "x": 91,
                        "y": 664
                    },
                    {
                        "x": 651,
                        "y": 666
                    },
                    {
                        "x": 650,
                        "y": 879
                    },
                    {
                        "x": 90,
                        "y": 877
                    }
                ],
                "confidence": 0.99912244,
                "lines": [
                    {
                        "line_text": "લોકો એમ માનતા લાગે છે કે કોઈ પણ અનિષ્ટની વિરુદ્ધ કાંઈ કાયદો કરવામાં આવ્યો કે તુરત જ બીજી કશી ભાંજગડ વિના તે નાબૂદ થશે . આના જેવી ભયંકર છેતરામણ એકે નથી . કોઈ દુષ્ટ બુદ્ધિના અજ્ઞાન અથવા નાનકડા સમાજની સામે કાયદો કરવામાં આવે છે તો તેની અસર પણ થાય છે ; પણ જે કાયદાની સામે સમજુ અને વ્યવસ્થિત લોકમતનો વિરોધ હોય , અથવા ધર્મને બહાને નાનકડા મંડળનો પણ વિરોધ હોય તો તે કાયદો સફળ ન થાય .",
                        "bounding_box": [
                            {
                                "x": 91,
                                "y": 664
                            },
                            {
                                "x": 651,
                                "y": 666
                            },
                            {
                                "x": 650,
                                "y": 879
                            },
                            {
                                "x": 90,
                                "y": 877
                            }
                        ],
                        "confidence": 0.99912244
                    }
                ]
            },
            {
                "block_text": "પહેલી વસ્તુ એ કે ( દારૂબંધી કરવાના આપણા પ્રયત્નમાં ) આપણે જબરજસ્તી કે અસત્યનો આભાસ સરખો પણ ટાળવો જોઈએ . મારા નમ્ર અભિપ્રાય મુજબ , જેને સુધારો કહી શકાય એવો કોઈ પણ સુધારો જબરજસ્તીથી થયો નથી . કારણ કે જબરજસ્તીથી દેખીતી સફળતા મળે",
                "bounding_box": [
                    {
                        "x": 93,
                        "y": 890
                    },
                    {
                        "x": 650,
                        "y": 893
                    },
                    {
                        "x": 649,
                        "y": 1016
                    },
                    {
                        "x": 92,
                        "y": 1013
                    }
                ],
                "confidence": 1,
                "lines": [
                    {
                        "line_text": "પહેલી વસ્તુ એ કે ( દારૂબંધી કરવાના આપણા પ્રયત્નમાં ) આપણે જબરજસ્તી કે અસત્યનો આભાસ સરખો પણ ટાળવો જોઈએ . મારા નમ્ર અભિપ્રાય મુજબ , જેને સુધારો કહી શકાય એવો કોઈ પણ સુધારો જબરજસ્તીથી થયો નથી . કારણ કે જબરજસ્તીથી દેખીતી સફળતા મળે",
                        "bounding_box": [
                            {
                                "x": 93,
                                "y": 890
                            },
                            {
                                "x": 650,
                                "y": 893
                            },
                            {
                                "x": 649,
                                "y": 1016
                            },
                            {
                                "x": 92,
                                "y": 1013
                            }
                        ],
                        "confidence": 1
                    }
                ]
            }
        ]
    }
}