{
    "page_number": 38,
    "ocr_output": {
        "blocks": [
            {
                "block_text": "ગાંધીજીની અપેક્ષા",
                "bounding_box": [
                    {
                        "x": 297,
                        "y": 79
                    },
                    {
                        "x": 438,
                        "y": 80
                    },
                    {
                        "x": 438,
                        "y": 102
                    },
                    {
                        "x": 297,
                        "y": 101
                    }
                ],
                "confidence": 1,
                "lines": [
                    {
                        "line_text": "ગાંધીજીની અપેક્ષા",
                        "bounding_box": [
                            {
                                "x": 297,
                                "y": 79
                            },
                            {
                                "x": 438,
                                "y": 80
                            },
                            {
                                "x": 438,
                                "y": 102
                            },
                            {
                                "x": 297,
                                "y": 101
                            }
                        ],
                        "confidence": 1
                    }
                ]
            },
            {
                "block_text": "૩૬",
                "bounding_box": [
                    {
                        "x": 90,
                        "y": 86
                    },
                    {
                        "x": 116,
                        "y": 86
                    },
                    {
                        "x": 116,
                        "y": 102
                    },
                    {
                        "x": 90,
                        "y": 102
                    }
                ],
                "confidence": 1,
                "lines": [
                    {
                        "line_text": "૩૬",
                        "bounding_box": [
                            {
                                "x": 90,
                                "y": 86
                            },
                            {
                                "x": 116,
                                "y": 86
                            },
                            {
                                "x": 116,
                                "y": 102
                            },
                            {
                                "x": 90,
                                "y": 102
                            }
                        ],
                        "confidence": 1
                    }
                ]
            },
            {
                "block_text": "૨. સત્તા કર્યાં વસે છે ?",
                "bounding_box": [
                    {
                        "x": 272,
                        "y": 128
                    },
                    {
                        "x": 465,
                        "y": 125
                    },
                    {
                        "x": 465,
                        "y": 148
                    },
                    {
                        "x": 272,
                        "y": 151
                    }
                ],
                "confidence": 1,
                "lines": [
                    {
                        "line_text": "૨. સત્તા કર્યાં વસે છે ?",
                        "bounding_box": [
                            {
                                "x": 272,
                                "y": 128
                            },
                            {
                                "x": 465,
                                "y": 125
                            },
                            {
                                "x": 465,
                                "y": 148
                            },
                            {
                                "x": 272,
                                "y": 151
                            }
                        ],
                        "confidence": 1
                    }
                ]
            },
            {
                "block_text": "આપણે લાંબા વખતથી એમ માનવાને ટેવાયા છીએ કે પ્રજાને સત્તા કેવળ ધારાસભાઓ મારફતે મળે છે . આ માન્યતાને હું આપણી એક ગંભીર ભૂલ માનતો આવ્યો છું . એ ભ્રમનું કારણ કાં તો આપણી જડતા છે , કાં તો અંગ્રેજોના રીતરિવાજોએ આપણા પર જે ભૂરકી નાખી છે તે છે . બ્રિટિશ લોકોના ઇતિહાસના ઉપરચોટિયા અભ્યાસ પરથી આપણે એવું સમજ્યા છીએ કે , રાજ્યતંત્રની ટોચે આવેલી પાર્લમેન્ટોમાંથી સત્તા ઝમીને પ્રજાની અંદર ઊતરે છે . સાચી વાત એ છે કે , સત્તા લોકોમાં વસે છે , લોકોની હોય છે , અને લોકો પોતાના પ્રતિનિધિઓ તરીકે વખતોવખત જેમને પસંદ કરે છે તેમને તેટલા વખત પૂરતી તેની સોંપણ કરે છે . અરે , લોકોથી સ્વતંત્ર એવી પાર્જ- મેન્ટોની સત્તા તો શું , હસ્તીયે હોતી નથી . છેલ્લાં એકવીસથીયે વધારે વર્ષોથી આટલી સીધીસાદી વાત લોકોને ગળે ઉતારવાને હું મથ્યા કરું છું . સત્તાનો અસલ ભંડાર તો સત્યાગ્રહ અથવા સવિનયભંગની તાકાત છે . એક આખી પ્રજા પોતાની ધારાસભાના કાયદાઓ પ્રમાણે ચાલવાનો ઇનકાર કરે , અને એવા સવિનયભંગનાં પરિણામો વેઠવાને તૈયાર થાય તો શું થાય તેની કલ્પના કરો ! એવી પ્રજા સરકારના ધારાસભાના ને વહીવટી તંત્રને આખું ને આખું થંભાવી દેશે . સરકારનું પોલીસનું ને લશ્કરનું બળ , ગમે તેવી જબરી હોય તોપણ લઘુમતીને દબાવવા પૂરતું જ કામ આવે છે . પણ આવી પડે તે બધું સહન કરવાને જે આખી પ્રજા તૈયાર હોય તેના દૃઢ સંકલ્પને નમાવવા કોઈ પોલીસની કે કોઈ લશ્કરની જબરદસ્તી કામ આવતી નથી .",
                "bounding_box": [
                    {
                        "x": 86,
                        "y": 167
                    },
                    {
                        "x": 651,
                        "y": 167
                    },
                    {
                        "x": 651,
                        "y": 800
                    },
                    {
                        "x": 86,
                        "y": 800
                    }
                ],
                "confidence": 0.99821156,
                "lines": [
                    {
                        "line_text": "આપણે લાંબા વખતથી એમ માનવાને ટેવાયા છીએ કે પ્રજાને સત્તા કેવળ ધારાસભાઓ મારફતે મળે છે . આ માન્યતાને હું આપણી એક ગંભીર ભૂલ માનતો આવ્યો છું . એ ભ્રમનું કારણ કાં તો આપણી જડતા છે , કાં તો અંગ્રેજોના રીતરિવાજોએ આપણા પર જે ભૂરકી નાખી છે તે છે . બ્રિટિશ લોકોના ઇતિહાસના ઉપરચોટિયા અભ્યાસ પરથી આપણે એવું સમજ્યા છીએ કે , રાજ્યતંત્રની ટોચે આવેલી પાર્લમેન્ટોમાંથી સત્તા ઝમીને પ્રજાની અંદર ઊતરે છે . સાચી વાત એ છે કે , સત્તા લોકોમાં વસે છે , લોકોની હોય છે , અને લોકો પોતાના પ્રતિનિધિઓ તરીકે વખતોવખત જેમને પસંદ કરે છે તેમને તેટલા વખત પૂરતી તેની સોંપણ કરે છે . અરે , લોકોથી સ્વતંત્ર એવી પાર્જ- મેન્ટોની સત્તા તો શું , હસ્તીયે હોતી નથી . છેલ્લાં એકવીસથીયે વધારે વર્ષોથી આટલી સીધીસાદી વાત લોકોને ગળે ઉતારવાને હું મથ્યા કરું છું . સત્તાનો અસલ ભંડાર તો સત્યાગ્રહ અથવા સવિનયભંગની તાકાત છે . એક આખી પ્રજા પોતાની ધારાસભાના કાયદાઓ પ્રમાણે ચાલવાનો ઇનકાર કરે , અને એવા સવિનયભંગનાં પરિણામો વેઠવાને તૈયાર થાય તો શું થાય તેની કલ્પના કરો ! એવી પ્રજા સરકારના ધારાસભાના ને વહીવટી તંત્રને આખું ને આખું થંભાવી દેશે . સરકારનું પોલીસનું ને લશ્કરનું બળ , ગમે તેવી જબરી હોય તોપણ લઘુમતીને દબાવવા પૂરતું જ કામ આવે છે . પણ આવી પડે તે બધું સહન કરવાને જે આખી પ્રજા તૈયાર હોય તેના દૃઢ સંકલ્પને નમાવવા કોઈ પોલીસની કે કોઈ લશ્કરની જબરદસ્તી કામ આવતી નથી .",
                        "bounding_box": [
                            {
                                "x": 86,
                                "y": 167
                            },
                            {
                                "x": 651,
                                "y": 167
                            },
                            {
                                "x": 651,
                                "y": 800
                            },
                            {
                                "x": 86,
                                "y": 800
                            }
                        ],
                        "confidence": 0.99821156
                    }
                ]
            },
            {
                "block_text": "વળી પાર્લામેન્ટની પદ્ધતિનો રાજવહીવટ પાર્લમેન્ટના બધા સભ્યો વધુમતીથી થયેલા નિર્ણયોને તાબે થવાને ખુશી હોય તો જ ઉપયોગી થાય છે . બીજા શબ્દોમાં એમ કહેવાય કે પાર્લમેન્ટની રાજયપદ્ધતિનો વહીવટ પરસ્પર અનુકૂળ સમૂહોમાં જ ઠીક ઠીક કામ આપે છે .",
                "bounding_box": [
                    {
                        "x": 86,
                        "y": 816
                    },
                    {
                        "x": 644,
                        "y": 814
                    },
                    {
                        "x": 644,
                        "y": 935
                    },
                    {
                        "x": 87,
                        "y": 937
                    }
                ],
                "confidence": 0.99999994,
                "lines": [
                    {
                        "line_text": "વળી પાર્લામેન્ટની પદ્ધતિનો રાજવહીવટ પાર્લમેન્ટના બધા સભ્યો વધુમતીથી થયેલા નિર્ણયોને તાબે થવાને ખુશી હોય તો જ ઉપયોગી થાય છે . બીજા શબ્દોમાં એમ કહેવાય કે પાર્લમેન્ટની રાજયપદ્ધતિનો વહીવટ પરસ્પર અનુકૂળ સમૂહોમાં જ ઠીક ઠીક કામ આપે છે .",
                        "bounding_box": [
                            {
                                "x": 86,
                                "y": 816
                            },
                            {
                                "x": 644,
                                "y": 814
                            },
                            {
                                "x": 644,
                                "y": 935
                            },
                            {
                                "x": 87,
                                "y": 937
                            }
                        ],
                        "confidence": 0.99999994
                    }
                ]
            }
        ]
    }
}