{
    "page_number": 40,
    "ocr_output": {
        "blocks": [
            {
                "block_text": "ગાંધીજીની અપેક્ષા",
                "bounding_box": [
                    {
                        "x": 302,
                        "y": 80
                    },
                    {
                        "x": 443,
                        "y": 81
                    },
                    {
                        "x": 443,
                        "y": 102
                    },
                    {
                        "x": 302,
                        "y": 101
                    }
                ],
                "confidence": 1,
                "lines": [
                    {
                        "line_text": "ગાંધીજીની અપેક્ષા",
                        "bounding_box": [
                            {
                                "x": 302,
                                "y": 80
                            },
                            {
                                "x": 443,
                                "y": 81
                            },
                            {
                                "x": 443,
                                "y": 102
                            },
                            {
                                "x": 302,
                                "y": 101
                            }
                        ],
                        "confidence": 1
                    }
                ]
            },
            {
                "block_text": "૩૮",
                "bounding_box": [
                    {
                        "x": 90,
                        "y": 85
                    },
                    {
                        "x": 115,
                        "y": 85
                    },
                    {
                        "x": 115,
                        "y": 99
                    },
                    {
                        "x": 90,
                        "y": 99
                    }
                ],
                "confidence": 1,
                "lines": [
                    {
                        "line_text": "૩૮",
                        "bounding_box": [
                            {
                                "x": 90,
                                "y": 85
                            },
                            {
                                "x": 115,
                                "y": 85
                            },
                            {
                                "x": 115,
                                "y": 99
                            },
                            {
                                "x": 90,
                                "y": 99
                            }
                        ],
                        "confidence": 1
                    }
                ]
            },
            {
                "block_text": "એ નથી કે , તે લોકો તેમને માર્ગદર્શન કરાવી શકે છે . તેમનો ધર્મ મતદારોએ બતાવેલે રસ્તે ચાલવાની વફાદારીમાં સમાયેલો છે . માર્ગદર્શક મતદાર છે , પ્રતિનિધિ નથી . તે સેવક છે , સ્વામી નથી . આજની ભ્રમણા આજની શાસનપદ્ધતિમાંથી પેદા થઈ છે . એ ભ્રમણા ભાંગી જાય તો સભ્ય બનવાની બેહૂદી ચડસાચડસી ખૂબ ઓછી થશે . ધર્મ સમજીને જવાવાળા થોડા જ હોય . તે આપણે મોકલીશું તો ત્યાં જશે . ત્યાં જવાની જરૂર જ આજે એટલા માટે છે કે , ત્યાં જઈને લોકશાહીની સ્થાપનાને સારુ લડવાનું છે . આપણે એ પણ કંઈક હદ સુધી જોઈ લીધું છે કે , ત્યાં જઈને લોકશાહી માટેની લડત પૂરેપૂરી લડી શકાતી નથી .",
                "bounding_box": [
                    {
                        "x": 89,
                        "y": 125
                    },
                    {
                        "x": 646,
                        "y": 127
                    },
                    {
                        "x": 645,
                        "y": 402
                    },
                    {
                        "x": 88,
                        "y": 400
                    }
                ],
                "confidence": 0.99999994,
                "lines": [
                    {
                        "line_text": "એ નથી કે , તે લોકો તેમને માર્ગદર્શન કરાવી શકે છે . તેમનો ધર્મ મતદારોએ બતાવેલે રસ્તે ચાલવાની વફાદારીમાં સમાયેલો છે . માર્ગદર્શક મતદાર છે , પ્રતિનિધિ નથી . તે સેવક છે , સ્વામી નથી . આજની ભ્રમણા આજની શાસનપદ્ધતિમાંથી પેદા થઈ છે . એ ભ્રમણા ભાંગી જાય તો સભ્ય બનવાની બેહૂદી ચડસાચડસી ખૂબ ઓછી થશે . ધર્મ સમજીને જવાવાળા થોડા જ હોય . તે આપણે મોકલીશું તો ત્યાં જશે . ત્યાં જવાની જરૂર જ આજે એટલા માટે છે કે , ત્યાં જઈને લોકશાહીની સ્થાપનાને સારુ લડવાનું છે . આપણે એ પણ કંઈક હદ સુધી જોઈ લીધું છે કે , ત્યાં જઈને લોકશાહી માટેની લડત પૂરેપૂરી લડી શકાતી નથી .",
                        "bounding_box": [
                            {
                                "x": 89,
                                "y": 125
                            },
                            {
                                "x": 646,
                                "y": 127
                            },
                            {
                                "x": 645,
                                "y": 402
                            },
                            {
                                "x": 88,
                                "y": 400
                            }
                        ],
                        "confidence": 0.99999994
                    }
                ]
            },
            {
                "block_text": "ત્રીજો દોષ એમ માનવામાં રહેલો છે કે , ધારાસભા એ જ દોર- વણી આપનારી સંસ્થાઓ છે . ચોમેર જોઈએ તો જગતભરમાં દેખાશે કે , દોરવણી આપનારા ઘણે ભાગે ધારાસભાની બહારના જ હોય છે . એમ ન હોય તો લોકશાહીમાં સડો પેસી જાય , કેમ કે , દોરવણી આપવાનું ક્ષેત્ર બહુ મોટું છે , અને ધારાસભા તો તેમાં બહુ નાની વસ્તુ છે . પ્રજાજીવનના મહાસાગરની સરખામણીમાં ધારાસભા એક નાનકડી નદી",
                "bounding_box": [
                    {
                        "x": 89,
                        "y": 407
                    },
                    {
                        "x": 646,
                        "y": 408
                    },
                    {
                        "x": 646,
                        "y": 592
                    },
                    {
                        "x": 89,
                        "y": 591
                    }
                ],
                "confidence": 1,
                "lines": [
                    {
                        "line_text": "ત્રીજો દોષ એમ માનવામાં રહેલો છે કે , ધારાસભા એ જ દોર- વણી આપનારી સંસ્થાઓ છે . ચોમેર જોઈએ તો જગતભરમાં દેખાશે કે , દોરવણી આપનારા ઘણે ભાગે ધારાસભાની બહારના જ હોય છે . એમ ન હોય તો લોકશાહીમાં સડો પેસી જાય , કેમ કે , દોરવણી આપવાનું ક્ષેત્ર બહુ મોટું છે , અને ધારાસભા તો તેમાં બહુ નાની વસ્તુ છે . પ્રજાજીવનના મહાસાગરની સરખામણીમાં ધારાસભા એક નાનકડી નદી",
                        "bounding_box": [
                            {
                                "x": 89,
                                "y": 407
                            },
                            {
                                "x": 646,
                                "y": 408
                            },
                            {
                                "x": 646,
                                "y": 592
                            },
                            {
                                "x": 89,
                                "y": 591
                            }
                        ],
                        "confidence": 1
                    }
                ]
            },
            {
                "block_text": "ર",
                "bounding_box": [
                    {
                        "x": 115,
                        "y": 590
                    },
                    {
                        "x": 122,
                        "y": 590
                    },
                    {
                        "x": 122,
                        "y": 603
                    },
                    {
                        "x": 115,
                        "y": 603
                    }
                ],
                "confidence": 1,
                "lines": [
                    {
                        "line_text": "ર",
                        "bounding_box": [
                            {
                                "x": 115,
                                "y": 590
                            },
                            {
                                "x": 122,
                                "y": 590
                            },
                            {
                                "x": 122,
                                "y": 603
                            },
                            {
                                "x": 115,
                                "y": 603
                            }
                        ],
                        "confidence": 1
                    }
                ]
            },
            {
                "block_text": "છે . '",
                "bounding_box": [
                    {
                        "x": 100,
                        "y": 594
                    },
                    {
                        "x": 114,
                        "y": 594
                    },
                    {
                        "x": 114,
                        "y": 614
                    },
                    {
                        "x": 100,
                        "y": 614
                    }
                ],
                "confidence": 1,
                "lines": [
                    {
                        "line_text": "છે . '",
                        "bounding_box": [
                            {
                                "x": 100,
                                "y": 594
                            },
                            {
                                "x": 114,
                                "y": 594
                            },
                            {
                                "x": 114,
                                "y": 614
                            },
                            {
                                "x": 100,
                                "y": 614
                            }
                        ],
                        "confidence": 1
                    }
                ]
            },
            {
                "block_text": "૩. પ્રશ્ન - પેટી",
                "bounding_box": [
                    {
                        "x": 314,
                        "y": 635
                    },
                    {
                        "x": 423,
                        "y": 632
                    },
                    {
                        "x": 424,
                        "y": 655
                    },
                    {
                        "x": 315,
                        "y": 658
                    }
                ],
                "confidence": 1,
                "lines": [
                    {
                        "line_text": "૩. પ્રશ્ન - પેટી",
                        "bounding_box": [
                            {
                                "x": 314,
                                "y": 635
                            },
                            {
                                "x": 423,
                                "y": 632
                            },
                            {
                                "x": 424,
                                "y": 655
                            },
                            {
                                "x": 315,
                                "y": 658
                            }
                        ],
                        "confidence": 1
                    }
                ]
            },
            {
                "block_text": "પ્ર ૦ - એમ જોવામાં આવે છે કે , કોંગ્રેસ કોઈ પણ સંસ્થા કે સમિતિમાં સ્રીપ્રતિનિધિઓને ચૂંટવા રાજી હોતી નથી . ખરું જોતાં જુદી જુદી સંસ્થામાં સ્ત્રીઓ વધારેમાં વધારે ચૂંટાય એ ન્યાય્ય અને જરૂરી છે . આનો ઉકેલ કેમ કરાય ?",
                "bounding_box": [
                    {
                        "x": 90,
                        "y": 671
                    },
                    {
                        "x": 646,
                        "y": 674
                    },
                    {
                        "x": 645,
                        "y": 789
                    },
                    {
                        "x": 89,
                        "y": 786
                    }
                ],
                "confidence": 0.9994989,
                "lines": [
                    {
                        "line_text": "પ્ર ૦ - એમ જોવામાં આવે છે કે , કોંગ્રેસ કોઈ પણ સંસ્થા કે સમિતિમાં સ્રીપ્રતિનિધિઓને ચૂંટવા રાજી હોતી નથી . ખરું જોતાં જુદી જુદી સંસ્થામાં સ્ત્રીઓ વધારેમાં વધારે ચૂંટાય એ ન્યાય્ય અને જરૂરી છે . આનો ઉકેલ કેમ કરાય ?",
                        "bounding_box": [
                            {
                                "x": 90,
                                "y": 671
                            },
                            {
                                "x": 646,
                                "y": 674
                            },
                            {
                                "x": 645,
                                "y": 789
                            },
                            {
                                "x": 89,
                                "y": 786
                            }
                        ],
                        "confidence": 0.9994989
                    }
                ]
            },
            {
                "block_text": "ઉ ૦ – આવી બાબતોમાં સમાન હક કે કોઈ વિશેષ પ્રમાણ રાખ- વાના વિચારથી હું અંજાતો નથી . લાયકાત એ જ એક કસોટી હોવી જોઈએ . પણ અત્યાર સુધી સ્ત્રીઓને પાછળ રાખવાની નીતિ ચાલી છે . હવે તો સરખી લાયકાત હોય ત્યારે તેથી ઊલટી નીતિ દાખલ કરવી જોઈએ . એમ પસંદગી આપવાથી પુરુષોની બધી જગાઓ સ્ત્રીઓને મળે તોય ભલે . જાતિ ઉપરથી સભ્ય ચૂંટવાની પદ્ધતિ ભયંકર છે . સ્ત્રીઓએ કે કોઈ પણ મંડળે બીજાની મહેરબાની ઉપર નભવું ન જોઈએ . તેઓએ",
                "bounding_box": [
                    {
                        "x": 91,
                        "y": 803
                    },
                    {
                        "x": 648,
                        "y": 804
                    },
                    {
                        "x": 648,
                        "y": 1019
                    },
                    {
                        "x": 91,
                        "y": 1018
                    }
                ],
                "confidence": 0.9857044,
                "lines": [
                    {
                        "line_text": "ઉ ૦ – આવી બાબતોમાં સમાન હક કે કોઈ વિશેષ પ્રમાણ રાખ- વાના વિચારથી હું અંજાતો નથી . લાયકાત એ જ એક કસોટી હોવી જોઈએ . પણ અત્યાર સુધી સ્ત્રીઓને પાછળ રાખવાની નીતિ ચાલી છે . હવે તો સરખી લાયકાત હોય ત્યારે તેથી ઊલટી નીતિ દાખલ કરવી જોઈએ . એમ પસંદગી આપવાથી પુરુષોની બધી જગાઓ સ્ત્રીઓને મળે તોય ભલે . જાતિ ઉપરથી સભ્ય ચૂંટવાની પદ્ધતિ ભયંકર છે . સ્ત્રીઓએ કે કોઈ પણ મંડળે બીજાની મહેરબાની ઉપર નભવું ન જોઈએ . તેઓએ",
                        "bounding_box": [
                            {
                                "x": 91,
                                "y": 803
                            },
                            {
                                "x": 648,
                                "y": 804
                            },
                            {
                                "x": 648,
                                "y": 1019
                            },
                            {
                                "x": 91,
                                "y": 1018
                            }
                        ],
                        "confidence": 0.9857044
                    }
                ]
            }
        ]
    }
}