{
    "page_number": 51,
    "ocr_output": {
        "blocks": [
            {
                "block_text": "સરકારી નોકરીઓ",
                "bounding_box": [
                    {
                        "x": 300,
                        "y": 79
                    },
                    {
                        "x": 437,
                        "y": 78
                    },
                    {
                        "x": 437,
                        "y": 101
                    },
                    {
                        "x": 300,
                        "y": 102
                    }
                ],
                "confidence": 1,
                "lines": [
                    {
                        "line_text": "સરકારી નોકરીઓ",
                        "bounding_box": [
                            {
                                "x": 300,
                                "y": 79
                            },
                            {
                                "x": 437,
                                "y": 78
                            },
                            {
                                "x": 437,
                                "y": 101
                            },
                            {
                                "x": 300,
                                "y": 102
                            }
                        ],
                        "confidence": 1
                    }
                ]
            },
            {
                "block_text": "૧૭૯",
                "bounding_box": [
                    {
                        "x": 608,
                        "y": 82
                    },
                    {
                        "x": 648,
                        "y": 83
                    },
                    {
                        "x": 648,
                        "y": 101
                    },
                    {
                        "x": 608,
                        "y": 100
                    }
                ],
                "confidence": 1,
                "lines": [
                    {
                        "line_text": "૧૭૯",
                        "bounding_box": [
                            {
                                "x": 608,
                                "y": 82
                            },
                            {
                                "x": 648,
                                "y": 83
                            },
                            {
                                "x": 648,
                                "y": 101
                            },
                            {
                                "x": 608,
                                "y": 100
                            }
                        ],
                        "confidence": 1
                    }
                ]
            },
            {
                "block_text": "લોકો જાતે પુરુષાર્થ કરવા માંડશે અને પછી અંદર અંદર ઝઘડો કરવાનો તેમને વખત નહીં મળે .૧",
                "bounding_box": [
                    {
                        "x": 86,
                        "y": 125
                    },
                    {
                        "x": 645,
                        "y": 121
                    },
                    {
                        "x": 645,
                        "y": 176
                    },
                    {
                        "x": 86,
                        "y": 180
                    }
                ],
                "confidence": 0.9790803,
                "lines": [
                    {
                        "line_text": "લોકો જાતે પુરુષાર્થ કરવા માંડશે અને પછી અંદર અંદર ઝઘડો કરવાનો તેમને વખત નહીં મળે .૧",
                        "bounding_box": [
                            {
                                "x": 86,
                                "y": 125
                            },
                            {
                                "x": 645,
                                "y": 121
                            },
                            {
                                "x": 645,
                                "y": 176
                            },
                            {
                                "x": 86,
                                "y": 180
                            }
                        ],
                        "confidence": 0.9790803
                    }
                ]
            },
            {
                "block_text": "સરકારી નોકરો પાસેથી રાખવામાં આવતી અપેક્ષા",
                "bounding_box": [
                    {
                        "x": 171,
                        "y": 192
                    },
                    {
                        "x": 563,
                        "y": 190
                    },
                    {
                        "x": 563,
                        "y": 214
                    },
                    {
                        "x": 171,
                        "y": 216
                    }
                ],
                "confidence": 1,
                "lines": [
                    {
                        "line_text": "સરકારી નોકરો પાસેથી રાખવામાં આવતી અપેક્ષા",
                        "bounding_box": [
                            {
                                "x": 171,
                                "y": 192
                            },
                            {
                                "x": 563,
                                "y": 190
                            },
                            {
                                "x": 563,
                                "y": 214
                            },
                            {
                                "x": 171,
                                "y": 216
                            }
                        ],
                        "confidence": 1
                    }
                ]
            },
            {
                "block_text": "મારી પાસે એક ફરિયાદ આવી છે કે સરકારના સનદી નોકરો , પોલીસવાળા અને લશ્કરનાં માણસોને તેમની લાયકાત ન હોવા છતાં લાયકાતનું મેં નાહક પ્રમાણપત્ર આપી દીધું છે . મેં એવું કશું કર્યું નથી . રાષ્ટ્રની સેવા બજાવવાને ભરતી કરવામાં આવેલા આ અમલદારો તેમ જ નોકરો પાસેથી શી અપેક્ષા રાખવામાં આવે તેની જ વાત મેં કરી હતી . એનો અર્થ એવો નથી કે એ બધા તેમની પાસેથી રાખવામાં આવતી આશા પૂરી કરે છે . સનદી નોકરો , પોલીસવાળા અને લશ્કરનાં માણસો તેમનામાંના બ્રિટિશ પ્રજાજનો સમેત સૌ હવે આજે હિંદમાં પ્રજાના સેવકો તરીકે અહીં રહે છે . પરદેશી હકૂમતના પગારદાર નોકરો તરીકે એ લોકો પ્રજાના માલિકો તરીકે વર્તતા તે દિવસો હવે પૂરા થયા . હવે તેમણે હિંદના પંચાયત રાજ્યના વફાદાર સેવકો બનીને અહીં કામ કરવાનું છે ને રહેવાનું છે . શું કરવું ને શું ન કરવું તેને અંગેના હુકમો તેમણે પ્રધાનો પાસેથી લેવાના છે . તેમણે લાંચરુશવત લેવાની ન હોય કે પક્ષાપક્ષી કરવાની ન હોય . એ બદીઓથી તેમણે પર રહેવાનું છે . બીજી બાજુથી રાજવહીવટ ચલાવનારા તંત્રને પ્રજા પૂરો સહકાર આપે એવી તેની પાસેથી અપેક્ષા રાખવામાં આવે છે . સરકારી નોકરી કરનારાં માણસો જો પોતાની ફરજ બજાવવામાં ચૂકે તો તેમણે વિશ્વાસઘાતનો અથવા કરારભંગનો ગુનો કર્યો ગણાય અને તેને પ્રસંગે તે ગુનાનો ઇલાજ કરવાને યોગ્ય પગલાં લેવાવાં જોઈએ . સરકારી નોકરી કરનારાં માણસોમાંથી કોઈ લાંચરુશવતની બદીમાં સપડાયા હોય તો તેમની સામે ફરિયાદ ઉઠાવવાનો પ્રજાને પૂરેપૂરો અખત્યાર છે .૭",
                "bounding_box": [
                    {
                        "x": 90,
                        "y": 228
                    },
                    {
                        "x": 651,
                        "y": 228
                    },
                    {
                        "x": 651,
                        "y": 864
                    },
                    {
                        "x": 90,
                        "y": 864
                    }
                ],
                "confidence": 0.99837846,
                "lines": [
                    {
                        "line_text": "મારી પાસે એક ફરિયાદ આવી છે કે સરકારના સનદી નોકરો , પોલીસવાળા અને લશ્કરનાં માણસોને તેમની લાયકાત ન હોવા છતાં લાયકાતનું મેં નાહક પ્રમાણપત્ર આપી દીધું છે . મેં એવું કશું કર્યું નથી . રાષ્ટ્રની સેવા બજાવવાને ભરતી કરવામાં આવેલા આ અમલદારો તેમ જ નોકરો પાસેથી શી અપેક્ષા રાખવામાં આવે તેની જ વાત મેં કરી હતી . એનો અર્થ એવો નથી કે એ બધા તેમની પાસેથી રાખવામાં આવતી આશા પૂરી કરે છે . સનદી નોકરો , પોલીસવાળા અને લશ્કરનાં માણસો તેમનામાંના બ્રિટિશ પ્રજાજનો સમેત સૌ હવે આજે હિંદમાં પ્રજાના સેવકો તરીકે અહીં રહે છે . પરદેશી હકૂમતના પગારદાર નોકરો તરીકે એ લોકો પ્રજાના માલિકો તરીકે વર્તતા તે દિવસો હવે પૂરા થયા . હવે તેમણે હિંદના પંચાયત રાજ્યના વફાદાર સેવકો બનીને અહીં કામ કરવાનું છે ને રહેવાનું છે . શું કરવું ને શું ન કરવું તેને અંગેના હુકમો તેમણે પ્રધાનો પાસેથી લેવાના છે . તેમણે લાંચરુશવત લેવાની ન હોય કે પક્ષાપક્ષી કરવાની ન હોય . એ બદીઓથી તેમણે પર રહેવાનું છે . બીજી બાજુથી રાજવહીવટ ચલાવનારા તંત્રને પ્રજા પૂરો સહકાર આપે એવી તેની પાસેથી અપેક્ષા રાખવામાં આવે છે . સરકારી નોકરી કરનારાં માણસો જો પોતાની ફરજ બજાવવામાં ચૂકે તો તેમણે વિશ્વાસઘાતનો અથવા કરારભંગનો ગુનો કર્યો ગણાય અને તેને પ્રસંગે તે ગુનાનો ઇલાજ કરવાને યોગ્ય પગલાં લેવાવાં જોઈએ . સરકારી નોકરી કરનારાં માણસોમાંથી કોઈ લાંચરુશવતની બદીમાં સપડાયા હોય તો તેમની સામે ફરિયાદ ઉઠાવવાનો પ્રજાને પૂરેપૂરો અખત્યાર છે .૭",
                        "bounding_box": [
                            {
                                "x": 90,
                                "y": 228
                            },
                            {
                                "x": 651,
                                "y": 228
                            },
                            {
                                "x": 651,
                                "y": 864
                            },
                            {
                                "x": 90,
                                "y": 864
                            }
                        ],
                        "confidence": 0.99837846
                    }
                ]
            },
            {
                "block_text": "સરકારી નોકરોને હવે નવી રાજ્યવ્યવસ્થાને અનુકૂળ થઈને વર્તવાની તાલીમ આપવી જોઈએ . તેમણે કોઈ બાજુના પક્ષકાર ન થવું જોઈએ . તેમનામાં કોમવાદનો સહેજ પણ અંશ જણાય તો તેમની સામે કડક હાથે કામ લેવું જોઈએ . જે અંગ્રેજ નોકરો રહ્યા હોય તેમણે હવે જાણવું જોઈએ કે , તેમની વફાદારી જૂના તંત્ર પ્રત્યે એટલે બ્રિટન પ્રત્યે",
                "bounding_box": [
                    {
                        "x": 92,
                        "y": 864
                    },
                    {
                        "x": 651,
                        "y": 868
                    },
                    {
                        "x": 650,
                        "y": 1021
                    },
                    {
                        "x": 91,
                        "y": 1017
                    }
                ],
                "confidence": 0.999933,
                "lines": [
                    {
                        "line_text": "સરકારી નોકરોને હવે નવી રાજ્યવ્યવસ્થાને અનુકૂળ થઈને વર્તવાની તાલીમ આપવી જોઈએ . તેમણે કોઈ બાજુના પક્ષકાર ન થવું જોઈએ . તેમનામાં કોમવાદનો સહેજ પણ અંશ જણાય તો તેમની સામે કડક હાથે કામ લેવું જોઈએ . જે અંગ્રેજ નોકરો રહ્યા હોય તેમણે હવે જાણવું જોઈએ કે , તેમની વફાદારી જૂના તંત્ર પ્રત્યે એટલે બ્રિટન પ્રત્યે",
                        "bounding_box": [
                            {
                                "x": 92,
                                "y": 864
                            },
                            {
                                "x": 651,
                                "y": 868
                            },
                            {
                                "x": 650,
                                "y": 1021
                            },
                            {
                                "x": 91,
                                "y": 1017
                            }
                        ],
                        "confidence": 0.999933
                    }
                ]
            }
        ]
    }
}