{
    "page_number": 44,
    "ocr_output": {
        "blocks": [
            {
                "block_text": "૮૧",
                "bounding_box": [
                    {
                        "x": 348,
                        "y": 140
                    },
                    {
                        "x": 379,
                        "y": 140
                    },
                    {
                        "x": 379,
                        "y": 161
                    },
                    {
                        "x": 348,
                        "y": 161
                    }
                ],
                "confidence": 1,
                "lines": [
                    {
                        "line_text": "૮૧",
                        "bounding_box": [
                            {
                                "x": 348,
                                "y": 140
                            },
                            {
                                "x": 379,
                                "y": 140
                            },
                            {
                                "x": 379,
                                "y": 161
                            },
                            {
                                "x": 348,
                                "y": 161
                            }
                        ],
                        "confidence": 1
                    }
                ]
            },
            {
                "block_text": "ધારાસભાના પ્રમુખ",
                "bounding_box": [
                    {
                        "x": 265,
                        "y": 179
                    },
                    {
                        "x": 468,
                        "y": 187
                    },
                    {
                        "x": 467,
                        "y": 217
                    },
                    {
                        "x": 264,
                        "y": 209
                    }
                ],
                "confidence": 1,
                "lines": [
                    {
                        "line_text": "ધારાસભાના પ્રમુખ",
                        "bounding_box": [
                            {
                                "x": 265,
                                "y": 179
                            },
                            {
                                "x": 468,
                                "y": 187
                            },
                            {
                                "x": 467,
                                "y": 217
                            },
                            {
                                "x": 264,
                                "y": 209
                            }
                        ],
                        "confidence": 1
                    }
                ]
            },
            {
                "block_text": "ધારાસભાનો જે પ્રમુખ કોઈ પણ વાકયના સ્પષ્ટ અર્થથી ઊલટો તેનો અર્થ જાણીબૂજીને કરે તે પ્રમુખના ઊંચા પદને માટે નાલાયક બને છે અને મહાસભાના કાર્યને લાંછન લગાડે છે . તેણે ગમે તે ભોગે સત્ય- નિષ્ઠા ને પ્રામાણિકતા માટેની મહાસભાની શાખ સાચવવી જ જોઈએ . પણ મારા કહેવાનો આશય એ છે કે જ્યાં કોઈ કલમના બે અથવા વધારે સ્પટ અર્થ થતા હોય ત્યાં જે અર્થ રાષ્ટ્રીય કાર્યને લાભકર્તા હોય તે આપવાને પ્રમુખ બંધાયેલા છે . અને જ્યાં કોઈ કલમનો એક જ અર્થ એવો થતો હોય જેનાથી પ્રજાની સ્વતંત્રતા પર દેખીતો અંકુશ પડતો હોય , તો તેમણે વિનાસંકોચે એ અર્થ આપવો જોઈએ . મને તો જરાયે શંકા નથી કે પ્રમુખની આવી નિષ્પક્ષતા તેની પ્રતિષ્ઠા વધારશે , અને તેટલે અંશે મહાસભાની નૈતિક પ્રતિષ્ઠામાં વધારો કરશે . હિંસાનો ત્યાગ કર્યા પછી મહાસભાની શક્તિ કેવળ મહાસભાવાદી વ્યક્તિઓનાં નીતિબળ અને નિર્ભયતા પર આધાર રાખે છે .૧",
                "bounding_box": [
                    {
                        "x": 88,
                        "y": 228
                    },
                    {
                        "x": 647,
                        "y": 227
                    },
                    {
                        "x": 647,
                        "y": 618
                    },
                    {
                        "x": 88,
                        "y": 619
                    }
                ],
                "confidence": 1,
                "lines": [
                    {
                        "line_text": "ધારાસભાનો જે પ્રમુખ કોઈ પણ વાકયના સ્પષ્ટ અર્થથી ઊલટો તેનો અર્થ જાણીબૂજીને કરે તે પ્રમુખના ઊંચા પદને માટે નાલાયક બને છે અને મહાસભાના કાર્યને લાંછન લગાડે છે . તેણે ગમે તે ભોગે સત્ય- નિષ્ઠા ને પ્રામાણિકતા માટેની મહાસભાની શાખ સાચવવી જ જોઈએ . પણ મારા કહેવાનો આશય એ છે કે જ્યાં કોઈ કલમના બે અથવા વધારે સ્પટ અર્થ થતા હોય ત્યાં જે અર્થ રાષ્ટ્રીય કાર્યને લાભકર્તા હોય તે આપવાને પ્રમુખ બંધાયેલા છે . અને જ્યાં કોઈ કલમનો એક જ અર્થ એવો થતો હોય જેનાથી પ્રજાની સ્વતંત્રતા પર દેખીતો અંકુશ પડતો હોય , તો તેમણે વિનાસંકોચે એ અર્થ આપવો જોઈએ . મને તો જરાયે શંકા નથી કે પ્રમુખની આવી નિષ્પક્ષતા તેની પ્રતિષ્ઠા વધારશે , અને તેટલે અંશે મહાસભાની નૈતિક પ્રતિષ્ઠામાં વધારો કરશે . હિંસાનો ત્યાગ કર્યા પછી મહાસભાની શક્તિ કેવળ મહાસભાવાદી વ્યક્તિઓનાં નીતિબળ અને નિર્ભયતા પર આધાર રાખે છે .૧",
                        "bounding_box": [
                            {
                                "x": 88,
                                "y": 228
                            },
                            {
                                "x": 647,
                                "y": 227
                            },
                            {
                                "x": 647,
                                "y": 618
                            },
                            {
                                "x": 88,
                                "y": 619
                            }
                        ],
                        "confidence": 1
                    }
                ]
            },
            {
                "block_text": "૮૨",
                "bounding_box": [
                    {
                        "x": 354,
                        "y": 703
                    },
                    {
                        "x": 384,
                        "y": 703
                    },
                    {
                        "x": 384,
                        "y": 725
                    },
                    {
                        "x": 354,
                        "y": 725
                    }
                ],
                "confidence": 1,
                "lines": [
                    {
                        "line_text": "૮૨",
                        "bounding_box": [
                            {
                                "x": 354,
                                "y": 703
                            },
                            {
                                "x": 384,
                                "y": 703
                            },
                            {
                                "x": 384,
                                "y": 725
                            },
                            {
                                "x": 354,
                                "y": 725
                            }
                        ],
                        "confidence": 1
                    }
                ]
            },
            {
                "block_text": "સરકારી નાકરી",
                "bounding_box": [
                    {
                        "x": 278,
                        "y": 740
                    },
                    {
                        "x": 425,
                        "y": 740
                    },
                    {
                        "x": 425,
                        "y": 773
                    },
                    {
                        "x": 278,
                        "y": 773
                    }
                ],
                "confidence": 0.99070626,
                "lines": [
                    {
                        "line_text": "સરકારી નાકરી",
                        "bounding_box": [
                            {
                                "x": 278,
                                "y": 740
                            },
                            {
                                "x": 425,
                                "y": 740
                            },
                            {
                                "x": 425,
                                "y": 773
                            },
                            {
                                "x": 278,
                                "y": 773
                            }
                        ],
                        "confidence": 0.99070626
                    }
                ]
            },
            {
                "block_text": "હવે સરકારી નોકરીઓનો સવાલ રહ્યો . આને અંગે એમ લાગે છે કે બધા પ્રાંતો બધી દિશામાં સરખી રીતે પ્રગતિ કરે એવી અપેક્ષા રાખવામાં આવતી હોય તો ખુદ આખા હિંદનો વિચાર કરતાં પણ નોકરીમાં ભરતી થનારા માણસો ઘણાખરા તે તે પ્રાંતના હોય એ જ ઇષ્ટ છે . હિંદને દુનિયાની સામે ટટાર ખડા રહેવું હોય તો હવે કોઈ પણ પ્રાંત , અગર જાતિ અગર કબીલાને પછાત રહેવા ન દેવાય . દુનિયા",
                "bounding_box": [
                    {
                        "x": 93,
                        "y": 792
                    },
                    {
                        "x": 650,
                        "y": 790
                    },
                    {
                        "x": 651,
                        "y": 972
                    },
                    {
                        "x": 94,
                        "y": 974
                    }
                ],
                "confidence": 1,
                "lines": [
                    {
                        "line_text": "હવે સરકારી નોકરીઓનો સવાલ રહ્યો . આને અંગે એમ લાગે છે કે બધા પ્રાંતો બધી દિશામાં સરખી રીતે પ્રગતિ કરે એવી અપેક્ષા રાખવામાં આવતી હોય તો ખુદ આખા હિંદનો વિચાર કરતાં પણ નોકરીમાં ભરતી થનારા માણસો ઘણાખરા તે તે પ્રાંતના હોય એ જ ઇષ્ટ છે . હિંદને દુનિયાની સામે ટટાર ખડા રહેવું હોય તો હવે કોઈ પણ પ્રાંત , અગર જાતિ અગર કબીલાને પછાત રહેવા ન દેવાય . દુનિયા",
                        "bounding_box": [
                            {
                                "x": 93,
                                "y": 792
                            },
                            {
                                "x": 650,
                                "y": 790
                            },
                            {
                                "x": 651,
                                "y": 972
                            },
                            {
                                "x": 94,
                                "y": 974
                            }
                        ],
                        "confidence": 1
                    }
                ]
            },
            {
                "block_text": "૧૭૨",
                "bounding_box": [
                    {
                        "x": 353,
                        "y": 990
                    },
                    {
                        "x": 389,
                        "y": 990
                    },
                    {
                        "x": 389,
                        "y": 1005
                    },
                    {
                        "x": 353,
                        "y": 1005
                    }
                ],
                "confidence": 1,
                "lines": [
                    {
                        "line_text": "૧૭૨",
                        "bounding_box": [
                            {
                                "x": 353,
                                "y": 990
                            },
                            {
                                "x": 389,
                                "y": 990
                            },
                            {
                                "x": 389,
                                "y": 1005
                            },
                            {
                                "x": 353,
                                "y": 1005
                            }
                        ],
                        "confidence": 1
                    }
                ]
            }
        ]
    }
}