{
    "page_number": 46,
    "ocr_output": {
        "blocks": [
            {
                "block_text": "ગાંધીજીની અપેક્ષા",
                "bounding_box": [
                    {
                        "x": 298,
                        "y": 75
                    },
                    {
                        "x": 441,
                        "y": 77
                    },
                    {
                        "x": 441,
                        "y": 100
                    },
                    {
                        "x": 298,
                        "y": 98
                    }
                ],
                "confidence": 1,
                "lines": [
                    {
                        "line_text": "ગાંધીજીની અપેક્ષા",
                        "bounding_box": [
                            {
                                "x": 298,
                                "y": 75
                            },
                            {
                                "x": 441,
                                "y": 77
                            },
                            {
                                "x": 441,
                                "y": 100
                            },
                            {
                                "x": 298,
                                "y": 98
                            }
                        ],
                        "confidence": 1
                    }
                ]
            },
            {
                "block_text": "૧૭૪",
                "bounding_box": [
                    {
                        "x": 94,
                        "y": 84
                    },
                    {
                        "x": 131,
                        "y": 84
                    },
                    {
                        "x": 131,
                        "y": 100
                    },
                    {
                        "x": 94,
                        "y": 100
                    }
                ],
                "confidence": 1,
                "lines": [
                    {
                        "line_text": "૧૭૪",
                        "bounding_box": [
                            {
                                "x": 94,
                                "y": 84
                            },
                            {
                                "x": 131,
                                "y": 84
                            },
                            {
                                "x": 131,
                                "y": 100
                            },
                            {
                                "x": 94,
                                "y": 100
                            }
                        ],
                        "confidence": 1
                    }
                ]
            },
            {
                "block_text": "આપણે ઇજનેરો જોઈતા હોય તો દરેક કોમમાંથી એક એક લેવાનું ધોરણ રાખ્યું નહીં પાલવે અને સૌથી વધારેમાં વધારે લાયકાતવાળા પાંચ જણને જ તે જગ્યાઓ આપવી પડશે , પછી તે પાંચે ભલે પારસી કે મુસલમાન કોમના હોય . સૌથી નીચલા દરજ્જાની જગાઓ જરૂર જણાય તો , જુદી જુદી કોમોના બનેલા એક તટસ્થ મંડળની દેખરેખ નીચે એક પરીક્ષા લઈને તેમાંથી નીકળનારાઓ વડે ભરવામાં આવે .",
                "bounding_box": [
                    {
                        "x": 92,
                        "y": 121
                    },
                    {
                        "x": 645,
                        "y": 123
                    },
                    {
                        "x": 644,
                        "y": 299
                    },
                    {
                        "x": 91,
                        "y": 297
                    }
                ],
                "confidence": 1,
                "lines": [
                    {
                        "line_text": "આપણે ઇજનેરો જોઈતા હોય તો દરેક કોમમાંથી એક એક લેવાનું ધોરણ રાખ્યું નહીં પાલવે અને સૌથી વધારેમાં વધારે લાયકાતવાળા પાંચ જણને જ તે જગ્યાઓ આપવી પડશે , પછી તે પાંચે ભલે પારસી કે મુસલમાન કોમના હોય . સૌથી નીચલા દરજ્જાની જગાઓ જરૂર જણાય તો , જુદી જુદી કોમોના બનેલા એક તટસ્થ મંડળની દેખરેખ નીચે એક પરીક્ષા લઈને તેમાંથી નીકળનારાઓ વડે ભરવામાં આવે .",
                        "bounding_box": [
                            {
                                "x": 92,
                                "y": 121
                            },
                            {
                                "x": 645,
                                "y": 123
                            },
                            {
                                "x": 644,
                                "y": 299
                            },
                            {
                                "x": 91,
                                "y": 297
                            }
                        ],
                        "confidence": 1
                    }
                ]
            },
            {
                "block_text": "પણ આ નોકરીની જગાઓની વહેંચણી દરેક કોમની સંખ્યાના પ્રમાણમાં ન જ થવી જોઈએ . પ્રજાકીય તંત્ર હેઠળ શિક્ષણમાં પછાત રહેલી કોમોને કેળવણી જેવી બાબતમાં અવશ્ય ખાસ લાભો મળે . આ સહેજે બની શકે એવી વાત છે . પણ સરકારમાં મહત્ત્વની જગાઓ રોકવાની મહત્ત્વાકાંક્ષા જેમને છે તેમના પર તો આવશ્યક પરીક્ષામાં ઉત્તીર્ણ થવાની ફરજ હોવી જ જોઈએ .૨",
                "bounding_box": [
                    {
                        "x": 90,
                        "y": 304
                    },
                    {
                        "x": 647,
                        "y": 303
                    },
                    {
                        "x": 647,
                        "y": 484
                    },
                    {
                        "x": 90,
                        "y": 485
                    }
                ],
                "confidence": 1,
                "lines": [
                    {
                        "line_text": "પણ આ નોકરીની જગાઓની વહેંચણી દરેક કોમની સંખ્યાના પ્રમાણમાં ન જ થવી જોઈએ . પ્રજાકીય તંત્ર હેઠળ શિક્ષણમાં પછાત રહેલી કોમોને કેળવણી જેવી બાબતમાં અવશ્ય ખાસ લાભો મળે . આ સહેજે બની શકે એવી વાત છે . પણ સરકારમાં મહત્ત્વની જગાઓ રોકવાની મહત્ત્વાકાંક્ષા જેમને છે તેમના પર તો આવશ્યક પરીક્ષામાં ઉત્તીર્ણ થવાની ફરજ હોવી જ જોઈએ .૨",
                        "bounding_box": [
                            {
                                "x": 90,
                                "y": 304
                            },
                            {
                                "x": 647,
                                "y": 303
                            },
                            {
                                "x": 647,
                                "y": 484
                            },
                            {
                                "x": 90,
                                "y": 485
                            }
                        ],
                        "confidence": 1
                    }
                ]
            },
            {
                "block_text": "સિવિલ સર્વિસના નોકરોના પગાર",
                "bounding_box": [
                    {
                        "x": 241,
                        "y": 495
                    },
                    {
                        "x": 502,
                        "y": 498
                    },
                    {
                        "x": 502,
                        "y": 522
                    },
                    {
                        "x": 241,
                        "y": 519
                    }
                ],
                "confidence": 0.9978067,
                "lines": [
                    {
                        "line_text": "સિવિલ સર્વિસના નોકરોના પગાર",
                        "bounding_box": [
                            {
                                "x": 241,
                                "y": 495
                            },
                            {
                                "x": 502,
                                "y": 498
                            },
                            {
                                "x": 502,
                                "y": 522
                            },
                            {
                                "x": 241,
                                "y": 519
                            }
                        ],
                        "confidence": 0.9978067
                    }
                ]
            },
            {
                "block_text": "મારી પાસે ફરિયાદ આવે છે કે સિવિલ સર્વિસને માટે આટલો બધો ખર્ચ કેવો ? પણ સિવિલ સર્વિસવાળાને એકદમ દૂર કરવાનુંયે બને તેવું નથી . દૂર કરો તો રાજવહીવટનું ગાડું કેમ ગબડે ? તેમાંના થોડા તો ગયા . એથી જે રહ્યા તેમની પાસે વધારે કામ લેવું પડે છે . સરદાર પટેલે તો એ રહી ગયા તેમને ધન્યવાદ પણ આપ્યો . જે ધન્યવાદને લાયક છે તેમને ધન્યવાદ મળે તેમાં મારે કશી ફરિયાદ કરવાની ન હોય . પણ સાચી સિવિલ સર્વિસ આપણે લોકો જ છીએ . જેટલો ભરોસો અથવા ઇતબાર આપણે સિવિલ સર્વિસવાળાઓ પર રાખીએ છીએ તેટલો આપણી જાત પર રાખીએ તો આપણે ઘણા આગળ વધી શકીએ . પણ આપણે દર્ગો રમીએ તો જેવી સિવિલ સર્વિસવાળાને નશિયત થાય છે તેવી જ આપણને પણ થાય . અમુક કામ આપણને બતાવવામાં આવે ને કહેવામાં આવે કે આટલું પાર પાડવાની જવાબદારી હવે તમારી છે , એ કામ હવે તમારે જ કરવાનું છે . એ રીતે આખીયે પ્રજાને આપણે કામને માટે જવાબદાર માનીએ છીએ . જેમને પાર્લામેન્ટરી સેક્રેટરી બનાવવામાં આવે છે તેમને પણ દર મહિને પગાર આપવો પડે છે ને સિવિલ સર્વિસવાળાને પણ આપવો પડે છે . પણ કોંગ્રેસના હાથમાં કરોડો રૂપિયાનો વહીવટ",
                "bounding_box": [
                    {
                        "x": 91,
                        "y": 537
                    },
                    {
                        "x": 646,
                        "y": 537
                    },
                    {
                        "x": 646,
                        "y": 1023
                    },
                    {
                        "x": 91,
                        "y": 1023
                    }
                ],
                "confidence": 0.99990934,
                "lines": [
                    {
                        "line_text": "મારી પાસે ફરિયાદ આવે છે કે સિવિલ સર્વિસને માટે આટલો બધો ખર્ચ કેવો ? પણ સિવિલ સર્વિસવાળાને એકદમ દૂર કરવાનુંયે બને તેવું નથી . દૂર કરો તો રાજવહીવટનું ગાડું કેમ ગબડે ? તેમાંના થોડા તો ગયા . એથી જે રહ્યા તેમની પાસે વધારે કામ લેવું પડે છે . સરદાર પટેલે તો એ રહી ગયા તેમને ધન્યવાદ પણ આપ્યો . જે ધન્યવાદને લાયક છે તેમને ધન્યવાદ મળે તેમાં મારે કશી ફરિયાદ કરવાની ન હોય . પણ સાચી સિવિલ સર્વિસ આપણે લોકો જ છીએ . જેટલો ભરોસો અથવા ઇતબાર આપણે સિવિલ સર્વિસવાળાઓ પર રાખીએ છીએ તેટલો આપણી જાત પર રાખીએ તો આપણે ઘણા આગળ વધી શકીએ . પણ આપણે દર્ગો રમીએ તો જેવી સિવિલ સર્વિસવાળાને નશિયત થાય છે તેવી જ આપણને પણ થાય . અમુક કામ આપણને બતાવવામાં આવે ને કહેવામાં આવે કે આટલું પાર પાડવાની જવાબદારી હવે તમારી છે , એ કામ હવે તમારે જ કરવાનું છે . એ રીતે આખીયે પ્રજાને આપણે કામને માટે જવાબદાર માનીએ છીએ . જેમને પાર્લામેન્ટરી સેક્રેટરી બનાવવામાં આવે છે તેમને પણ દર મહિને પગાર આપવો પડે છે ને સિવિલ સર્વિસવાળાને પણ આપવો પડે છે . પણ કોંગ્રેસના હાથમાં કરોડો રૂપિયાનો વહીવટ",
                        "bounding_box": [
                            {
                                "x": 91,
                                "y": 537
                            },
                            {
                                "x": 646,
                                "y": 537
                            },
                            {
                                "x": 646,
                                "y": 1023
                            },
                            {
                                "x": 91,
                                "y": 1023
                            }
                        ],
                        "confidence": 0.99990934
                    }
                ]
            }
        ]
    }
}