{
    "page_number": 50,
    "ocr_output": {
        "blocks": [
            {
                "block_text": "ગાંધીજીની અપેક્ષા",
                "bounding_box": [
                    {
                        "x": 298,
                        "y": 78
                    },
                    {
                        "x": 439,
                        "y": 78
                    },
                    {
                        "x": 439,
                        "y": 99
                    },
                    {
                        "x": 298,
                        "y": 99
                    }
                ],
                "confidence": 1,
                "lines": [
                    {
                        "line_text": "ગાંધીજીની અપેક્ષા",
                        "bounding_box": [
                            {
                                "x": 298,
                                "y": 78
                            },
                            {
                                "x": 439,
                                "y": 78
                            },
                            {
                                "x": 439,
                                "y": 99
                            },
                            {
                                "x": 298,
                                "y": 99
                            }
                        ],
                        "confidence": 1
                    }
                ]
            },
            {
                "block_text": "૧૭૮",
                "bounding_box": [
                    {
                        "x": 93,
                        "y": 84
                    },
                    {
                        "x": 129,
                        "y": 84
                    },
                    {
                        "x": 129,
                        "y": 99
                    },
                    {
                        "x": 93,
                        "y": 99
                    }
                ],
                "confidence": 1,
                "lines": [
                    {
                        "line_text": "૧૭૮",
                        "bounding_box": [
                            {
                                "x": 93,
                                "y": 84
                            },
                            {
                                "x": 129,
                                "y": 84
                            },
                            {
                                "x": 129,
                                "y": 99
                            },
                            {
                                "x": 93,
                                "y": 99
                            }
                        ],
                        "confidence": 1
                    }
                ]
            },
            {
                "block_text": "કાર્યશક્તિ વગર આપણું ગાડું જરા પણ ચાલી શકે તેવું નથી લાગતું . પરિણામે તેમની બેપરવાઈ અને ઉન્માદ પર અસર થઈ છે . જે લોકોએ લાખો અને કરોડોના ગોટાળા કર્યા છે , જેને અવ્યવસ્થામાં લાભ છે , જેણે કાર્ય અને જવાબદારી ટાળવાની જ કુશળતા કેળવી છે , જેણે પ્રજાનો ખ્યાલ સામે રાખ્યો નથી અને આજે પ્રજાને ‘ લેતા જાઓ ’ કહેવાની તક મળી છે તેનામાં એકાએક ફેરફારની કઈ રીતે આશા રાખી શકાય ? ”",
                "bounding_box": [
                    {
                        "x": 139,
                        "y": 122
                    },
                    {
                        "x": 643,
                        "y": 120
                    },
                    {
                        "x": 644,
                        "y": 332
                    },
                    {
                        "x": 140,
                        "y": 334
                    }
                ],
                "confidence": 1,
                "lines": [
                    {
                        "line_text": "કાર્યશક્તિ વગર આપણું ગાડું જરા પણ ચાલી શકે તેવું નથી લાગતું . પરિણામે તેમની બેપરવાઈ અને ઉન્માદ પર અસર થઈ છે . જે લોકોએ લાખો અને કરોડોના ગોટાળા કર્યા છે , જેને અવ્યવસ્થામાં લાભ છે , જેણે કાર્ય અને જવાબદારી ટાળવાની જ કુશળતા કેળવી છે , જેણે પ્રજાનો ખ્યાલ સામે રાખ્યો નથી અને આજે પ્રજાને ‘ લેતા જાઓ ’ કહેવાની તક મળી છે તેનામાં એકાએક ફેરફારની કઈ રીતે આશા રાખી શકાય ? ”",
                        "bounding_box": [
                            {
                                "x": 139,
                                "y": 122
                            },
                            {
                                "x": 643,
                                "y": 120
                            },
                            {
                                "x": 644,
                                "y": 332
                            },
                            {
                                "x": 140,
                                "y": 334
                            }
                        ],
                        "confidence": 1
                    }
                ]
            },
            {
                "block_text": "મેં તો પૂર્વે ઘોડદોડની આ બદી ઉપર બધું લખ્યું છે . મારા લખવાની અસર થઈ જાણી નથી . હવે તો સ્વરાજ થયું ! હજુ આપણે એવા ને એવા ? જો આપણે નહીં ચેતીએ તો વાન બદલ્યા તેથી સાન બદલાવાની નથી એમ સિદ્ધ કરશું .",
                "bounding_box": [
                    {
                        "x": 89,
                        "y": 347
                    },
                    {
                        "x": 645,
                        "y": 350
                    },
                    {
                        "x": 644,
                        "y": 471
                    },
                    {
                        "x": 88,
                        "y": 468
                    }
                ],
                "confidence": 0.99999964,
                "lines": [
                    {
                        "line_text": "મેં તો પૂર્વે ઘોડદોડની આ બદી ઉપર બધું લખ્યું છે . મારા લખવાની અસર થઈ જાણી નથી . હવે તો સ્વરાજ થયું ! હજુ આપણે એવા ને એવા ? જો આપણે નહીં ચેતીએ તો વાન બદલ્યા તેથી સાન બદલાવાની નથી એમ સિદ્ધ કરશું .",
                        "bounding_box": [
                            {
                                "x": 89,
                                "y": 347
                            },
                            {
                                "x": 645,
                                "y": 350
                            },
                            {
                                "x": 644,
                                "y": 471
                            },
                            {
                                "x": 88,
                                "y": 468
                            }
                        ],
                        "confidence": 0.99999964
                    }
                ]
            },
            {
                "block_text": "વિચિત્ર વાત થશે જો વિદેશી રાજ્યની બદીઓ રહી જશે ને તેમાં રહેલા ગુણો તેની સાથે ચાલ્યા જશે ! પ",
                "bounding_box": [
                    {
                        "x": 90,
                        "y": 472
                    },
                    {
                        "x": 643,
                        "y": 472
                    },
                    {
                        "x": 643,
                        "y": 530
                    },
                    {
                        "x": 90,
                        "y": 530
                    }
                ],
                "confidence": 1,
                "lines": [
                    {
                        "line_text": "વિચિત્ર વાત થશે જો વિદેશી રાજ્યની બદીઓ રહી જશે ને તેમાં રહેલા ગુણો તેની સાથે ચાલ્યા જશે ! પ",
                        "bounding_box": [
                            {
                                "x": 90,
                                "y": 472
                            },
                            {
                                "x": 643,
                                "y": 472
                            },
                            {
                                "x": 643,
                                "y": 530
                            },
                            {
                                "x": 90,
                                "y": 530
                            }
                        ],
                        "confidence": 1
                    }
                ]
            },
            {
                "block_text": "સરકારના સનદી નોકરો",
                "bounding_box": [
                    {
                        "x": 271,
                        "y": 552
                    },
                    {
                        "x": 452,
                        "y": 547
                    },
                    {
                        "x": 453,
                        "y": 572
                    },
                    {
                        "x": 272,
                        "y": 577
                    }
                ],
                "confidence": 1,
                "lines": [
                    {
                        "line_text": "સરકારના સનદી નોકરો",
                        "bounding_box": [
                            {
                                "x": 271,
                                "y": 552
                            },
                            {
                                "x": 452,
                                "y": 547
                            },
                            {
                                "x": 453,
                                "y": 572
                            },
                            {
                                "x": 272,
                                "y": 577
                            }
                        ],
                        "confidence": 1
                    }
                ]
            },
            {
                "block_text": "સરકારના સનદી નોકરો પોતાની કચેરીઓમાં બેઠા બેઠા કામ કરવાને ટેવાયેલા છે . દફતરોની લાલ પટી અને તુમારોના કાગળોમાં તેમનું કામ અટવાયા કરે છે . ખેડૂતો સાથે સીધો સંપર્ક તેમને કદી થયો નથી . ખેડૂતોનો તેમને જરાયે પરિચય નથી . લોકોના માનસમાં હવે જે પલટો આવ્યો છે તેને ઓળખી લેવા જેટલા તેઓ નમ્ર બને એમ હું ઇચ્છું છું . આગળ પડી પહેલ કરવાની લોકોની સ્વાભાવિક વૃત્તિને અંકુશો મૂકીને ગૂંગળાવી મારવી ઈષ્ટ નથી . તેમને પોતાની જાત પર આધાર રાખી સ્વાશ્રયી બનવાની છૂટ આપવાની જરૂર છે . લોકશાહી રાજવહીવટનો અર્થ લોકોને પાંગળા કે લાચાર કરી મૂકવા એવો ખસૂસ નથી . ધારો કે સરકાર અથવા તેના અમલદારોને જે ડર રહે છે તે સાચો પડે અને અંકુશો ઉઠાવી લેવાથી પરિસ્થિતિ છે તેનાથીયે વધારે બગડે તો અંકુશો ફરી મૂકી દેતાં અમલદારોના હાથ કોઈ બાંધી લેતું નથી . અંગત રીતે મને લાગે છે કે અંકુશો ઉઠાવી લેવાથી પરિસ્થિતિ ઘણી હળવી તેમ જ સરળ બનશે , પોતાની સામે આવી ખડા થયેલા સવાલોના ઉકેલને માટે",
                "bounding_box": [
                    {
                        "x": 89,
                        "y": 593
                    },
                    {
                        "x": 649,
                        "y": 593
                    },
                    {
                        "x": 649,
                        "y": 1012
                    },
                    {
                        "x": 89,
                        "y": 1012
                    }
                ],
                "confidence": 0.999587,
                "lines": [
                    {
                        "line_text": "સરકારના સનદી નોકરો પોતાની કચેરીઓમાં બેઠા બેઠા કામ કરવાને ટેવાયેલા છે . દફતરોની લાલ પટી અને તુમારોના કાગળોમાં તેમનું કામ અટવાયા કરે છે . ખેડૂતો સાથે સીધો સંપર્ક તેમને કદી થયો નથી . ખેડૂતોનો તેમને જરાયે પરિચય નથી . લોકોના માનસમાં હવે જે પલટો આવ્યો છે તેને ઓળખી લેવા જેટલા તેઓ નમ્ર બને એમ હું ઇચ્છું છું . આગળ પડી પહેલ કરવાની લોકોની સ્વાભાવિક વૃત્તિને અંકુશો મૂકીને ગૂંગળાવી મારવી ઈષ્ટ નથી . તેમને પોતાની જાત પર આધાર રાખી સ્વાશ્રયી બનવાની છૂટ આપવાની જરૂર છે . લોકશાહી રાજવહીવટનો અર્થ લોકોને પાંગળા કે લાચાર કરી મૂકવા એવો ખસૂસ નથી . ધારો કે સરકાર અથવા તેના અમલદારોને જે ડર રહે છે તે સાચો પડે અને અંકુશો ઉઠાવી લેવાથી પરિસ્થિતિ છે તેનાથીયે વધારે બગડે તો અંકુશો ફરી મૂકી દેતાં અમલદારોના હાથ કોઈ બાંધી લેતું નથી . અંગત રીતે મને લાગે છે કે અંકુશો ઉઠાવી લેવાથી પરિસ્થિતિ ઘણી હળવી તેમ જ સરળ બનશે , પોતાની સામે આવી ખડા થયેલા સવાલોના ઉકેલને માટે",
                        "bounding_box": [
                            {
                                "x": 89,
                                "y": 593
                            },
                            {
                                "x": 649,
                                "y": 593
                            },
                            {
                                "x": 649,
                                "y": 1012
                            },
                            {
                                "x": 89,
                                "y": 1012
                            }
                        ],
                        "confidence": 0.999587
                    }
                ]
            }
        ]
    }
}