{
    "page_number": 37,
    "ocr_output": {
        "blocks": [
            {
                "block_text": "ખંડ છઠ્ઠો : મત , મતાધિકાર અને ધારાસભા",
                "bounding_box": [
                    {
                        "x": 156,
                        "y": 129
                    },
                    {
                        "x": 565,
                        "y": 129
                    },
                    {
                        "x": 565,
                        "y": 160
                    },
                    {
                        "x": 156,
                        "y": 160
                    }
                ],
                "confidence": 0.99999654,
                "lines": [
                    {
                        "line_text": "ખંડ છઠ્ઠો : મત , મતાધિકાર અને ધારાસભા",
                        "bounding_box": [
                            {
                                "x": 156,
                                "y": 129
                            },
                            {
                                "x": 565,
                                "y": 129
                            },
                            {
                                "x": 565,
                                "y": 160
                            },
                            {
                                "x": 156,
                                "y": 160
                            }
                        ],
                        "confidence": 0.99999654
                    }
                ]
            },
            {
                "block_text": "૧૭",
                "bounding_box": [
                    {
                        "x": 349,
                        "y": 227
                    },
                    {
                        "x": 382,
                        "y": 227
                    },
                    {
                        "x": 382,
                        "y": 249
                    },
                    {
                        "x": 349,
                        "y": 249
                    }
                ],
                "confidence": 1,
                "lines": [
                    {
                        "line_text": "૧૭",
                        "bounding_box": [
                            {
                                "x": 349,
                                "y": 227
                            },
                            {
                                "x": 382,
                                "y": 227
                            },
                            {
                                "x": 382,
                                "y": 249
                            },
                            {
                                "x": 349,
                                "y": 249
                            }
                        ],
                        "confidence": 1
                    }
                ]
            },
            {
                "block_text": "ધારાસભ્યો અને મતદારો",
                "bounding_box": [
                    {
                        "x": 235,
                        "y": 264
                    },
                    {
                        "x": 493,
                        "y": 262
                    },
                    {
                        "x": 493,
                        "y": 295
                    },
                    {
                        "x": 235,
                        "y": 297
                    }
                ],
                "confidence": 1,
                "lines": [
                    {
                        "line_text": "ધારાસભ્યો અને મતદારો",
                        "bounding_box": [
                            {
                                "x": 235,
                                "y": 264
                            },
                            {
                                "x": 493,
                                "y": 262
                            },
                            {
                                "x": 493,
                                "y": 295
                            },
                            {
                                "x": 235,
                                "y": 297
                            }
                        ],
                        "confidence": 1
                    }
                ]
            },
            {
                "block_text": "૧. ધારાસભ્યો પ્રજાના સેવકો છે",
                "bounding_box": [
                    {
                        "x": 238,
                        "y": 321
                    },
                    {
                        "x": 492,
                        "y": 320
                    },
                    {
                        "x": 492,
                        "y": 344
                    },
                    {
                        "x": 238,
                        "y": 345
                    }
                ],
                "confidence": 1,
                "lines": [
                    {
                        "line_text": "૧. ધારાસભ્યો પ્રજાના સેવકો છે",
                        "bounding_box": [
                            {
                                "x": 238,
                                "y": 321
                            },
                            {
                                "x": 492,
                                "y": 320
                            },
                            {
                                "x": 492,
                                "y": 344
                            },
                            {
                                "x": 238,
                                "y": 345
                            }
                        ],
                        "confidence": 1
                    }
                ]
            },
            {
                "block_text": "ધારાસભામાં જનારા પ્રજાના સેવકો છે . ધારાસભાના કાર્યક્રમને હું નથી માનતો એમ નથી .",
                "bounding_box": [
                    {
                        "x": 139,
                        "y": 360
                    },
                    {
                        "x": 521,
                        "y": 356
                    },
                    {
                        "x": 522,
                        "y": 417
                    },
                    {
                        "x": 140,
                        "y": 421
                    }
                ],
                "confidence": 1,
                "lines": [
                    {
                        "line_text": "ધારાસભામાં જનારા પ્રજાના સેવકો છે . ધારાસભાના કાર્યક્રમને હું નથી માનતો એમ નથી .",
                        "bounding_box": [
                            {
                                "x": 139,
                                "y": 360
                            },
                            {
                                "x": 521,
                                "y": 356
                            },
                            {
                                "x": 522,
                                "y": 417
                            },
                            {
                                "x": 140,
                                "y": 421
                            }
                        ],
                        "confidence": 1
                    }
                ]
            },
            {
                "block_text": "આપણે બધા અંદર જશું તો એ ધારાસભાઓમાં સમાશું નહીં . આપણા દેશની ૩૫ કરોડની વસ્તીમાં એક હજાર કે પંદરસો સેવકો ભલે જાય . પણ એ લોકોને હુકમ તો આપણે આપવાના રહેશે . આપણી મહાસભાના એમાં કેટલાક પ્રતિનિધિઓ હશે , પણ તેને મોકલવાને મત આપવાનો હક નથી . મને તો ૬ વર્ષની સજા થયેલી એટલે હું નપાસ ગણાઉં . ૩૫ કરોડમાંથી ૩૧૫ કરોડ મત વિનાના બાકી છે . એની સાથે જ હું હોઉં એ સારું છે ના ? બોલો તમે શું કહો છો ? ( અવાજ “ ૩૧૫ કરોડની સાથે . ” ) બહેનો તમે શું કહો છો ? ( અવાજ “ અમારી સાથે . ” ) તમારી સાથે તો છું જ , જે માતાના ખોળામાં હું રમ્યો , જે માતાનું દૂધ પીધું એ માતાઓની કાંધ ઉપર કેમ બેસીશ ? એમના તો પગ આગળ રહીશું , એમની સેવા કરીશું .",
                "bounding_box": [
                    {
                        "x": 88,
                        "y": 392
                    },
                    {
                        "x": 648,
                        "y": 394
                    },
                    {
                        "x": 647,
                        "y": 758
                    },
                    {
                        "x": 87,
                        "y": 756
                    }
                ],
                "confidence": 0.99679095,
                "lines": [
                    {
                        "line_text": "આપણે બધા અંદર જશું તો એ ધારાસભાઓમાં સમાશું નહીં . આપણા દેશની ૩૫ કરોડની વસ્તીમાં એક હજાર કે પંદરસો સેવકો ભલે જાય . પણ એ લોકોને હુકમ તો આપણે આપવાના રહેશે . આપણી મહાસભાના એમાં કેટલાક પ્રતિનિધિઓ હશે , પણ તેને મોકલવાને મત આપવાનો હક નથી . મને તો ૬ વર્ષની સજા થયેલી એટલે હું નપાસ ગણાઉં . ૩૫ કરોડમાંથી ૩૧૫ કરોડ મત વિનાના બાકી છે . એની સાથે જ હું હોઉં એ સારું છે ના ? બોલો તમે શું કહો છો ? ( અવાજ “ ૩૧૫ કરોડની સાથે . ” ) બહેનો તમે શું કહો છો ? ( અવાજ “ અમારી સાથે . ” ) તમારી સાથે તો છું જ , જે માતાના ખોળામાં હું રમ્યો , જે માતાનું દૂધ પીધું એ માતાઓની કાંધ ઉપર કેમ બેસીશ ? એમના તો પગ આગળ રહીશું , એમની સેવા કરીશું .",
                        "bounding_box": [
                            {
                                "x": 88,
                                "y": 392
                            },
                            {
                                "x": 648,
                                "y": 394
                            },
                            {
                                "x": 647,
                                "y": 758
                            },
                            {
                                "x": 87,
                                "y": 756
                            }
                        ],
                        "confidence": 0.99679095
                    }
                ]
            },
            {
                "block_text": "હવે ૩૫ કરોડ મત આપનારા રહ્યા તેમાંથી કેટલા ધારાસભામાં જાય ? જે પંદરસો જગ્યાઓ હોય તેને માટે આપણે લડીએ તો આપણે સ્વરાજની કતલ કરી કહેવાય . આજે આવી કતલ થઈ રહી કહેવાય છે . ધારાસભાનો કાર્યક્રમ શરીફ માણસોને માટે જ હોય . પણ ગંદા માણસો ઘૂસી જાય તો શું કરશું ? પણ એ તો થયું . જેને મત આપવાના નથી તે ૩૧૫ કરોડ શું કરશે ? એને માટે તો રચનાત્મક કાર્યક્રમ સિવાય બીજું કશું નથી .૨",
                "bounding_box": [
                    {
                        "x": 88,
                        "y": 761
                    },
                    {
                        "x": 650,
                        "y": 758
                    },
                    {
                        "x": 651,
                        "y": 973
                    },
                    {
                        "x": 89,
                        "y": 976
                    }
                ],
                "confidence": 0.99948066,
                "lines": [
                    {
                        "line_text": "હવે ૩૫ કરોડ મત આપનારા રહ્યા તેમાંથી કેટલા ધારાસભામાં જાય ? જે પંદરસો જગ્યાઓ હોય તેને માટે આપણે લડીએ તો આપણે સ્વરાજની કતલ કરી કહેવાય . આજે આવી કતલ થઈ રહી કહેવાય છે . ધારાસભાનો કાર્યક્રમ શરીફ માણસોને માટે જ હોય . પણ ગંદા માણસો ઘૂસી જાય તો શું કરશું ? પણ એ તો થયું . જેને મત આપવાના નથી તે ૩૧૫ કરોડ શું કરશે ? એને માટે તો રચનાત્મક કાર્યક્રમ સિવાય બીજું કશું નથી .૨",
                        "bounding_box": [
                            {
                                "x": 88,
                                "y": 761
                            },
                            {
                                "x": 650,
                                "y": 758
                            },
                            {
                                "x": 651,
                                "y": 973
                            },
                            {
                                "x": 89,
                                "y": 976
                            }
                        ],
                        "confidence": 0.99948066
                    }
                ]
            },
            {
                "block_text": "રૂપ",
                "bounding_box": [
                    {
                        "x": 357,
                        "y": 992
                    },
                    {
                        "x": 382,
                        "y": 992
                    },
                    {
                        "x": 382,
                        "y": 1007
                    },
                    {
                        "x": 357,
                        "y": 1007
                    }
                ],
                "confidence": 1,
                "lines": [
                    {
                        "line_text": "રૂપ",
                        "bounding_box": [
                            {
                                "x": 357,
                                "y": 992
                            },
                            {
                                "x": 382,
                                "y": 992
                            },
                            {
                                "x": 382,
                                "y": 1007
                            },
                            {
                                "x": 357,
                                "y": 1007
                            }
                        ],
                        "confidence": 1
                    }
                ]
            }
        ]
    }
}