{
    "page_number": 41,
    "ocr_output": {
        "blocks": [
            {
                "block_text": "મતાધિકાર",
                "bounding_box": [
                    {
                        "x": 306,
                        "y": 80
                    },
                    {
                        "x": 380,
                        "y": 80
                    },
                    {
                        "x": 380,
                        "y": 101
                    },
                    {
                        "x": 306,
                        "y": 101
                    }
                ],
                "confidence": 1,
                "lines": [
                    {
                        "line_text": "મતાધિકાર",
                        "bounding_box": [
                            {
                                "x": 306,
                                "y": 80
                            },
                            {
                                "x": 380,
                                "y": 80
                            },
                            {
                                "x": 380,
                                "y": 101
                            },
                            {
                                "x": 306,
                                "y": 101
                            }
                        ],
                        "confidence": 1
                    }
                ]
            },
            {
                "block_text": "૩૯",
                "bounding_box": [
                    {
                        "x": 621,
                        "y": 85
                    },
                    {
                        "x": 647,
                        "y": 85
                    },
                    {
                        "x": 647,
                        "y": 99
                    },
                    {
                        "x": 621,
                        "y": 99
                    }
                ],
                "confidence": 1,
                "lines": [
                    {
                        "line_text": "૩૯",
                        "bounding_box": [
                            {
                                "x": 621,
                                "y": 85
                            },
                            {
                                "x": 647,
                                "y": 85
                            },
                            {
                                "x": 647,
                                "y": 99
                            },
                            {
                                "x": 621,
                                "y": 99
                            }
                        ],
                        "confidence": 1
                    }
                ]
            },
            {
                "block_text": "ન્યાય માગવો પણ મહેરબાની કદી માગવી નહીં . તેથી પાશ્ચાત્ય કેળ- વણીનો પ્રચાર કરવાને બદલે નાગરિકને કર્તવ્યપાલન સારુ લાયક બનાવે એવી કેળવણીનો પ્રાંતીય ભાષા દ્વારા પ્રચાર કરવો ઘટે છે . સ્ત્રીઓ તો આ ઉદ્યમ કરે જ , પણ પુરુષોનો એ વિશેષ ધર્મ છે . આ જરૂરી સુધા- રણામાં જો પુરુષો પહેલ કરે તો તે મહેરબાની નહીં પણ સ્ત્રીઓ પ્રત્યેનો ધર્મ બજાવ્યો કહેવાશે .",
                "bounding_box": [
                    {
                        "x": 86,
                        "y": 124
                    },
                    {
                        "x": 648,
                        "y": 120
                    },
                    {
                        "x": 649,
                        "y": 299
                    },
                    {
                        "x": 87,
                        "y": 303
                    }
                ],
                "confidence": 0.98780566,
                "lines": [
                    {
                        "line_text": "ન્યાય માગવો પણ મહેરબાની કદી માગવી નહીં . તેથી પાશ્ચાત્ય કેળ- વણીનો પ્રચાર કરવાને બદલે નાગરિકને કર્તવ્યપાલન સારુ લાયક બનાવે એવી કેળવણીનો પ્રાંતીય ભાષા દ્વારા પ્રચાર કરવો ઘટે છે . સ્ત્રીઓ તો આ ઉદ્યમ કરે જ , પણ પુરુષોનો એ વિશેષ ધર્મ છે . આ જરૂરી સુધા- રણામાં જો પુરુષો પહેલ કરે તો તે મહેરબાની નહીં પણ સ્ત્રીઓ પ્રત્યેનો ધર્મ બજાવ્યો કહેવાશે .",
                        "bounding_box": [
                            {
                                "x": 86,
                                "y": 124
                            },
                            {
                                "x": 648,
                                "y": 120
                            },
                            {
                                "x": 649,
                                "y": 299
                            },
                            {
                                "x": 87,
                                "y": 303
                            }
                        ],
                        "confidence": 0.98780566
                    }
                ]
            },
            {
                "block_text": "૧૯ મતાધિકાર",
                "bounding_box": [
                    {
                        "x": 315,
                        "y": 392
                    },
                    {
                        "x": 420,
                        "y": 392
                    },
                    {
                        "x": 420,
                        "y": 460
                    },
                    {
                        "x": 315,
                        "y": 460
                    }
                ],
                "confidence": 1,
                "lines": [
                    {
                        "line_text": "૧૯ મતાધિકાર",
                        "bounding_box": [
                            {
                                "x": 315,
                                "y": 392
                            },
                            {
                                "x": 420,
                                "y": 392
                            },
                            {
                                "x": 420,
                                "y": 460
                            },
                            {
                                "x": 315,
                                "y": 460
                            }
                        ],
                        "confidence": 1
                    }
                ]
            },
            {
                "block_text": "હું પુખ્ત વયના મતાધિકારને વરેલો છું . પુખ્ત વયનો મતા- ધિકાર અનેક કારણે જરૂરનો છે , અને મારે માટે નિર્ણાયક કારણોમાંનું એક એ છે કે તે મને સૌની , મુસલમાનોની જ નહીં , પણ અંત્યજોની , ખ્રિસ્તીઓની , મજૂરોની અને બીજા તમામ વર્ગોની વાજબી આકાંક્ષાઓને તૃપ્ત કરવા સમર્થ બનાવે છે . જે માણસ પાસે ધન છે તે મત આપી શકે પણ જે માણસ પાસે ધન કે અક્ષરજ્ઞાન નથી પણ ચારિત્ર છે તે મત ન આપી શકે , અથવા તો જે માણસ દિવસ આખો પરસેવો ઉતારીને પ્રામાણિકપણે કામ કરે છે તે ગરીબ હોવાના ગુનાને લીધે મત ન આપી શકે એ વિચાર જ મારાથી સહ્યો જતો નથી .૧",
                "bounding_box": [
                    {
                        "x": 86,
                        "y": 479
                    },
                    {
                        "x": 648,
                        "y": 475
                    },
                    {
                        "x": 650,
                        "y": 753
                    },
                    {
                        "x": 88,
                        "y": 757
                    }
                ],
                "confidence": 1,
                "lines": [
                    {
                        "line_text": "હું પુખ્ત વયના મતાધિકારને વરેલો છું . પુખ્ત વયનો મતા- ધિકાર અનેક કારણે જરૂરનો છે , અને મારે માટે નિર્ણાયક કારણોમાંનું એક એ છે કે તે મને સૌની , મુસલમાનોની જ નહીં , પણ અંત્યજોની , ખ્રિસ્તીઓની , મજૂરોની અને બીજા તમામ વર્ગોની વાજબી આકાંક્ષાઓને તૃપ્ત કરવા સમર્થ બનાવે છે . જે માણસ પાસે ધન છે તે મત આપી શકે પણ જે માણસ પાસે ધન કે અક્ષરજ્ઞાન નથી પણ ચારિત્ર છે તે મત ન આપી શકે , અથવા તો જે માણસ દિવસ આખો પરસેવો ઉતારીને પ્રામાણિકપણે કામ કરે છે તે ગરીબ હોવાના ગુનાને લીધે મત ન આપી શકે એ વિચાર જ મારાથી સહ્યો જતો નથી .૧",
                        "bounding_box": [
                            {
                                "x": 86,
                                "y": 479
                            },
                            {
                                "x": 648,
                                "y": 475
                            },
                            {
                                "x": 650,
                                "y": 753
                            },
                            {
                                "x": 88,
                                "y": 757
                            }
                        ],
                        "confidence": 1
                    }
                ]
            },
            {
                "block_text": "મતાધિકારની બાબતમાં એકવીસ અથવા જોઈએ તો અઢાર વરસની ઉંમરની ઉપરનાં પુખ્ત વયનાં સર્વ સ્રી અને પુરુષને મતાધિકાર આપવાના સિદ્ધાંતને હું વરેલો છું . મારું ચાલે તો હું મારા જેવાં પાકેલાં પાનને મતાધિકાર ન આપું . મતદારો તરીકે ઘરડા લોકો નકામા છે . જેમનો એક પગ સ્મશાનમાં છે તેવા લોકોની આ દુનિયા નથી . મરણની દુનિયા તેમની દુનિયા ગણાય કેમ કે જીવનની માલકી જુવાન લોકોની છે . એ રીતે જેમ અઢારથી નીચેની ઉંમરના તેવી જ રીતે કહો કે પચાસથી",
                "bounding_box": [
                    {
                        "x": 90,
                        "y": 779
                    },
                    {
                        "x": 651,
                        "y": 779
                    },
                    {
                        "x": 651,
                        "y": 984
                    },
                    {
                        "x": 90,
                        "y": 984
                    }
                ],
                "confidence": 0.99994016,
                "lines": [
                    {
                        "line_text": "મતાધિકારની બાબતમાં એકવીસ અથવા જોઈએ તો અઢાર વરસની ઉંમરની ઉપરનાં પુખ્ત વયનાં સર્વ સ્રી અને પુરુષને મતાધિકાર આપવાના સિદ્ધાંતને હું વરેલો છું . મારું ચાલે તો હું મારા જેવાં પાકેલાં પાનને મતાધિકાર ન આપું . મતદારો તરીકે ઘરડા લોકો નકામા છે . જેમનો એક પગ સ્મશાનમાં છે તેવા લોકોની આ દુનિયા નથી . મરણની દુનિયા તેમની દુનિયા ગણાય કેમ કે જીવનની માલકી જુવાન લોકોની છે . એ રીતે જેમ અઢારથી નીચેની ઉંમરના તેવી જ રીતે કહો કે પચાસથી",
                        "bounding_box": [
                            {
                                "x": 90,
                                "y": 779
                            },
                            {
                                "x": 651,
                                "y": 779
                            },
                            {
                                "x": 651,
                                "y": 984
                            },
                            {
                                "x": 90,
                                "y": 984
                            }
                        ],
                        "confidence": 0.99994016
                    }
                ]
            },
            {
                "block_text": "ઉપરની ઉંમરના માણસોને હું મતાધિકાર ન આપું .",
                "bounding_box": [
                    {
                        "x": 92,
                        "y": 989
                    },
                    {
                        "x": 481,
                        "y": 989
                    },
                    {
                        "x": 481,
                        "y": 1021
                    },
                    {
                        "x": 92,
                        "y": 1021
                    }
                ],
                "confidence": 0.99999994,
                "lines": [
                    {
                        "line_text": "ઉપરની ઉંમરના માણસોને હું મતાધિકાર ન આપું .",
                        "bounding_box": [
                            {
                                "x": 92,
                                "y": 989
                            },
                            {
                                "x": 481,
                                "y": 989
                            },
                            {
                                "x": 481,
                                "y": 1021
                            },
                            {
                                "x": 92,
                                "y": 1021
                            }
                        ],
                        "confidence": 0.99999994
                    }
                ]
            }
        ]
    }
}