{
    "page_number": 45,
    "ocr_output": {
        "blocks": [
            {
                "block_text": "સરકારી નોકરીઓ",
                "bounding_box": [
                    {
                        "x": 298,
                        "y": 78
                    },
                    {
                        "x": 437,
                        "y": 77
                    },
                    {
                        "x": 437,
                        "y": 100
                    },
                    {
                        "x": 298,
                        "y": 101
                    }
                ],
                "confidence": 1,
                "lines": [
                    {
                        "line_text": "સરકારી નોકરીઓ",
                        "bounding_box": [
                            {
                                "x": 298,
                                "y": 78
                            },
                            {
                                "x": 437,
                                "y": 77
                            },
                            {
                                "x": 437,
                                "y": 100
                            },
                            {
                                "x": 298,
                                "y": 101
                            }
                        ],
                        "confidence": 1
                    }
                ]
            },
            {
                "block_text": "૧૩",
                "bounding_box": [
                    {
                        "x": 605,
                        "y": 85
                    },
                    {
                        "x": 641,
                        "y": 85
                    },
                    {
                        "x": 641,
                        "y": 100
                    },
                    {
                        "x": 605,
                        "y": 100
                    }
                ],
                "confidence": 1,
                "lines": [
                    {
                        "line_text": "૧૩",
                        "bounding_box": [
                            {
                                "x": 605,
                                "y": 85
                            },
                            {
                                "x": 641,
                                "y": 85
                            },
                            {
                                "x": 641,
                                "y": 100
                            },
                            {
                                "x": 605,
                                "y": 100
                            }
                        ],
                        "confidence": 1
                    }
                ]
            },
            {
                "block_text": "હવે જે શસ્ત્રાસ્ત્રોથી કંટાળી છે તેમને રસ્તે હિંદ દુનિયામાં ટટાર ફરી નહીં શકે , તે માટે હિદે પોતાના હરેક વતનીના જીવનમાં પ્રતિબિંબિત થતો હિંદની અસલ સંસ્કૃતિના તેજનો અને આ પત્રમાં તાજેતરમાં મેં જે સમાજ- વાદની કલ્પના આપી છે તેના તેજનો પ્રભાવ પાડવો જોઈશે ... એનો અર્થ એ થાય કે કોઈ પણ વ્યક્તિ પોતાના સિદ્ધાંતોના પ્રચારને અર્થે જબર- જસ્તીનો જરાસરખો પ્રયોગ ન કરે . જે વાત ખરેખર લોકપ્રિય હોય તેને સર્વ લોકો પાસે સ્વીકારાવવાને ખાતર જાહેર જનતાના જાગ્રત અભિપ્રાય સિવાય કોઈ બીજા બળની ભાગ્યે જ જરૂર પડે અથવા કહો કે જરૂર પડતી જ નથી . તેથી બિહાર , ઓરિસ્સા અને આસામમાં જોવાના મળેલા હિસાના , વ્યક્તિઓ તરફ્થી થયેલા બેહૂદા દેખાવો કદી થવા જોઈતા નહોતા . બીજા પ્રાંતમાંથી આવીને લોકો પ્રાંતના લોકોનાં હિત પર આક્રમણ કરે અથવા બીજી કોઈ બેકાયદા પ્રવૃત્તિ કરે તો તેનો ઈલાજ કરવાને લોકોની સરકારો સર્વ સ્થળોએ મોજૂદ છે . ઉપરાંત પ્રાંત બહારથી પ્રાંતમાં આવીને વસનારા સૌ કોઈને પૂરેપૂરી સલામતી આપવાની પ્રાંતિક સરકારો- ની ફરજ છે . “ તમે જેને તમારું ગણતા હો તેનો બીજાને નુકસાન ન થાય એ રીતે ઉપભોગ કરો , ” એ ન્યાયશાસ્ત્રનો એક પ્રસિદ્ધ સિદ્ધાંત છે . તેવી જ રીતે નૈતિક આચારનો પણ એ એક ભવ્ય નિયમ છે . અને આજના સંજોગોમાં એ કેટલો બધો બંધબેસતો આવે તેવો છે !",
                "bounding_box": [
                    {
                        "x": 88,
                        "y": 120
                    },
                    {
                        "x": 648,
                        "y": 121
                    },
                    {
                        "x": 647,
                        "y": 665
                    },
                    {
                        "x": 87,
                        "y": 664
                    }
                ],
                "confidence": 0.9980746,
                "lines": [
                    {
                        "line_text": "હવે જે શસ્ત્રાસ્ત્રોથી કંટાળી છે તેમને રસ્તે હિંદ દુનિયામાં ટટાર ફરી નહીં શકે , તે માટે હિદે પોતાના હરેક વતનીના જીવનમાં પ્રતિબિંબિત થતો હિંદની અસલ સંસ્કૃતિના તેજનો અને આ પત્રમાં તાજેતરમાં મેં જે સમાજ- વાદની કલ્પના આપી છે તેના તેજનો પ્રભાવ પાડવો જોઈશે ... એનો અર્થ એ થાય કે કોઈ પણ વ્યક્તિ પોતાના સિદ્ધાંતોના પ્રચારને અર્થે જબર- જસ્તીનો જરાસરખો પ્રયોગ ન કરે . જે વાત ખરેખર લોકપ્રિય હોય તેને સર્વ લોકો પાસે સ્વીકારાવવાને ખાતર જાહેર જનતાના જાગ્રત અભિપ્રાય સિવાય કોઈ બીજા બળની ભાગ્યે જ જરૂર પડે અથવા કહો કે જરૂર પડતી જ નથી . તેથી બિહાર , ઓરિસ્સા અને આસામમાં જોવાના મળેલા હિસાના , વ્યક્તિઓ તરફ્થી થયેલા બેહૂદા દેખાવો કદી થવા જોઈતા નહોતા . બીજા પ્રાંતમાંથી આવીને લોકો પ્રાંતના લોકોનાં હિત પર આક્રમણ કરે અથવા બીજી કોઈ બેકાયદા પ્રવૃત્તિ કરે તો તેનો ઈલાજ કરવાને લોકોની સરકારો સર્વ સ્થળોએ મોજૂદ છે . ઉપરાંત પ્રાંત બહારથી પ્રાંતમાં આવીને વસનારા સૌ કોઈને પૂરેપૂરી સલામતી આપવાની પ્રાંતિક સરકારો- ની ફરજ છે . “ તમે જેને તમારું ગણતા હો તેનો બીજાને નુકસાન ન થાય એ રીતે ઉપભોગ કરો , ” એ ન્યાયશાસ્ત્રનો એક પ્રસિદ્ધ સિદ્ધાંત છે . તેવી જ રીતે નૈતિક આચારનો પણ એ એક ભવ્ય નિયમ છે . અને આજના સંજોગોમાં એ કેટલો બધો બંધબેસતો આવે તેવો છે !",
                        "bounding_box": [
                            {
                                "x": 88,
                                "y": 120
                            },
                            {
                                "x": 648,
                                "y": 121
                            },
                            {
                                "x": 647,
                                "y": 665
                            },
                            {
                                "x": 87,
                                "y": 664
                            }
                        ],
                        "confidence": 0.9980746
                    }
                ]
            },
            {
                "block_text": ". જે દેશમાં જઈએ તેવા થઈને રહીએ એ તે દેશના દુર્ગુણોને અપનાવવાની વાત બાદ કરતાં ઉત્તમ સાદી સમજનો નિયમ છે . પ્રગતિકારક મિશ્રાણની પ્રક્રિયામાં ખોટાને બહાર કાઢી નાખવાની અને ખરાને અપનાવવાની ક્રિયા સતત ચાલ્યા કરે છે . બંગાળમાં વસનારા એક ગુજરાતી તરીકે બંગાળમાં જે કંઈ સારું હોય તે મારે ઝટ પચાવી લેવું જોઈએ .૧",
                "bounding_box": [
                    {
                        "x": 93,
                        "y": 676
                    },
                    {
                        "x": 649,
                        "y": 674
                    },
                    {
                        "x": 650,
                        "y": 859
                    },
                    {
                        "x": 94,
                        "y": 861
                    }
                ],
                "confidence": 0.9999998,
                "lines": [
                    {
                        "line_text": ". જે દેશમાં જઈએ તેવા થઈને રહીએ એ તે દેશના દુર્ગુણોને અપનાવવાની વાત બાદ કરતાં ઉત્તમ સાદી સમજનો નિયમ છે . પ્રગતિકારક મિશ્રાણની પ્રક્રિયામાં ખોટાને બહાર કાઢી નાખવાની અને ખરાને અપનાવવાની ક્રિયા સતત ચાલ્યા કરે છે . બંગાળમાં વસનારા એક ગુજરાતી તરીકે બંગાળમાં જે કંઈ સારું હોય તે મારે ઝટ પચાવી લેવું જોઈએ .૧",
                        "bounding_box": [
                            {
                                "x": 93,
                                "y": 676
                            },
                            {
                                "x": 649,
                                "y": 674
                            },
                            {
                                "x": 650,
                                "y": 859
                            },
                            {
                                "x": 94,
                                "y": 861
                            }
                        ],
                        "confidence": 0.9999998
                    }
                ]
            },
            {
                "block_text": "સરકારી ખાતાંની નોકરીઓની બાબતમાં તો હું માનું છું કે કોમી પક્ષપાતની ભાવનાને એ પ્રદેશમાં પણ જો આપણે દાખલ થવા દઈશું તો આપણા સુતંત્રમાં એ કેવળ ઘાતક નીવડશે , જો રાજતંત્રને કાર્યદક્ષ રાખવું હોય તો સૌથી કાબેલ લોકોને જ એમાં રોકવા પડશે . અલબત્ત , એમાં પક્ષાપક્ષી અને વગવસીલા ન ચાલવા જોઈએ , એટલે કે જો",
                "bounding_box": [
                    {
                        "x": 92,
                        "y": 869
                    },
                    {
                        "x": 650,
                        "y": 872
                    },
                    {
                        "x": 649,
                        "y": 1022
                    },
                    {
                        "x": 91,
                        "y": 1019
                    }
                ],
                "confidence": 1,
                "lines": [
                    {
                        "line_text": "સરકારી ખાતાંની નોકરીઓની બાબતમાં તો હું માનું છું કે કોમી પક્ષપાતની ભાવનાને એ પ્રદેશમાં પણ જો આપણે દાખલ થવા દઈશું તો આપણા સુતંત્રમાં એ કેવળ ઘાતક નીવડશે , જો રાજતંત્રને કાર્યદક્ષ રાખવું હોય તો સૌથી કાબેલ લોકોને જ એમાં રોકવા પડશે . અલબત્ત , એમાં પક્ષાપક્ષી અને વગવસીલા ન ચાલવા જોઈએ , એટલે કે જો",
                        "bounding_box": [
                            {
                                "x": 92,
                                "y": 869
                            },
                            {
                                "x": 650,
                                "y": 872
                            },
                            {
                                "x": 649,
                                "y": 1022
                            },
                            {
                                "x": 91,
                                "y": 1019
                            }
                        ],
                        "confidence": 1
                    }
                ]
            }
        ]
    }
}