{
    "page_number": 21,
    "ocr_output": {
        "blocks": [
            {
                "block_text": "વકીલાત",
                "lines": [
                    "વકીલાત"
                ]
            },
            {
                "block_text": "૨૧",
                "lines": [
                    "૨૧"
                ]
            },
            {
                "block_text": "રાક્બધ ખેલીને અને ધમપછાડા કરીને પોતાની હેાશિયારી દેખાડનારા એ ત્રણ બૅરિસ્ટરા ખેડા જિલ્લામાં સારા જામી ગયા હતા . તેઓ સરદાર કરતાં વધારે ફી લેતા . સરદાર જુએ કે કેસ ચલાવવાની આવડત હોશિયારીમાં તા આ લેાકેા પોતાની જરાયે તાલે આવે એવા નથી . છતાં એવા બૅરિસ્ટરેશને ફી વધારે મળે અને એ એમને માથાના ધા બધા બૅરિસ્ટરાતે કાંય ૧૯૦૫ માં એમણે વિલાયત જવાને નિશ્ચય પાકા કરી નાખ્યો . વિલાયત જવા માટે સ્ટીમર વગેરેની ગોવણુ કરવા ટૉમસ ફૂંક ઍન્ડ સન્સ કંપની સાથે પત્રવ્યવહાર ચલાવ્યા . પણ એક નાના અકસ્માત એવા અન્ય જેથી સરદારને બદલે વિઠ્ઠલભાઈ પહેલાં વિલાયત ગયા . બધું નક્કી થયાના છેલ્લે જે જવાબ આવ્યો તે બંને ભાઈ અંગ્રેજીમાં વી . જે . પટેલ કહેવાય તે ઉપરથી વિઠ્ઠલભાઈના હાથમાં આવ્યો . વિઠ્ઠલભાઈ એ સરદારને કહ્યું : “ હું તમારાથી મોટા , માટે મને જવા દે . મારા આવ્યા પછી તમને જવાની તક મળશે , પણ તમારા આવ્યા પછી મારાથી નહીં જવાય . ” વિઠ્ઠલભાઈની વાત સરદારે માન્ય રાખી એટલું જ નહીં પણ એમનું વિલાયતનું ખચ પણ મોકલવાનું માથે લીધું . ઘરમાં કે ખીજા ક્રેઈને ખબર આપ્યા વગર બન્ને ભાઈ એ અસીલના કામનું બહાનું ખતાવી મુંબઈ ગયા અને વિઠ્ઠલભાઈ વિલાયત ઊપડયા .",
                "lines": [
                    "રાક્બધ ખેલીને અને ધમપછાડા કરીને પોતાની હેાશિયારી દેખાડનારા એ ત્રણ બૅરિસ્ટરા ખેડા જિલ્લામાં સારા જામી ગયા હતા . તેઓ સરદાર કરતાં વધારે ફી લેતા . સરદાર જુએ કે કેસ ચલાવવાની આવડત હોશિયારીમાં તા આ લેાકેા પોતાની જરાયે તાલે આવે એવા નથી . છતાં એવા બૅરિસ્ટરેશને ફી વધારે મળે અને એ એમને માથાના ધા બધા બૅરિસ્ટરાતે કાંય ૧૯૦૫ માં એમણે વિલાયત જવાને નિશ્ચય પાકા કરી નાખ્યો . વિલાયત જવા માટે સ્ટીમર વગેરેની ગોવણુ કરવા ટૉમસ ફૂંક ઍન્ડ સન્સ કંપની સાથે પત્રવ્યવહાર ચલાવ્યા . પણ એક નાના અકસ્માત એવા અન્ય જેથી સરદારને બદલે વિઠ્ઠલભાઈ પહેલાં વિલાયત ગયા . બધું નક્કી થયાના છેલ્લે જે જવાબ આવ્યો તે બંને ભાઈ અંગ્રેજીમાં વી . જે . પટેલ કહેવાય તે ઉપરથી વિઠ્ઠલભાઈના હાથમાં આવ્યો . વિઠ્ઠલભાઈ એ સરદારને કહ્યું : “ હું તમારાથી મોટા , માટે મને જવા દે . મારા આવ્યા પછી તમને જવાની તક મળશે , પણ તમારા આવ્યા પછી મારાથી નહીં જવાય . ” વિઠ્ઠલભાઈની વાત સરદારે માન્ય રાખી એટલું જ નહીં પણ એમનું વિલાયતનું ખચ પણ મોકલવાનું માથે લીધું . ઘરમાં કે ખીજા ક્રેઈને ખબર આપ્યા વગર બન્ને ભાઈ એ અસીલના કામનું બહાનું ખતાવી મુંબઈ ગયા અને વિઠ્ઠલભાઈ વિલાયત ઊપડયા ."
                ]
            },
            {
                "block_text": "સરદાર ખારસદ પાછા આવ્યા ત્યારે વિઠ્ઠલભાઈના ગયાની બધાંને ખબર પડી . વિઠ્ઠલભાઈનાં પત્નીએ ખૂબ કંકાસ માંડચો . અત્યાર સુધી ખારસદમાં અન્ને ભાઈ આ જુદા રહેતા પણ વિઠ્ઠલભાઈના ગયા પછી સરદારે ભાભીને પોતાને ત્યાં રહેવા ખાલાવ્યાં . ભાભીનાં ભાઈભાભી વિઠ્ઠલભાઈ ને ત્યાં રહેતાં એમને પણ સરદારે પોતાને ઘેર રાખ્યાં . વિઠ્ઠલભાઈનાં પત્નીએ તે માનતાઓ માનવા માંડી , બાધા આખડી કરવા માંડી અને બ્રાહ્મણે જમાડવા માંડયા અને એવું ખાટું ખર્ચ કરવા માંડયું . તે સરદારે જરા પણ કચવાયા વિના બધું સહન કર્યુ . પણુ દેરાણી જેઠાણીને રાજ ઝઘડા થવા માંડયા અને ધરમાં જબરો કલેશ પેઠા . ભાઈ પરદેશ ગયેલા હાઈ સરદારે ભાભીને કશું ન કહેતાં પોતાનાં પત્ની ઝવેરબાને પિયર મેાકલી દીધાં તે વિઠ્ઠલભાઈ પાછા આવ્યા ત્યાં સુધી એટલે એએક વરસ તે પિયર જ રહ્યાં . આમ સરદારને માથે ઘરનું ખચ વધ્યું , દર મહિને વિલાયત રકમ મેાકલવાનું ખર્ચ વધ્યું અને ઝવેરખાને પિયર રાખવાં પડયાં તે તે વધારામાં . પણ સરદારે આ વિષે કાષ્ઠની આગળ વરાળ સરખી કાઢી નથી . ખર્ચ વધ્યું તેની તો એમને જરાયે પરવા જ ન હતી . વકીલાતના ધંધા પ્રતિ વર્ષ વધતો જ જતા હતા .",
                "lines": [
                    "સરદાર ખારસદ પાછા આવ્યા ત્યારે વિઠ્ઠલભાઈના ગયાની બધાંને ખબર પડી . વિઠ્ઠલભાઈનાં પત્નીએ ખૂબ કંકાસ માંડચો . અત્યાર સુધી ખારસદમાં અન્ને ભાઈ આ જુદા રહેતા પણ વિઠ્ઠલભાઈના ગયા પછી સરદારે ભાભીને પોતાને ત્યાં રહેવા ખાલાવ્યાં . ભાભીનાં ભાઈભાભી વિઠ્ઠલભાઈ ને ત્યાં રહેતાં એમને પણ સરદારે પોતાને ઘેર રાખ્યાં . વિઠ્ઠલભાઈનાં પત્નીએ તે માનતાઓ માનવા માંડી , બાધા આખડી કરવા માંડી અને બ્રાહ્મણે જમાડવા માંડયા અને એવું ખાટું ખર્ચ કરવા માંડયું . તે સરદારે જરા પણ કચવાયા વિના બધું સહન કર્યુ . પણુ દેરાણી જેઠાણીને રાજ ઝઘડા થવા માંડયા અને ધરમાં જબરો કલેશ પેઠા . ભાઈ પરદેશ ગયેલા હાઈ સરદારે ભાભીને કશું ન કહેતાં પોતાનાં પત્ની ઝવેરબાને પિયર મેાકલી દીધાં તે વિઠ્ઠલભાઈ પાછા આવ્યા ત્યાં સુધી એટલે એએક વરસ તે પિયર જ રહ્યાં . આમ સરદારને માથે ઘરનું ખચ વધ્યું , દર મહિને વિલાયત રકમ મેાકલવાનું ખર્ચ વધ્યું અને ઝવેરખાને પિયર રાખવાં પડયાં તે તે વધારામાં . પણ સરદારે આ વિષે કાષ્ઠની આગળ વરાળ સરખી કાઢી નથી . ખર્ચ વધ્યું તેની તો એમને જરાયે પરવા જ ન હતી . વકીલાતના ધંધા પ્રતિ વર્ષ વધતો જ જતા હતા ."
                ]
            }
        ]
    }
}