{
    "page_number": 7,
    "ocr_output": {
        "blocks": [
            {
                "block_text": "માતાપિતા",
                "lines": [
                    "માતાપિતા"
                ]
            },
            {
                "block_text": "સરદાર ભાંડુમાં પાંચ ભાઈ અને એક બહેન . બુદ્ધિપ્રભાવ અને સ્વભાવ ઉપરથી જોતાં એમ કહી શકાય · સૌથી મેાટા સામાભાઈ અને સૌથી નાના કાશીભાઈમાં માના ગુણુ વધારે ઊતર્યાં હશે અને ખીજા , ત્રીજા અને ચોથા નરસિ  ંહભાઈ , વિઠ્ઠલભાઈ અને સરદાર , એમનામાં ખાપના ગુણુ વધારે ઊતર્યો હશે . નરસિંહભાઈ અંગ્રેજી ભણ્યા ન હતા . તેમણે કરમસદમાં ખેડૂત તરીકે જ જ્વન પૂરું કર્યું . તેમને વિષે સરદાર ઘણી વાર કહે છે કે , એ અંગ્રેજી ભણ્યા નહી અને ગામ બહાર નીકળ્યા નહી એટલે પ્રસિદ્ધિમાં આવ્યા નહીં ; ખાકી બુદ્ધિપ્રભાવ અને વ્યવહારકુશળતામાં વિઠ્ઠલભાઈ ને અને મને તે કાંય ટપી ને જાય એવા હતા . બહેન ડાહીબા સૌથી નાનાં . તે નામ પ્રમાણે જ બહુ ડાહ્યાં , ઠરેલ અને વિવેકી હતાં . સધળા ભાઈ એનાં એ બહુ લાડકાં હતાં . સરદારના એમની ઉપર સવિશેષ પ્રેમ હતા . એ સને ૧૯૧૬ ના ફેબ્રુઆરીમાં ગુજરી ગયાં .",
                "lines": [
                    "સરદાર ભાંડુમાં પાંચ ભાઈ અને એક બહેન . બુદ્ધિપ્રભાવ અને સ્વભાવ ઉપરથી જોતાં એમ કહી શકાય · સૌથી મેાટા સામાભાઈ અને સૌથી નાના કાશીભાઈમાં માના ગુણુ વધારે ઊતર્યાં હશે અને ખીજા , ત્રીજા અને ચોથા નરસિ  ંહભાઈ , વિઠ્ઠલભાઈ અને સરદાર , એમનામાં ખાપના ગુણુ વધારે ઊતર્યો હશે . નરસિંહભાઈ અંગ્રેજી ભણ્યા ન હતા . તેમણે કરમસદમાં ખેડૂત તરીકે જ જ્વન પૂરું કર્યું . તેમને વિષે સરદાર ઘણી વાર કહે છે કે , એ અંગ્રેજી ભણ્યા નહી અને ગામ બહાર નીકળ્યા નહી એટલે પ્રસિદ્ધિમાં આવ્યા નહીં ; ખાકી બુદ્ધિપ્રભાવ અને વ્યવહારકુશળતામાં વિઠ્ઠલભાઈ ને અને મને તે કાંય ટપી ને જાય એવા હતા . બહેન ડાહીબા સૌથી નાનાં . તે નામ પ્રમાણે જ બહુ ડાહ્યાં , ઠરેલ અને વિવેકી હતાં . સધળા ભાઈ એનાં એ બહુ લાડકાં હતાં . સરદારના એમની ઉપર સવિશેષ પ્રેમ હતા . એ સને ૧૯૧૬ ના ફેબ્રુઆરીમાં ગુજરી ગયાં ."
                ]
            },
            {
                "block_text": "માતાપિતાનાં ધમ પરાયણુ અને સંયમમય જીવનનેા વારસા સરદારને પૂરતા પ્રમાણમાં મળ્યા છે . સાધારણ પ્રચલિત અર્થમાં સરદારને ભાગ્યે જ કાઈ ધામિઅેક માણસ કહે . પણુ એમની અનન્ય શ્રદ્ઘા કે જે કાળે અને જે સ્થળે ઈશ્વર આપણને ઉપાડી લેવા ઇચ્છતા હોય છે તેમાં માણસ ગમે તેટલા ધમ- પછાડા કરે છતાં મીનમેખ ફેરફાર થઈ શકતા નથી અને તેથી મૃત્યુનેા જરા પણુ ડર નહીં એટલું જ નહી પણુ પ્રાપ્ત સજોગામાં શરીર સાચવવા માટે શકય તેટલી કાળજી લીધા પછી માંદગી કે મૃત્યુ વિષે એપરવાઈ ; જે કામ હાથમાં લીધું હોય તે પાર પાડવા તનતોડ પ્રયત્ન કર્યા પછી પરિણામ વિષે નિશ્ચિંતતા ; જે સાથીઓ ઉપર વિશ્વાસ મૂકવો , પછી તે પોતાથી મોટા હોય કે નાના હોય , તેમના ખેાળામાં માથું મૂકી દેવાની પૂરેપૂરી તપરતા ; એ બધું ધમ પરાયણતામાં ગણાતું હોય તે એવી ધમ પરાયણતા એમનામાં પૂરેપૂરી છે , ધાર્મિક વૃત્તિના માણસમાં જે સંયમ હાય છે , એનું જે તિતિક્ષામય અને તામય જીવન હાય છે એની સરદાર કદી ધાલાવેલી દેખાડતા નથી . છતાં એવા વન માટે પ્રયત્ન કરનારા , તે માટે પ્રાર્થના કરનારા અને વિવિધ વ્રત આચરનારા કરતાં અનાયાસે જ એમનું વન આખું સંયમમય , તિતિક્ષામય કે તામય નથી . આ વસ્તુને હું માતાપિતા તરફથી મળેલા ધાર્મિક વારસો ગણું છું . બહાર દેખાય ૐ નહીં પણ વનમાં ઊંડે ઊંડે ધામિ કતા અથવા કાઈ મંગળ સ્વરૂપ એવી અદૃષ્ટ શક્તિ વિષે શ્રદ્ધા , એના ઝરા વહેતા હાય તો જ નિઃસ્વાર્થ સેવાવૃત્તિ અને કશી ગણુતરી કર્યા વિના શરીરને ધસી નાખવાની ઉત્કટતા આવે છે . હા , સરદારની ધાર્મિકતા પ્રચલિત કરતાં જુદા પ્રકારની વિશિષ્ટ સ્વરૂપની ગણાય . પૌરાણિક પરિભાષા વાપરીએ તો એમ કહી શકાય કે સરદાર બ્રહ્મષિ નહી પણુ રાષિ",
                "lines": [
                    "માતાપિતાનાં ધમ પરાયણુ અને સંયમમય જીવનનેા વારસા સરદારને પૂરતા પ્રમાણમાં મળ્યા છે . સાધારણ પ્રચલિત અર્થમાં સરદારને ભાગ્યે જ કાઈ ધામિઅેક માણસ કહે . પણુ એમની અનન્ય શ્રદ્ઘા કે જે કાળે અને જે સ્થળે ઈશ્વર આપણને ઉપાડી લેવા ઇચ્છતા હોય છે તેમાં માણસ ગમે તેટલા ધમ- પછાડા કરે છતાં મીનમેખ ફેરફાર થઈ શકતા નથી અને તેથી મૃત્યુનેા જરા પણુ ડર નહીં એટલું જ નહી પણુ પ્રાપ્ત સજોગામાં શરીર સાચવવા માટે શકય તેટલી કાળજી લીધા પછી માંદગી કે મૃત્યુ વિષે એપરવાઈ ; જે કામ હાથમાં લીધું હોય તે પાર પાડવા તનતોડ પ્રયત્ન કર્યા પછી પરિણામ વિષે નિશ્ચિંતતા ; જે સાથીઓ ઉપર વિશ્વાસ મૂકવો , પછી તે પોતાથી મોટા હોય કે નાના હોય , તેમના ખેાળામાં માથું મૂકી દેવાની પૂરેપૂરી તપરતા ; એ બધું ધમ પરાયણતામાં ગણાતું હોય તે એવી ધમ પરાયણતા એમનામાં પૂરેપૂરી છે , ધાર્મિક વૃત્તિના માણસમાં જે સંયમ હાય છે , એનું જે તિતિક્ષામય અને તામય જીવન હાય છે એની સરદાર કદી ધાલાવેલી દેખાડતા નથી . છતાં એવા વન માટે પ્રયત્ન કરનારા , તે માટે પ્રાર્થના કરનારા અને વિવિધ વ્રત આચરનારા કરતાં અનાયાસે જ એમનું વન આખું સંયમમય , તિતિક્ષામય કે તામય નથી . આ વસ્તુને હું માતાપિતા તરફથી મળેલા ધાર્મિક વારસો ગણું છું . બહાર દેખાય ૐ નહીં પણ વનમાં ઊંડે ઊંડે ધામિ કતા અથવા કાઈ મંગળ સ્વરૂપ એવી અદૃષ્ટ શક્તિ વિષે શ્રદ્ધા , એના ઝરા વહેતા હાય તો જ નિઃસ્વાર્થ સેવાવૃત્તિ અને કશી ગણુતરી કર્યા વિના શરીરને ધસી નાખવાની ઉત્કટતા આવે છે . હા , સરદારની ધાર્મિકતા પ્રચલિત કરતાં જુદા પ્રકારની વિશિષ્ટ સ્વરૂપની ગણાય . પૌરાણિક પરિભાષા વાપરીએ તો એમ કહી શકાય કે સરદાર બ્રહ્મષિ નહી પણુ રાષિ"
                ]
            }
        ]
    }
}