{
    "page_number": 8,
    "ocr_output": {
        "blocks": [
            {
                "block_text": "સરદાર વલ્લભભાઈ",
                "lines": [
                    "સરદાર વલ્લભભાઈ"
                ]
            },
            {
                "block_text": "છે . એમની ધાર્મિકતા , એમના સયમ , એમને ત્યાગ , એમની તિતિક્ષા સાધુ સતાનાં નહી પણુ ક્ષત્રિય વીરનાં છે . એમનું વન એક જ શબ્દમાં કરવુ હાય તો એમ જ કહેવું જોઈ એ કે તે મહા યાહ્ના છે , વીર્ સુભટ છે . તેથી જ લોકહૃદયે એમને સરદાર તરીકે અપનાવ્યા છે . આગ્રહ , દૃઢતા , હસતે મેએ શારીરિક દુઃખા સહન કરવાની અપાર શક્તિ , સંપૂર્ણ નિર્ભયતા , એ બધા મહા યેદ્દાના ગુણેા જે સરદારમાં પરાકાષ્ઠાએ જોવામાં આવે છે તે પિતાના સંયમમય અને આગ્રહી જીવનના જ વારસા છે . એ ગુણા પિતાશ્રીમાં ખીજ રૂપે હશે તે એમનામાં વિકસીને ઉત્કષ પામ્યા . આ ઉપરાંત મેટાં તંત્ર અથવા સંગઠન રચવાની અને ચલાવવાની શક્તિ પણ એમનામાં જન્મજાત છે . અત્યારે આપણા સ્વરાજનું તંત્ર ચલાવવામાં જે મુત્સદ્દીગીરીને જગતને પરિચય આપી રહ્યા છે તે એમનામાં જન્મજાત છે એમ કહેવું મુશ્કેલ છે , પણુ ચરાતરમાં ધણા મુત્સદ્દી પાકવા છે . તેમનામાં એક વિશિષ્ટ પ્રકારની , બહાદુરી- વાળી મુત્સદ્દીગીરી જોવામાં આવે છે તે સરદારમાં પણ ઊતરી આવી છે એમ કહી શકાય . સરદારને જેમ જેમ પ્રસંગે મળતા ગયા અને એમનું પ્રવૃત્તિક્ષેત્ર જેમ જેમ વિશાળ થતું ગયું તેમ તેમ એ ગુણુ અથવા શક્તિ ખીલતી ગઈ છે . એ બધા ગુણાનાં દન તો વાચક જેમ જેમ આ જીવનચરિત્ર વાંચતા જશે તેમ તેમ એને થશે .",
                "lines": [
                    "છે . એમની ધાર્મિકતા , એમના સયમ , એમને ત્યાગ , એમની તિતિક્ષા સાધુ સતાનાં નહી પણુ ક્ષત્રિય વીરનાં છે . એમનું વન એક જ શબ્દમાં કરવુ હાય તો એમ જ કહેવું જોઈ એ કે તે મહા યાહ્ના છે , વીર્ સુભટ છે . તેથી જ લોકહૃદયે એમને સરદાર તરીકે અપનાવ્યા છે . આગ્રહ , દૃઢતા , હસતે મેએ શારીરિક દુઃખા સહન કરવાની અપાર શક્તિ , સંપૂર્ણ નિર્ભયતા , એ બધા મહા યેદ્દાના ગુણેા જે સરદારમાં પરાકાષ્ઠાએ જોવામાં આવે છે તે પિતાના સંયમમય અને આગ્રહી જીવનના જ વારસા છે . એ ગુણા પિતાશ્રીમાં ખીજ રૂપે હશે તે એમનામાં વિકસીને ઉત્કષ પામ્યા . આ ઉપરાંત મેટાં તંત્ર અથવા સંગઠન રચવાની અને ચલાવવાની શક્તિ પણ એમનામાં જન્મજાત છે . અત્યારે આપણા સ્વરાજનું તંત્ર ચલાવવામાં જે મુત્સદ્દીગીરીને જગતને પરિચય આપી રહ્યા છે તે એમનામાં જન્મજાત છે એમ કહેવું મુશ્કેલ છે , પણુ ચરાતરમાં ધણા મુત્સદ્દી પાકવા છે . તેમનામાં એક વિશિષ્ટ પ્રકારની , બહાદુરી- વાળી મુત્સદ્દીગીરી જોવામાં આવે છે તે સરદારમાં પણ ઊતરી આવી છે એમ કહી શકાય . સરદારને જેમ જેમ પ્રસંગે મળતા ગયા અને એમનું પ્રવૃત્તિક્ષેત્ર જેમ જેમ વિશાળ થતું ગયું તેમ તેમ એ ગુણુ અથવા શક્તિ ખીલતી ગઈ છે . એ બધા ગુણાનાં દન તો વાચક જેમ જેમ આ જીવનચરિત્ર વાંચતા જશે તેમ તેમ એને થશે ."
                ]
            },
            {
                "block_text": "સરદારને શારીરિક સહનશક્તિ અથવા તિતિક્ષા પણ વારસામાં મળેલી છે . વકીલાતના અભ્યાસ કરતા ત્યારે પોતાના એક મિત્રની સાથે વાંચવા માટે એ મહિના બાકરોલ રહેલા . ત્યાં એમને કાખખિલાડી થઈ . ગામડામાં ખીજા ઉપાય તો શેના જડે ? કાઈક કહ્યું કે ગામમાં અમુક વાળંદ છે તે નસ્તર મૂકીને ગમે તેવું ગૂમડુ ફાડી નાખવામાં બહુ હોશિયાર છે તેને ખેલાવા . વાળંદને એલાબ્યો . તેણે નસ્તર મૂકવા માટે સળિયા ધગધગતા કરીને કાખબિલાડીને લગાડચો પણ અંદરથી પુરુના બધા રાષ કાઢી નાખવાની તેની હિંમત ન ચાલી . સરદારે તેને કહ્યું : “ આમ જોયાં શું કરે છે ? લાવ , તારાથી ન થાય તે હું કર્યું . ” એમ કહીને સળિયા હાથમાં લઈ તરત અંદર ખાસી દીધો અને અંદર ચારે બાજુ ફેરવી બધું પરુ કાઢી નાખ્યું .",
                "lines": [
                    "સરદારને શારીરિક સહનશક્તિ અથવા તિતિક્ષા પણ વારસામાં મળેલી છે . વકીલાતના અભ્યાસ કરતા ત્યારે પોતાના એક મિત્રની સાથે વાંચવા માટે એ મહિના બાકરોલ રહેલા . ત્યાં એમને કાખખિલાડી થઈ . ગામડામાં ખીજા ઉપાય તો શેના જડે ? કાઈક કહ્યું કે ગામમાં અમુક વાળંદ છે તે નસ્તર મૂકીને ગમે તેવું ગૂમડુ ફાડી નાખવામાં બહુ હોશિયાર છે તેને ખેલાવા . વાળંદને એલાબ્યો . તેણે નસ્તર મૂકવા માટે સળિયા ધગધગતા કરીને કાખબિલાડીને લગાડચો પણ અંદરથી પુરુના બધા રાષ કાઢી નાખવાની તેની હિંમત ન ચાલી . સરદારે તેને કહ્યું : “ આમ જોયાં શું કરે છે ? લાવ , તારાથી ન થાય તે હું કર્યું . ” એમ કહીને સળિયા હાથમાં લઈ તરત અંદર ખાસી દીધો અને અંદર ચારે બાજુ ફેરવી બધું પરુ કાઢી નાખ્યું ."
                ]
            },
            {
                "block_text": "વિલાયતમાં ધરમાલિક એક ખાઈને ત્યાં તેઓ રહેતા . સને ૧૯૧૧ ના મે મહિનામાં એક દિવસ નહાતી વેળાએ ચક્કર ખાઈ ને પડચા . પછી તે ખૂબ તાવ ચઢયો અને પગમાં વાળાનું દરદ માલૂમ પડયું . ડૉ . પી . ટી . પટેલ , જેએ પાછળથી મુંબઈ કોર્પોરેશનમાં હતા તે તે વખતે ત્યાં ભણુતા હતા . તેમની સલાહથી એક નર્સિંગ હામમાં દાખલ થયા . ત્યાં ઑપરેશન કર્યુ . પણ સર્જનને આ દરદી ખરાખર ખબર નહી એટલે વાળા પૂરેપૂરા બહાર ન નીકળ્યો . એણે",
                "lines": [
                    "વિલાયતમાં ધરમાલિક એક ખાઈને ત્યાં તેઓ રહેતા . સને ૧૯૧૧ ના મે મહિનામાં એક દિવસ નહાતી વેળાએ ચક્કર ખાઈ ને પડચા . પછી તે ખૂબ તાવ ચઢયો અને પગમાં વાળાનું દરદ માલૂમ પડયું . ડૉ . પી . ટી . પટેલ , જેએ પાછળથી મુંબઈ કોર્પોરેશનમાં હતા તે તે વખતે ત્યાં ભણુતા હતા . તેમની સલાહથી એક નર્સિંગ હામમાં દાખલ થયા . ત્યાં ઑપરેશન કર્યુ . પણ સર્જનને આ દરદી ખરાખર ખબર નહી એટલે વાળા પૂરેપૂરા બહાર ન નીકળ્યો . એણે"
                ]
            }
        ]
    }
}