{
    "page_number": 17,
    "ocr_output": {
        "blocks": [
            {
                "block_text": "વિદ્યાભ્યાસ",
                "lines": [
                    "વિદ્યાભ્યાસ"
                ]
            },
            {
                "block_text": "૧૭",
                "lines": [
                    "૧૭"
                ]
            },
            {
                "block_text": "કરીને જાતે જ પીરસે અને આગ્રહ કરી કરીને ખવડાવે , રસોડા ઉપર જાતે જ દેખરેખ રાખે , એ બધી વાત હવે ઘણા જાણે છે .",
                "lines": [
                    "કરીને જાતે જ પીરસે અને આગ્રહ કરી કરીને ખવડાવે , રસોડા ઉપર જાતે જ દેખરેખ રાખે , એ બધી વાત હવે ઘણા જાણે છે ."
                ]
            },
            {
                "block_text": "આપણા હિંદુ સમાજમાં અને તે જમાનામાં વિદ્યાભ્યાસના કાળ દરમ્યાન જ છેકરાનાં લગ્ન થઈ જાય એમાં કશી નવાઈ નહતી . સરદારનાં લગ્ન એમની અઢાર વર્ષની ઉમરે થયેલાં . એ તે કાંઈક મોટી ઉંમરે થયાં ગણાય . એમનાં પત્ની ઝવેરબાની ઉંમર તે વખતે બાર તેર વર્ષની હશે . એ નજીકના જ ગાના ગામનાં હતાં . તે વખતે પરણ્યા પછી પાંચ સાત વર્ષે સ્ત્રીઓ સાસરે આવે એવે રિવાજ હતો . એટલે સરદારના ગૃહસ્થાશ્રમ વીલ થયા પછી અથવા થોડા વખત પહેલાં શરૂ થયા .",
                "lines": [
                    "આપણા હિંદુ સમાજમાં અને તે જમાનામાં વિદ્યાભ્યાસના કાળ દરમ્યાન જ છેકરાનાં લગ્ન થઈ જાય એમાં કશી નવાઈ નહતી . સરદારનાં લગ્ન એમની અઢાર વર્ષની ઉમરે થયેલાં . એ તે કાંઈક મોટી ઉંમરે થયાં ગણાય . એમનાં પત્ની ઝવેરબાની ઉંમર તે વખતે બાર તેર વર્ષની હશે . એ નજીકના જ ગાના ગામનાં હતાં . તે વખતે પરણ્યા પછી પાંચ સાત વર્ષે સ્ત્રીઓ સાસરે આવે એવે રિવાજ હતો . એટલે સરદારના ગૃહસ્થાશ્રમ વીલ થયા પછી અથવા થોડા વખત પહેલાં શરૂ થયા ."
                ]
            },
            {
                "block_text": "સમજણા થયા ત્યારથી જ પાટીદાર ન્યાતના પહેરામણી વગેરે રિવાજો પ્રત્યે એમને તિરસ્કાર હતા . પણ પોતાના તિરસ્કાર સુધારાના ઉપદેશ આપીને કે સુધારાનાં ભાષણ કરીને તે વ્યક્ત કરતા નહીં . ભાષણુ કે ઉપદેશ કરતાં હાડાહાડ લાગી જાય એવાં તીખાં કટાક્ષ અને માર્મિક ટીખળથી અસર પાડવાની તેમની પદ્ધતિ આજે પણ છે . કાષ્ઠની પહેરામણી લીધાની વાત સાંભળે ત્યારે પૂછે કે , “ આખલાના પાંચ હજાર ઊપયા કે સાત હજાર ? ” પોતાના સગામાં જ એક છેકરાની સગાઈ કરતી વખતે પહેરામણીની રકમ ધરાવવાની વાટાઘાટો ચાલતી હતી ત્યારે કહે કે , “ આ બધી ભાંજગડ છેડીને એ છેકરાને શુક્કરવારીમાં જ મૂકી ને ! ”",
                "lines": [
                    "સમજણા થયા ત્યારથી જ પાટીદાર ન્યાતના પહેરામણી વગેરે રિવાજો પ્રત્યે એમને તિરસ્કાર હતા . પણ પોતાના તિરસ્કાર સુધારાના ઉપદેશ આપીને કે સુધારાનાં ભાષણ કરીને તે વ્યક્ત કરતા નહીં . ભાષણુ કે ઉપદેશ કરતાં હાડાહાડ લાગી જાય એવાં તીખાં કટાક્ષ અને માર્મિક ટીખળથી અસર પાડવાની તેમની પદ્ધતિ આજે પણ છે . કાષ્ઠની પહેરામણી લીધાની વાત સાંભળે ત્યારે પૂછે કે , “ આખલાના પાંચ હજાર ઊપયા કે સાત હજાર ? ” પોતાના સગામાં જ એક છેકરાની સગાઈ કરતી વખતે પહેરામણીની રકમ ધરાવવાની વાટાઘાટો ચાલતી હતી ત્યારે કહે કે , “ આ બધી ભાંજગડ છેડીને એ છેકરાને શુક્કરવારીમાં જ મૂકી ને ! ”"
                ]
            },
            {
                "block_text": "ભાષાના આવા પ્રયોગો કાઈ શિક્ષક પાસેથી કે ચોપડીમાંથી કયાંથી શિખાય ? મેં આ પ્રકરણનું મથાળું વિદ્યાભ્યાસ એવું કયુ છે પણ પ્રકરણ વાંચ્યા પછી સહેજે જણાશે કે શાળાના ભણતરે અથવા તો શાળાના ફાઈ શિક્ષકે એમના ઘડતરમાં ખાસ કશે કાળા આપ્યા નથી ; આપ્યા હાય તાપણુ ઝૂજ , નવેા . એમણે તો જે કાંઈ મેળવ્યું તે અગાઉ કહ્યું તેમ ‘ માંય માંય ભણીને , જાતે જ નિરીક્ષણુ અને પરીક્ષણુ કરીને મેળવ્યું છે . તે પોતે એને ‘ કાઠા વિદ્યા ' કહે છે . અનુભવથી મેળવેલી અને ઢાઢે જરેલી એટલે કે અરાબર પચાવેલી હોય તે જ ખરી વિદ્યા . એવી વિદ્યા તેઓ બાળપણથી જ ભણુતા આવ્યા છે અને હજી પણ ભણતા જ રહે છે . એ વિદ્યાના અભ્યાસ કરતાં જેને આવડે છે , તેના વિદ્યાભ્યાસ કદી પૂરા થતા જ નથી .",
                "lines": [
                    "ભાષાના આવા પ્રયોગો કાઈ શિક્ષક પાસેથી કે ચોપડીમાંથી કયાંથી શિખાય ? મેં આ પ્રકરણનું મથાળું વિદ્યાભ્યાસ એવું કયુ છે પણ પ્રકરણ વાંચ્યા પછી સહેજે જણાશે કે શાળાના ભણતરે અથવા તો શાળાના ફાઈ શિક્ષકે એમના ઘડતરમાં ખાસ કશે કાળા આપ્યા નથી ; આપ્યા હાય તાપણુ ઝૂજ , નવેા . એમણે તો જે કાંઈ મેળવ્યું તે અગાઉ કહ્યું તેમ ‘ માંય માંય ભણીને , જાતે જ નિરીક્ષણુ અને પરીક્ષણુ કરીને મેળવ્યું છે . તે પોતે એને ‘ કાઠા વિદ્યા ' કહે છે . અનુભવથી મેળવેલી અને ઢાઢે જરેલી એટલે કે અરાબર પચાવેલી હોય તે જ ખરી વિદ્યા . એવી વિદ્યા તેઓ બાળપણથી જ ભણુતા આવ્યા છે અને હજી પણ ભણતા જ રહે છે . એ વિદ્યાના અભ્યાસ કરતાં જેને આવડે છે , તેના વિદ્યાભ્યાસ કદી પૂરા થતા જ નથી ."
                ]
            }
        ]
    }
}