{
    "page_number": 23,
    "ocr_output": {
        "blocks": [
            {
                "block_text": "વકીલાત",
                "lines": [
                    "વકીલાત"
                ]
            },
            {
                "block_text": "૨૩",
                "lines": [
                    "૨૩"
                ]
            },
            {
                "block_text": "તેને ભારે આધાત સરદારના દિલમાં રહી ગયા . તે વખતે એમની ઉંમર તેત્રીસ વર્ષની હતી . ફરી પરણવાના આગ્રહ સગાંવહાલાં તથા મિત્રો તરફથી સરદારને ઘણા થયા . પણ ફરી નહીં પરણવાના વિચારમાં તે ખૂબ દૃઢ હતા . વિલાયત ગયા ત્યાં પણુ મિત્રો સારી સારી કન્યાઓનાં નામ સાથે કાગળા લખતા અને એક બે કન્યાઓના ફોટા પણ એમને મેકલવામાં આવેલા . કાગળાના જવાબમાં ખીજી બધી વાતો લખે પણ આ વાતનો જવાબ જ ખાઈ જતા .",
                "lines": [
                    "તેને ભારે આધાત સરદારના દિલમાં રહી ગયા . તે વખતે એમની ઉંમર તેત્રીસ વર્ષની હતી . ફરી પરણવાના આગ્રહ સગાંવહાલાં તથા મિત્રો તરફથી સરદારને ઘણા થયા . પણ ફરી નહીં પરણવાના વિચારમાં તે ખૂબ દૃઢ હતા . વિલાયત ગયા ત્યાં પણુ મિત્રો સારી સારી કન્યાઓનાં નામ સાથે કાગળા લખતા અને એક બે કન્યાઓના ફોટા પણ એમને મેકલવામાં આવેલા . કાગળાના જવાબમાં ખીજી બધી વાતો લખે પણ આ વાતનો જવાબ જ ખાઈ જતા ."
                ]
            },
            {
                "block_text": "થાડા વખત પછી વિઠ્ઠલભાઈનાં પત્ની માંદાં પડવાં . તેમને એરસદ ખેલાવી પોતાને ત્યાં રાખ્યાં . ત્યાં તેઓ ૧૯૧૦ ના આરંભમાં ગુજરી ગયાં . સરદારને આ મંદવાડને લીધે વિલાયત જવાનું મુલતવી રાખવું પડેલું હતું તે હવે તેમણે નક્કી કરી નાખ્યું અને તેને અંગે બધી વ્યવસ્થા કરી દીધી . મણિબહેન તથા ડાહ્યાભાઈ ને સહેજ મોટાં થાય એટલે વિલાયતમાં રાખી ત્યાંની જ કેળવણી આપવાના વિચાર હતો . તેની પૂર્વતૈયારી તરીકે મુંબઈની સેન્ટ મેરિઝ સ્કૂલવાળાં એક મિસ વિલ્સનને ત્યાં ખેડર ' — હાત્ર તરીકે રાખ્યાં જેથી તેઓ સીધી વાતચીત દ્વારા ( ‘ ડિરેક્ટ મેથડથી ) અંગ્રેજી શીખી શકે . તેમને દરેકને માટે માસિક રૂપિયા સે । આપવાના હતા . વિઠ્ઠલભાઈનું વિલાયતનું ખ` દસ હજાર રૂપિયા થયું હતું . પેાતાને પણ ઓછામાં એઠું એટલું ખચ તે થાય જ . તે ઉપરાંત પેાતે વિલાયત રહે એ ત્રણ વર્ષ છેોકરાંનું ખેડિ  ંગ અને ખીજું ખર્ચ મળી આશરે દસેક હજાર રૂપિયા ખર્ચ થાય . વકીલાતની કમાણીમાંથી ખચાવેલી રકમમાંથી આ બધા ખર્ચની વ્યવસ્થા થઈ શકી . આમ બધી ગોઠવણુ પાકી કરી ૧૯૧૦ ના ઑગસ્ટમાં સરદાર વિલાયત જવા ઊપડયા .",
                "lines": [
                    "થાડા વખત પછી વિઠ્ઠલભાઈનાં પત્ની માંદાં પડવાં . તેમને એરસદ ખેલાવી પોતાને ત્યાં રાખ્યાં . ત્યાં તેઓ ૧૯૧૦ ના આરંભમાં ગુજરી ગયાં . સરદારને આ મંદવાડને લીધે વિલાયત જવાનું મુલતવી રાખવું પડેલું હતું તે હવે તેમણે નક્કી કરી નાખ્યું અને તેને અંગે બધી વ્યવસ્થા કરી દીધી . મણિબહેન તથા ડાહ્યાભાઈ ને સહેજ મોટાં થાય એટલે વિલાયતમાં રાખી ત્યાંની જ કેળવણી આપવાના વિચાર હતો . તેની પૂર્વતૈયારી તરીકે મુંબઈની સેન્ટ મેરિઝ સ્કૂલવાળાં એક મિસ વિલ્સનને ત્યાં ખેડર ' — હાત્ર તરીકે રાખ્યાં જેથી તેઓ સીધી વાતચીત દ્વારા ( ‘ ડિરેક્ટ મેથડથી ) અંગ્રેજી શીખી શકે . તેમને દરેકને માટે માસિક રૂપિયા સે । આપવાના હતા . વિઠ્ઠલભાઈનું વિલાયતનું ખ` દસ હજાર રૂપિયા થયું હતું . પેાતાને પણ ઓછામાં એઠું એટલું ખચ તે થાય જ . તે ઉપરાંત પેાતે વિલાયત રહે એ ત્રણ વર્ષ છેોકરાંનું ખેડિ  ંગ અને ખીજું ખર્ચ મળી આશરે દસેક હજાર રૂપિયા ખર્ચ થાય . વકીલાતની કમાણીમાંથી ખચાવેલી રકમમાંથી આ બધા ખર્ચની વ્યવસ્થા થઈ શકી . આમ બધી ગોઠવણુ પાકી કરી ૧૯૧૦ ના ઑગસ્ટમાં સરદાર વિલાયત જવા ઊપડયા ."
                ]
            },
            {
                "block_text": "હવે આ દસ વર્ષોંની વકીલાત દરમ્યાનના થાડા પ્રસંગે નોંધીશું :",
                "lines": [
                    "હવે આ દસ વર્ષોંની વકીલાત દરમ્યાનના થાડા પ્રસંગે નોંધીશું :"
                ]
            },
            {
                "block_text": "૧. તેમના એક સ્નેહી રેલવે પોલીસમાં ઇન્સ્પેક્ટર હતા . તેને પોતાના ઉપરી અમલદાર જે સુપરિન્ટેન્ડેન્ટ હતા તેની સાથે અણુબનાવ હતા . સુપરિન્ટેન્ડેન્ટ પેલા ઇન્સ્પેક્ટરને એક નવા કેસમાં સંડેાવ્યા અને એ કેસને બહુ મોટું રૂપ આપ્યું . રેલવે વેંગનમાંથી એક રૂપિયાની કિંમતનાં બળતણનાં લાકડાંની પોતાના નાકર પાસે ચોરી કરાવ્યાના આરોપ મૂકી એમને કેદમાં પુરાવી દીધા . સુપરિન્ટેન્ડેન્ટ બહુ મોટી લાગવગવાળા અંગ્રેજ હતા . એના ભાઈ મુંબઈ સરકારમાં હામ - મેમ્બર હતા . તે વખતે રેલવેમાં ચેરીભ્રૂટના ઘણા કૈસે બનતા . એ બહાના હેઠળ આ નજીવા કૈસને ભારે રૂપ આપવામાં આવ્યું અને આરોપી લાગવગવાળા હોવાનું જણાવી આ કેસ ચલાવવા એક સ્પેશિયલ મૅજિસ્ટ્રેટની નિમણૂક કરાવી . ક્રેસ ખેડા જિલ્લામાં ચાલવાના હતા છતાં અમદાવાદ જિલ્લાના સરકારી વકીલને આ કૈસ ચલાવવા માટે ખાસ રોકવામાં આવ્યો . કૈસ  ાટમાં મેાકલતાં પહેલાં બધી તપાસ પેલા સુપરિન્ટેન્ડેન્ટ જાતે કરેલી . આરોપીને પ્રથમ કાઈ વાર સજા થયેલી",
                "lines": [
                    "૧. તેમના એક સ્નેહી રેલવે પોલીસમાં ઇન્સ્પેક્ટર હતા . તેને પોતાના ઉપરી અમલદાર જે સુપરિન્ટેન્ડેન્ટ હતા તેની સાથે અણુબનાવ હતા . સુપરિન્ટેન્ડેન્ટ પેલા ઇન્સ્પેક્ટરને એક નવા કેસમાં સંડેાવ્યા અને એ કેસને બહુ મોટું રૂપ આપ્યું . રેલવે વેંગનમાંથી એક રૂપિયાની કિંમતનાં બળતણનાં લાકડાંની પોતાના નાકર પાસે ચોરી કરાવ્યાના આરોપ મૂકી એમને કેદમાં પુરાવી દીધા . સુપરિન્ટેન્ડેન્ટ બહુ મોટી લાગવગવાળા અંગ્રેજ હતા . એના ભાઈ મુંબઈ સરકારમાં હામ - મેમ્બર હતા . તે વખતે રેલવેમાં ચેરીભ્રૂટના ઘણા કૈસે બનતા . એ બહાના હેઠળ આ નજીવા કૈસને ભારે રૂપ આપવામાં આવ્યું અને આરોપી લાગવગવાળા હોવાનું જણાવી આ કેસ ચલાવવા એક સ્પેશિયલ મૅજિસ્ટ્રેટની નિમણૂક કરાવી . ક્રેસ ખેડા જિલ્લામાં ચાલવાના હતા છતાં અમદાવાદ જિલ્લાના સરકારી વકીલને આ કૈસ ચલાવવા માટે ખાસ રોકવામાં આવ્યો . કૈસ  ાટમાં મેાકલતાં પહેલાં બધી તપાસ પેલા સુપરિન્ટેન્ડેન્ટ જાતે કરેલી . આરોપીને પ્રથમ કાઈ વાર સજા થયેલી"
                ]
            }
        ]
    }
}