{
    "page_number": 24,
    "ocr_output": {
        "blocks": [
            {
                "block_text": "સરદાર વલ્લભભાઈ",
                "lines": [
                    "સરદાર વલ્લભભાઈ"
                ]
            },
            {
                "block_text": "૨૪",
                "lines": [
                    "૨૪"
                ]
            },
            {
                "block_text": "કે કેમ તેની ખાતમી મેળવવા તેણે ખૂબ મહેનત કરવા માંડી . આ વાતની ખાર પડતાં સરદારની સલાહથી આરોપીએ જાતે જ સુપરિન્ટેન્ડેન્ટને મળીને કહ્યું કે , “ તમે નકામી મહેનત શું કામ કરે છે ? હું પોતે કબૂલ કરું છું કે મને પ્રથમ એક વાર નવ માસની સજા થયેલી અને બધો વખત ‘ સાલિટરી કન્ફાઈનમેન્ટ ' — એકાંત કેદમાં રાખવામાં આવેલા . પણ એને તે ઘણે વખત થઈ ગયા . ત્રીસ વરસ પહેલાં એ સજા ભેગવેલી . એટલે એનું કશું મહત્ત્વ ન ગણી શકાય . ” આ હકીકતની પેલા સુપરિન્ટેન્ડેન્ટ ચાજશીટ ઉપર નોંધ કરી દીધી અને ક્રેસ કેટમાં મેાકલ્યા . જ્યારે કૈસ નીકળ્યા ત્યારે સરદાર માંદા પડી ગયેલા હોવાથી આરોપી તરફથી કેસ ચલાવવા માટે તેમને બદલે વિઠ્ઠલભાઈ ગયા હતા . સરકારી વકીલ સાથે તેમને ખૂબ ખાલાચાલી અને તકરાર થઈ . ધારી મૂકયું હતું તે પ્રમાણે મેજિસ્ટ્રેટ તો આરોપીને ગુનેગાર ઠરાવી તેને છ માસની સખત કેદની સજા કરી અને જજમેન્ટમાં વિઠ્ઠલભાઈની વિરુદ્ધ કડક ટીકા કરી . આ કેસની અપીલ સરદારે અમદાવાદ સેશન્સ કાર્ટમાં દાખલ કરાવી . આરોપીને જામીન પર છેડવાની અરજી કરવા ત્યાંના એક મશહૂર બૅરિસ્ટરને રોકવા . સરકાર તરફથી જામીન પર છેડવા માટે સખત વિરોધ કરવામાં આવ્યા . પેલા સરકારી વકીલે કૈસના મહત્ત્વ ઉપર ખાસ ભાર મૂકી જામીનઅરજી રદ કરાવી . એટલે સરદારે અપીલની સુનાવણી તરત જ કરવાની માગણી કરી , તે મજૂર થઈ અને બે કે ત્રણ દિવસમાં અપીલની સુનાવણી રાખવામાં આવી . આવા ડૈસા ભાગ્યે જ પકડાય છે અને આરેાપી પોલીસના અમલદાર છે એ વાત પર વારંવાર ભાર મૂકી કેસ ખૂબ નબળા હોવા છતાં સરકારી વકીલ જોસથી દલીલ કરતા હતા . ખચાવ પક્ષના પૅરિસ્ટર એમ દલીલ કરતા હતા કે ગુને સાબિત ન થાય ત્યાં સુધી આરોપી ક્રાણુ છે એ વાત લક્ષમાં ન લેવાય . જજનું મન ડામાડેાળ થતું હતું . સરકારી વકીલે વધુમાં એ દલીલ કરી કે આ આરેાપીને અગાઉ નવ માસની સજા થઈ ગયેલી છે એ વાત લક્ષમાં લેવી જોઈ એ . એમ કહીને ચાર્જશીટ ઉપરની એ વિષેની નોંધ જજને બતાવી . આ સાંભળીને બચાવ પક્ષના ઍરિસ્ટર તો સ્તબ્ધ થઈ ગયા , અને જજે એમને ખુલાસા પૂછ્યો એટલે એ તે સરદાર ઉપર ખૂબ ગુસ્સે થયા અને કહેવા લાગ્યા કે આ વાતની પ્રથમથી જ મને જાણ કરી હેાત તે અપીલ ન કરવાની સલાહ આપત . એમ કહીને તે તા બેસી ગયા . આરેપીનું ભવિષ્ય ત્રાજવામાં તોળાઈ રહ્યું હતું . કૈસ રસાકસીના હોવાથી આખી કાટ ચિકાર ભરાઈ ગઈ હતી . તે વખતે સરદારે ઊભા થઈ કાટને વિનંતી કરી કે આરોપીને અગાઉ સજા થયાનેા પુરાવે અમને બતાવવા જોઈ એ . જજે પેલી નોંધ સરદારને જોવા આપવાના હુકમ કર્યાં . સરકારી વકીલ ગુસ્સે થઈ ને દલીલ કરવા લાગ્યા કે આરોપીએ પોતે કબૂલ",
                "lines": [
                    "કે કેમ તેની ખાતમી મેળવવા તેણે ખૂબ મહેનત કરવા માંડી . આ વાતની ખાર પડતાં સરદારની સલાહથી આરોપીએ જાતે જ સુપરિન્ટેન્ડેન્ટને મળીને કહ્યું કે , “ તમે નકામી મહેનત શું કામ કરે છે ? હું પોતે કબૂલ કરું છું કે મને પ્રથમ એક વાર નવ માસની સજા થયેલી અને બધો વખત ‘ સાલિટરી કન્ફાઈનમેન્ટ ' — એકાંત કેદમાં રાખવામાં આવેલા . પણ એને તે ઘણે વખત થઈ ગયા . ત્રીસ વરસ પહેલાં એ સજા ભેગવેલી . એટલે એનું કશું મહત્ત્વ ન ગણી શકાય . ” આ હકીકતની પેલા સુપરિન્ટેન્ડેન્ટ ચાજશીટ ઉપર નોંધ કરી દીધી અને ક્રેસ કેટમાં મેાકલ્યા . જ્યારે કૈસ નીકળ્યા ત્યારે સરદાર માંદા પડી ગયેલા હોવાથી આરોપી તરફથી કેસ ચલાવવા માટે તેમને બદલે વિઠ્ઠલભાઈ ગયા હતા . સરકારી વકીલ સાથે તેમને ખૂબ ખાલાચાલી અને તકરાર થઈ . ધારી મૂકયું હતું તે પ્રમાણે મેજિસ્ટ્રેટ તો આરોપીને ગુનેગાર ઠરાવી તેને છ માસની સખત કેદની સજા કરી અને જજમેન્ટમાં વિઠ્ઠલભાઈની વિરુદ્ધ કડક ટીકા કરી . આ કેસની અપીલ સરદારે અમદાવાદ સેશન્સ કાર્ટમાં દાખલ કરાવી . આરોપીને જામીન પર છેડવાની અરજી કરવા ત્યાંના એક મશહૂર બૅરિસ્ટરને રોકવા . સરકાર તરફથી જામીન પર છેડવા માટે સખત વિરોધ કરવામાં આવ્યા . પેલા સરકારી વકીલે કૈસના મહત્ત્વ ઉપર ખાસ ભાર મૂકી જામીનઅરજી રદ કરાવી . એટલે સરદારે અપીલની સુનાવણી તરત જ કરવાની માગણી કરી , તે મજૂર થઈ અને બે કે ત્રણ દિવસમાં અપીલની સુનાવણી રાખવામાં આવી . આવા ડૈસા ભાગ્યે જ પકડાય છે અને આરેાપી પોલીસના અમલદાર છે એ વાત પર વારંવાર ભાર મૂકી કેસ ખૂબ નબળા હોવા છતાં સરકારી વકીલ જોસથી દલીલ કરતા હતા . ખચાવ પક્ષના પૅરિસ્ટર એમ દલીલ કરતા હતા કે ગુને સાબિત ન થાય ત્યાં સુધી આરોપી ક્રાણુ છે એ વાત લક્ષમાં ન લેવાય . જજનું મન ડામાડેાળ થતું હતું . સરકારી વકીલે વધુમાં એ દલીલ કરી કે આ આરેાપીને અગાઉ નવ માસની સજા થઈ ગયેલી છે એ વાત લક્ષમાં લેવી જોઈ એ . એમ કહીને ચાર્જશીટ ઉપરની એ વિષેની નોંધ જજને બતાવી . આ સાંભળીને બચાવ પક્ષના ઍરિસ્ટર તો સ્તબ્ધ થઈ ગયા , અને જજે એમને ખુલાસા પૂછ્યો એટલે એ તે સરદાર ઉપર ખૂબ ગુસ્સે થયા અને કહેવા લાગ્યા કે આ વાતની પ્રથમથી જ મને જાણ કરી હેાત તે અપીલ ન કરવાની સલાહ આપત . એમ કહીને તે તા બેસી ગયા . આરેપીનું ભવિષ્ય ત્રાજવામાં તોળાઈ રહ્યું હતું . કૈસ રસાકસીના હોવાથી આખી કાટ ચિકાર ભરાઈ ગઈ હતી . તે વખતે સરદારે ઊભા થઈ કાટને વિનંતી કરી કે આરોપીને અગાઉ સજા થયાનેા પુરાવે અમને બતાવવા જોઈ એ . જજે પેલી નોંધ સરદારને જોવા આપવાના હુકમ કર્યાં . સરકારી વકીલ ગુસ્સે થઈ ને દલીલ કરવા લાગ્યા કે આરોપીએ પોતે કબૂલ"
                ]
            }
        ]
    }
}