{
    "page_number": 4,
    "ocr_output": {
        "blocks": [
            {
                "block_text": "સરદાર વલ્લભભાઈ",
                "lines": [
                    "સરદાર વલ્લભભાઈ"
                ]
            },
            {
                "block_text": "મહારાજ ઉપર વળી વારટ કેવું ? એ તો પુરુષોત્તમ ભગવાનને અવતાર કહેવાય . આપણને સૌને આ ભવમાંથી છેડાવનારા . એમને પકડનારા",
                "lines": [
                    "મહારાજ ઉપર વળી વારટ કેવું ? એ તો પુરુષોત્તમ ભગવાનને અવતાર કહેવાય . આપણને સૌને આ ભવમાંથી છેડાવનારા . એમને પકડનારા"
                ]
            },
            {
                "block_text": "કાણુ હોય ? ”",
                "lines": [
                    "કાણુ હોય ? ”"
                ]
            },
            {
                "block_text": "“ અત્યારે તારું આ ટીખળ વડતાલ અને મેચાસણુનાં મદિરાના આપણા મહારાજ ઉપર પણું વારંટ",
                "lines": [
                    "“ અત્યારે તારું આ ટીખળ વડતાલ અને મેચાસણુનાં મદિરાના આપણા મહારાજ ઉપર પણું વારંટ"
                ]
            },
            {
                "block_text": "જવા દે . મેં પાકે પાયે સાંભળ્યું છે કે કબજા સબંધી તકરાર થઈ છે અને તેમાં નીકળ્યું છે . તારે એ વારટ રદ કરાવવુ જ પડશે . મહારાજને પકડે તે તે મારી સાથે તારી પણ આબરૂ જાય . ” આબરૂ શું કામ આપણી જાય ? એવાં કરમ કરે તેની જાય . પણ હું તપાસ કરીશ . એમ વારંટ શેનાં નીકળે છે ? મારાથી થઈ શકે તે બધું કરીશ . ”",
                "lines": [
                    "જવા દે . મેં પાકે પાયે સાંભળ્યું છે કે કબજા સબંધી તકરાર થઈ છે અને તેમાં નીકળ્યું છે . તારે એ વારટ રદ કરાવવુ જ પડશે . મહારાજને પકડે તે તે મારી સાથે તારી પણ આબરૂ જાય . ” આબરૂ શું કામ આપણી જાય ? એવાં કરમ કરે તેની જાય . પણ હું તપાસ કરીશ . એમ વારંટ શેનાં નીકળે છે ? મારાથી થઈ શકે તે બધું કરીશ . ”"
                ]
            },
            {
                "block_text": "પછી જરા ગંભીર થઈ ને પણુ નમ્રતાથી પિતાશ્રીને જણુાવ્યું : “ તમે હવે છેડે આ સાધુઓને . જેઓ આવા પ્રપંચ કરે છે , કજિયા કરી કાટે ચઢે છે , પાતાનું જે આ ભવમાં રક્ષણુ કરી શકતા નથી તે આપણને આવતા ભવમાં શું તારવાના હતા અને આપણા શા ઉદ્ધાર કરવાના હતા ? ”",
                "lines": [
                    "પછી જરા ગંભીર થઈ ને પણુ નમ્રતાથી પિતાશ્રીને જણુાવ્યું : “ તમે હવે છેડે આ સાધુઓને . જેઓ આવા પ્રપંચ કરે છે , કજિયા કરી કાટે ચઢે છે , પાતાનું જે આ ભવમાં રક્ષણુ કરી શકતા નથી તે આપણને આવતા ભવમાં શું તારવાના હતા અને આપણા શા ઉદ્ધાર કરવાના હતા ? ”"
                ]
            },
            {
                "block_text": "“ એ બધી પંચાત આપણે શું કામ કરીએ ? પણ જો , તારે એટલું ધ્યાનમાં રાખવાનું કે મહારાજ ઉપર વારટ નીકળ્યું હોય તે એ રદ થવું જ જોઈએ . ” એમ કહી પિતાશ્રી આફિસમાંથી ચાલ્યા ગયા .",
                "lines": [
                    "“ એ બધી પંચાત આપણે શું કામ કરીએ ? પણ જો , તારે એટલું ધ્યાનમાં રાખવાનું કે મહારાજ ઉપર વારટ નીકળ્યું હોય તે એ રદ થવું જ જોઈએ . ” એમ કહી પિતાશ્રી આફિસમાંથી ચાલ્યા ગયા ."
                ]
            },
            {
                "block_text": "પિતાશ્રી સ્વામીનારાયણુના મહા ભક્ત હતા . પાલ્ક્લી અવસ્થામાં તે સૂવા બેસવાનું પણુ ગામના સ્વામીનારાયણના મંદિરમાં જ રાખ્યું હતું . એક વેળા જમતા અને જમવા માટે જ ઘેર આવતા . તેઓ ૧૯૧૪ ના માર્ચ માસમાં લગભગ પ્ાશી વર્ષની વયે ગુજરી ગયા ત્યાં સુધી દર પૂનમે વડતાલ જવાનું એકે વાર ચૂકયા નથી . સરદાર પણુ અનેક વાર વડતાલ ગયેલા . સત્તર વર્ષના થયા ત્યાં સુધી પિતાશ્રી પાસે કરમસદમાં જ રહેલા અને ત્યાં સુધી નિરાહારી અને કાઈ કાઈ વાર નિજળા એકાદશી વિનાની ભાગ્યે જ કાઈ એકાદશી ગઈ હશે . આમ સ્વામીનારાયણુ સંપ્રદાયમાં ઊછરેલા હોવા છતાં એ સંપ્રદાય તરફ એમણે ખાસ શ્રદ્ધા સેવી નથી . આગળ ભણવા માટે કરમસદ છેડયુ . તેની જ સાથે એનાં વ્રતયાત્રાદિ પણ છેડયાં . સહજાનંદ સ્વામી અને એમના સંપ્રદાય વિષે વાત કરતાં અગાઉના સાધુએના પવિત્ર જીવનની સરદાર બહુ તારીફ કરે છે અને ઘણાં સામાન્ય માણસોનાં — પછાત કામનાં બિનકેળવાયેલા માણસાનાં — — જીવન સુધારવામાં સંપ્રદાયે સારા ફાળા આપ્યા એમ પણુ તે સ્વીકારે છે . પણ પાછળથી એ સંપ્રદાયમાં સ્વાર્થ અને લેભે પ્રવેશ કર્યાં અને સંપ્રદાયને સુધારક જુસ્સો જતા રહ્યો એમ તેઓ જણાવે છે .",
                "lines": [
                    "પિતાશ્રી સ્વામીનારાયણુના મહા ભક્ત હતા . પાલ્ક્લી અવસ્થામાં તે સૂવા બેસવાનું પણુ ગામના સ્વામીનારાયણના મંદિરમાં જ રાખ્યું હતું . એક વેળા જમતા અને જમવા માટે જ ઘેર આવતા . તેઓ ૧૯૧૪ ના માર્ચ માસમાં લગભગ પ્ાશી વર્ષની વયે ગુજરી ગયા ત્યાં સુધી દર પૂનમે વડતાલ જવાનું એકે વાર ચૂકયા નથી . સરદાર પણુ અનેક વાર વડતાલ ગયેલા . સત્તર વર્ષના થયા ત્યાં સુધી પિતાશ્રી પાસે કરમસદમાં જ રહેલા અને ત્યાં સુધી નિરાહારી અને કાઈ કાઈ વાર નિજળા એકાદશી વિનાની ભાગ્યે જ કાઈ એકાદશી ગઈ હશે . આમ સ્વામીનારાયણુ સંપ્રદાયમાં ઊછરેલા હોવા છતાં એ સંપ્રદાય તરફ એમણે ખાસ શ્રદ્ધા સેવી નથી . આગળ ભણવા માટે કરમસદ છેડયુ . તેની જ સાથે એનાં વ્રતયાત્રાદિ પણ છેડયાં . સહજાનંદ સ્વામી અને એમના સંપ્રદાય વિષે વાત કરતાં અગાઉના સાધુએના પવિત્ર જીવનની સરદાર બહુ તારીફ કરે છે અને ઘણાં સામાન્ય માણસોનાં — પછાત કામનાં બિનકેળવાયેલા માણસાનાં — — જીવન સુધારવામાં સંપ્રદાયે સારા ફાળા આપ્યા એમ પણુ તે સ્વીકારે છે . પણ પાછળથી એ સંપ્રદાયમાં સ્વાર્થ અને લેભે પ્રવેશ કર્યાં અને સંપ્રદાયને સુધારક જુસ્સો જતા રહ્યો એમ તેઓ જણાવે છે ."
                ]
            },
            {
                "block_text": "ઉપર વધુ વેલા પ્રસંગની હકીકત એવી છે કે એક યજ્ઞપુરુષોત્તમદાસજી નામના સાધુ , જે વિદ્વાન બ્રાહ્મણ હાઈ શાસ્ત્રીજી કહેવાતા તેમણે વડતાલની",
                "lines": [
                    "ઉપર વધુ વેલા પ્રસંગની હકીકત એવી છે કે એક યજ્ઞપુરુષોત્તમદાસજી નામના સાધુ , જે વિદ્વાન બ્રાહ્મણ હાઈ શાસ્ત્રીજી કહેવાતા તેમણે વડતાલની"
                ]
            }
        ]
    }
}