{
    "page_number": 5,
    "ocr_output": {
        "blocks": [
            {
                "block_text": "માતાપિતા",
                "lines": [
                    "માતાપિતા"
                ]
            },
            {
                "block_text": "પ",
                "lines": [
                    "પ"
                ]
            },
            {
                "block_text": "ગાદીથી જુદા પડી માચાસણમાં ગાદી સ્થાપેલી અને ત્યાં એક મેટું શિખરબંધી મંદિર ધાવવા માંડેલું . સરદારના પિતાશ્રી આ ખાચાસણવાળાના નવા પંથમાં ભળ્યા હતા અને શાસ્ત્રીજીના અનુયાયી થયા હતા . આ શાસ્ત્રીજી ખળવા કરી વડતાલથી જુદા પડચા ત્યારે તેમની સાથે કેટલાક સાધુએ અને પાળા પણુ ભળ્યા અને એ સુધારક ટાળીએ વડતાલના મદિરના તાબાનાં જે મદિરા ગામેગામ હતાં તેમને કબજો લેવા માંડયો . એ કબજો લેવા જતાં , વડતાલના અસલ પક્ષના સાધુએ અને પાળાએ જેમના કબજામાં એ મદિરા હતાં તેમની સાથે મારામારી થતી . આમ ગામેગામ બળજબરીના પ્રસંગે ઊભા થતાં જિલ્લામાં સુલેહના ભંગ થવા લાગ્યા . એટલે બન્ને પક્ષના સાધુઓ અને પાળા ઉપર સુલેહના",
                "lines": [
                    "ગાદીથી જુદા પડી માચાસણમાં ગાદી સ્થાપેલી અને ત્યાં એક મેટું શિખરબંધી મંદિર ધાવવા માંડેલું . સરદારના પિતાશ્રી આ ખાચાસણવાળાના નવા પંથમાં ભળ્યા હતા અને શાસ્ત્રીજીના અનુયાયી થયા હતા . આ શાસ્ત્રીજી ખળવા કરી વડતાલથી જુદા પડચા ત્યારે તેમની સાથે કેટલાક સાધુએ અને પાળા પણુ ભળ્યા અને એ સુધારક ટાળીએ વડતાલના મદિરના તાબાનાં જે મદિરા ગામેગામ હતાં તેમને કબજો લેવા માંડયો . એ કબજો લેવા જતાં , વડતાલના અસલ પક્ષના સાધુએ અને પાળાએ જેમના કબજામાં એ મદિરા હતાં તેમની સાથે મારામારી થતી . આમ ગામેગામ બળજબરીના પ્રસંગે ઊભા થતાં જિલ્લામાં સુલેહના ભંગ થવા લાગ્યા . એટલે બન્ને પક્ષના સાધુઓ અને પાળા ઉપર સુલેહના"
                ]
            },
            {
                "block_text": "ભંગ ન કરવા બદ્લ જામીન લેવા માટે સામસામે કેસ કરવામાં આવ્યા . આવા એક કેસમાં પહેલા નખરના તહેામતદાર પેલા શાસ્ત્રીજી હતા અને તેમની સાથે તેમના પક્ષના બીજા દસ બાર સાધુ અને પાળાએ હતા . આ કેસ એરસદના રેસિડેન્સી મૅજિસ્ટ્રેટની . કાટ'માં દાખલ થયેલા . પિતાશ્રીના આગ્રહને લીધે સરદારે એ કેસ હાથમાં લીધેલા અને કૈસની માંડવાળ કરાવી એ પક્ષના તહેામતદારોને છેડાવેલા .",
                "lines": [
                    "ભંગ ન કરવા બદ્લ જામીન લેવા માટે સામસામે કેસ કરવામાં આવ્યા . આવા એક કેસમાં પહેલા નખરના તહેામતદાર પેલા શાસ્ત્રીજી હતા અને તેમની સાથે તેમના પક્ષના બીજા દસ બાર સાધુ અને પાળાએ હતા . આ કેસ એરસદના રેસિડેન્સી મૅજિસ્ટ્રેટની . કાટ'માં દાખલ થયેલા . પિતાશ્રીના આગ્રહને લીધે સરદારે એ કેસ હાથમાં લીધેલા અને કૈસની માંડવાળ કરાવી એ પક્ષના તહેામતદારોને છેડાવેલા ."
                ]
            },
            {
                "block_text": "એમ કહેવાય છે કે પંજાબમાંથી અમુક લેઉવા પાટીદારો ગુજરાતમાં આવેલા અને તેમણે નિડયાદ , વસા , કરમસદ , ભાદરણુ , ધમ`જ , સોજિત્રા વગેરે ખાર ગામા વસાવેલાં . તેમાં આ છ ગામ મેટાં અને વિશેષ કુળવાન ગણાય છે . કરમસદ ગામ વસાવનાર મૂળ એક જ પુરુષ હતા . એટલે કરમસદમાં રહેનાર બધા પાટીદારો મૂળ એક જ કુટુંબની પ્રજા ગણાય . એ કુટુંબની શાખા અને ઉપશાખાઓ ગામની જુદી જુદી ખડકીમાં વસેલી છે . ઝવેરભાઈવાળી ખડકીમાં વસ્તી કાંઈક વધારે એટલે ઝવેરભાઈ પાસે દસેક વીધાં જ જમીન આવેલી . વળી ઝવેરભાઈનું ખેતીમાં જરાય ધ્યાન નહીં એટલે સ્થિતિ ગરીબ રહેલી . પણુ એ મહુ સ્વતંત્ર મિજાજના અને કડક સ્વભાવના હતા . કાઈ પણ બાબતમાં કાઈથી ખાય તો શાના જ ? પહેલેથી ધમ પરાયણુ વૃત્તિના અને મંદિરમાં વધારે વખત ગાળતા . સરદાર ઘરમાં હોય ત્યારે બેસતા નથી , પણુ આંટા મારવાની એમને ટેવ છે તે પિતાશ્રી તરફથી વારસામાં મળેલી છે . ઝવેરભાઈ મદિરમાં કદી બેસી રહેતા નહીં . માળા ફેરવતા ફેરવતા અથવા ભજન ગણુગણુતા આંટા માર્યા કરવાની એમને ટેવ હતી . ગામની પંચાતમાં તે કદી ભાગ લેતા જ નહીં . પણ ભગવતી પુરુષ તરીકે ગામમાં એમનું માન સારું ગણાતું . સૌ એમની આમન્યા રાખતું અને ઈ ના વાંક હોય અને એ એ શબ્દ કહે તે સૌને સાંભળવા પડતા . વિઠ્ઠલભાઈ , સરદાર વગેરે ભાઈ એ એમને મેટાકાકા કહેતા . પણ ગામમાં સૌ",
                "lines": [
                    "એમ કહેવાય છે કે પંજાબમાંથી અમુક લેઉવા પાટીદારો ગુજરાતમાં આવેલા અને તેમણે નિડયાદ , વસા , કરમસદ , ભાદરણુ , ધમ`જ , સોજિત્રા વગેરે ખાર ગામા વસાવેલાં . તેમાં આ છ ગામ મેટાં અને વિશેષ કુળવાન ગણાય છે . કરમસદ ગામ વસાવનાર મૂળ એક જ પુરુષ હતા . એટલે કરમસદમાં રહેનાર બધા પાટીદારો મૂળ એક જ કુટુંબની પ્રજા ગણાય . એ કુટુંબની શાખા અને ઉપશાખાઓ ગામની જુદી જુદી ખડકીમાં વસેલી છે . ઝવેરભાઈવાળી ખડકીમાં વસ્તી કાંઈક વધારે એટલે ઝવેરભાઈ પાસે દસેક વીધાં જ જમીન આવેલી . વળી ઝવેરભાઈનું ખેતીમાં જરાય ધ્યાન નહીં એટલે સ્થિતિ ગરીબ રહેલી . પણુ એ મહુ સ્વતંત્ર મિજાજના અને કડક સ્વભાવના હતા . કાઈ પણ બાબતમાં કાઈથી ખાય તો શાના જ ? પહેલેથી ધમ પરાયણુ વૃત્તિના અને મંદિરમાં વધારે વખત ગાળતા . સરદાર ઘરમાં હોય ત્યારે બેસતા નથી , પણુ આંટા મારવાની એમને ટેવ છે તે પિતાશ્રી તરફથી વારસામાં મળેલી છે . ઝવેરભાઈ મદિરમાં કદી બેસી રહેતા નહીં . માળા ફેરવતા ફેરવતા અથવા ભજન ગણુગણુતા આંટા માર્યા કરવાની એમને ટેવ હતી . ગામની પંચાતમાં તે કદી ભાગ લેતા જ નહીં . પણ ભગવતી પુરુષ તરીકે ગામમાં એમનું માન સારું ગણાતું . સૌ એમની આમન્યા રાખતું અને ઈ ના વાંક હોય અને એ એ શબ્દ કહે તે સૌને સાંભળવા પડતા . વિઠ્ઠલભાઈ , સરદાર વગેરે ભાઈ એ એમને મેટાકાકા કહેતા . પણ ગામમાં સૌ"
                ]
            }
        ]
    }
}