{
    "page_number": 6,
    "ocr_output": {
        "blocks": [
            {
                "block_text": "સરદાર વલ્લભભાઈ",
                "lines": [
                    "સરદાર વલ્લભભાઈ"
                ]
            },
            {
                "block_text": "s",
                "lines": [
                    "s"
                ]
            },
            {
                "block_text": "એમને રાજભા કહેતું . શા ઉપરથી એમ કહેવાતા હશે તે મને ખબર આપનાર કહી શકતા નથી .",
                "lines": [
                    "એમને રાજભા કહેતું . શા ઉપરથી એમ કહેવાતા હશે તે મને ખબર આપનાર કહી શકતા નથી ."
                ]
            },
            {
                "block_text": "મહાદેવભાઈ એ ‘ વીર વલ્લભભાઈ ' માં નાંખ્યું છે કે , “ પિતાશ્રીએ નાનપણમાં ૫૭ ના બળવામાં ઝાંસીની રાણીના પ્રદેશમાં ભાગ લીધેલા . એ ત્રણ વ સુધી ઘેર એમને પત્તો જ નહાતા લાગ્યો . મલ્હારરાવ હાલકરે એમને કેદ કર્યા હતા . કૈદ કરી પોતાની સામે બાંધી રાખી એક વાર મલ્હારરાવ શેતરંજ રમતા હતા . શેતરંજમાં રાજા ખોટી ચાલ ચાલતા જામ ત્યાં ઝવેરભાઈ કહેતા જાય : ‘ રાજા , ફલાણું મહેરું આમ ચલાવે . મલ્હારરાવ ચકિત થઈ ગયેલા અને કુદીને છેડી મિત્ર કરેલા . ” મેરસદ તથા નિડયાદમાં હું સરદારના કેટલાક સમવયસ્કાને મળેલા . તેમણે મને કહ્યું કે અમને આ વાતનું સ્મરણુ નથી . પણુ એ અરસામાં તે કરમસદ છેાડીને બહારગામ ઘણુ કરીને ઇન્દોર તરફ કાઈને કહ્યા વિના ચાલ્યા ગયેલા ખરા . એટલે મહાદેવભાઈની વાત ખરાખર હાવાના સંભવ છે .",
                "lines": [
                    "મહાદેવભાઈ એ ‘ વીર વલ્લભભાઈ ' માં નાંખ્યું છે કે , “ પિતાશ્રીએ નાનપણમાં ૫૭ ના બળવામાં ઝાંસીની રાણીના પ્રદેશમાં ભાગ લીધેલા . એ ત્રણ વ સુધી ઘેર એમને પત્તો જ નહાતા લાગ્યો . મલ્હારરાવ હાલકરે એમને કેદ કર્યા હતા . કૈદ કરી પોતાની સામે બાંધી રાખી એક વાર મલ્હારરાવ શેતરંજ રમતા હતા . શેતરંજમાં રાજા ખોટી ચાલ ચાલતા જામ ત્યાં ઝવેરભાઈ કહેતા જાય : ‘ રાજા , ફલાણું મહેરું આમ ચલાવે . મલ્હારરાવ ચકિત થઈ ગયેલા અને કુદીને છેડી મિત્ર કરેલા . ” મેરસદ તથા નિડયાદમાં હું સરદારના કેટલાક સમવયસ્કાને મળેલા . તેમણે મને કહ્યું કે અમને આ વાતનું સ્મરણુ નથી . પણુ એ અરસામાં તે કરમસદ છેાડીને બહારગામ ઘણુ કરીને ઇન્દોર તરફ કાઈને કહ્યા વિના ચાલ્યા ગયેલા ખરા . એટલે મહાદેવભાઈની વાત ખરાખર હાવાના સંભવ છે ."
                ]
            },
            {
                "block_text": "સરદારનું માસાળ નિડયાદમાં દેસાઈ વગામાં છે . તેમને જન્મ પણ ત્યાં જ થયેલા . એમના આજા નું નામ જીજીભાઈ વસ્તાભાઈ દેસાઈ અને મામાનું નામ ડુંગરભાઈ . એમની આર્થિક સ્થિતિ ઝવેરભાઈના પ્રમાણમાં સારી હતી . વિઠ્ઠલભાઈ ના અંગ્રેજી વિદ્યાભ્યાસ બધા માસાળમાં જ થયેલા અને સરદાર પણુ હાઈસ્કૂલનાં ત્રણેક વર્ષ નડિયાદ રહેલા . પણ તે મેસાળમાં ન રહેતાં , પોતાના વિદ્યાથી મિત્રોની એક અલગ ક્લબ કાઢીને તેમાં રહેલા . માતુશ્રી લાડબાઈ નરમ અને સુશીલ સ્વભાવનાં હતાં . ઘર ચલાવવામાં બહુ કુશળ હતાં . સ્થિતિ ગરીબ હતી છતાં મહેમાન પરાણા સારી રીતે સાચવતાં . કંઈ સાથે તકરારમાં ઊતરવાનું તે એમના સ્વભાવમાં જ નહેાતું . સેવાભાવી વૃત્તિનાં હતાં . પાડોશીનું પણુ કામ કરી છૂટે . આસપાસનાં સૌને પ્રેમ સંપાદન કરવાની શક્તિ એમનામાં સહજ હતી . વહુને પણ અહુ સારી રીતે રાખતાં . નાના દીકરા કાશીભાઈ વિધુર થયા પછી એમનું ઘર સંભાળતાં , અને કરાંને સાચવતાં . લગભગ પચાશી વર્ષ'ની ઉમરે સને ૧૯૩૨ માં ગુજરી ગયાં ત્યાં સુધી કાશીભાઈ બધું તૈયાર કરી આપે અને એ બેઠાં બેઠાં રાંધી જમાડે , એ પ્રમાણે ધરનું કામ કર્યું . ગાંધીજીએ રેંટિયા કાઢો ત્યાર પછી તે નવરાશ મળે કે તરત રેંટિયા લઈને બેસતાં . પિતાશ્રી પણ પચાશી વષઁની જ ઉંમરે સને ૧૯૧૪ માં ગુજરી ગયેલા . આમ માતાપિતા વચ્ચે ઉંમરમાં અઢાર અંતર હતું . આનું કારણ એ છે કે પિતાશ્રીનું પહેલું લગ્ન સુણાવ ગામમાં થયેલું . પણ પહેલાં પત્ની નિઃસંતાન ગુજરી ગયેલાં . માતુશ્રી લાડબાઈ ખીજી વારનાં હતાં .",
                "lines": [
                    "સરદારનું માસાળ નિડયાદમાં દેસાઈ વગામાં છે . તેમને જન્મ પણ ત્યાં જ થયેલા . એમના આજા નું નામ જીજીભાઈ વસ્તાભાઈ દેસાઈ અને મામાનું નામ ડુંગરભાઈ . એમની આર્થિક સ્થિતિ ઝવેરભાઈના પ્રમાણમાં સારી હતી . વિઠ્ઠલભાઈ ના અંગ્રેજી વિદ્યાભ્યાસ બધા માસાળમાં જ થયેલા અને સરદાર પણુ હાઈસ્કૂલનાં ત્રણેક વર્ષ નડિયાદ રહેલા . પણ તે મેસાળમાં ન રહેતાં , પોતાના વિદ્યાથી મિત્રોની એક અલગ ક્લબ કાઢીને તેમાં રહેલા . માતુશ્રી લાડબાઈ નરમ અને સુશીલ સ્વભાવનાં હતાં . ઘર ચલાવવામાં બહુ કુશળ હતાં . સ્થિતિ ગરીબ હતી છતાં મહેમાન પરાણા સારી રીતે સાચવતાં . કંઈ સાથે તકરારમાં ઊતરવાનું તે એમના સ્વભાવમાં જ નહેાતું . સેવાભાવી વૃત્તિનાં હતાં . પાડોશીનું પણુ કામ કરી છૂટે . આસપાસનાં સૌને પ્રેમ સંપાદન કરવાની શક્તિ એમનામાં સહજ હતી . વહુને પણ અહુ સારી રીતે રાખતાં . નાના દીકરા કાશીભાઈ વિધુર થયા પછી એમનું ઘર સંભાળતાં , અને કરાંને સાચવતાં . લગભગ પચાશી વર્ષ'ની ઉમરે સને ૧૯૩૨ માં ગુજરી ગયાં ત્યાં સુધી કાશીભાઈ બધું તૈયાર કરી આપે અને એ બેઠાં બેઠાં રાંધી જમાડે , એ પ્રમાણે ધરનું કામ કર્યું . ગાંધીજીએ રેંટિયા કાઢો ત્યાર પછી તે નવરાશ મળે કે તરત રેંટિયા લઈને બેસતાં . પિતાશ્રી પણ પચાશી વષઁની જ ઉંમરે સને ૧૯૧૪ માં ગુજરી ગયેલા . આમ માતાપિતા વચ્ચે ઉંમરમાં અઢાર અંતર હતું . આનું કારણ એ છે કે પિતાશ્રીનું પહેલું લગ્ન સુણાવ ગામમાં થયેલું . પણ પહેલાં પત્ની નિઃસંતાન ગુજરી ગયેલાં . માતુશ્રી લાડબાઈ ખીજી વારનાં હતાં ."
                ]
            }
        ]
    }
}