{
    "page_number": 22,
    "ocr_output": {
        "blocks": [
            {
                "block_text": "સરદાર વલભભાઈ",
                "lines": [
                    "સરદાર વલભભાઈ"
                ]
            },
            {
                "block_text": "૨૨",
                "lines": [
                    "૨૨"
                ]
            },
            {
                "block_text": "એરસદમાં વકીલાત કરતા ત્યારે મહેિનના જન્મ ૧૯૦૪ ના એપ્રિલમાં અને ડાહ્યાભાઈ ના જન્મ ૧૯૦૫ ના નવેમ્બરમાં થયેલો . બન્ને એમના મેાસાળ ગાનામાં જન્મેલાં .",
                "lines": [
                    "એરસદમાં વકીલાત કરતા ત્યારે મહેિનના જન્મ ૧૯૦૪ ના એપ્રિલમાં અને ડાહ્યાભાઈ ના જન્મ ૧૯૦૫ ના નવેમ્બરમાં થયેલો . બન્ને એમના મેાસાળ ગાનામાં જન્મેલાં ."
                ]
            },
            {
                "block_text": "સરદારને પાટીદાર ઢબની પાઘડી પહેરી મૅજિસ્ટ્રેટની કોર્ટમાં વકીલાત કરતા કલ્પવા અત્યારે બહુ મુશ્કેલ પડે ખરું , પણ ગાધરામાં તે પાઘડી પહેરતા . તેમના એક સહાધ્યાયીએ મને કહેલું કે નડિયાદ હાઈસ્કૂલમાં ભણતા ત્યારે એક બે વાર ટીખળ કરવાની ખાતર વ માં પાઘડી પહેરીને ગયેલા . ખારસદ ગયા પછી રેવન્યુ ખાતાના અમલદારો જે અને ફેટા તે વખતે અને ત્યાર પછી ઘણા વખત સુધી પહેરતા એવી અનેા કિનારવાળા સફેદ ક્રેટા પહેરતા .",
                "lines": [
                    "સરદારને પાટીદાર ઢબની પાઘડી પહેરી મૅજિસ્ટ્રેટની કોર્ટમાં વકીલાત કરતા કલ્પવા અત્યારે બહુ મુશ્કેલ પડે ખરું , પણ ગાધરામાં તે પાઘડી પહેરતા . તેમના એક સહાધ્યાયીએ મને કહેલું કે નડિયાદ હાઈસ્કૂલમાં ભણતા ત્યારે એક બે વાર ટીખળ કરવાની ખાતર વ માં પાઘડી પહેરીને ગયેલા . ખારસદ ગયા પછી રેવન્યુ ખાતાના અમલદારો જે અને ફેટા તે વખતે અને ત્યાર પછી ઘણા વખત સુધી પહેરતા એવી અનેા કિનારવાળા સફેદ ક્રેટા પહેરતા ."
                ]
            },
            {
                "block_text": "વિઠ્ઠલભાઈ ૧૯૦૬ ના આરંભમાં વિલાયત ગયા તે અઢી વર્ષમાં બૅરિસ્ટર થઈ ૧૯૦૮ ના મધ્યમાં પાછા આવ્યા . તેમણે મુંબઈમાં વકીલાત શરૂ કરી અને ત્યાં ઘર માંડીને પત્ની સાથે રહેવા માંડયું . એટલામાં ઝવેર માંદાં પડયાં . તેમને આંતરડાંના વ્યાધિ હતા . વિઠ્ઠલભાઈ ૧૯૦૮ ની આખરમાં તેમને ઉપચાર કરવા માટે મુંબઈ લઈ ગયા . સાથે મણિબહેન અને ડાહ્યાભાઈ પણુ મુંબઈ ગયાં અને ત્યારથી એ વિઠ્ઠલભાઈની પાસે રહેવા લાગ્યાં . ઝવેરખાને આપરેશન કરવું પડશે એમ દાક્તરેાની સલાહ થઈ . તે માટે એમને કામા હૉસ્પિટલમાં દાખલ કર્યાં . સરદાર તે વખતે ત્યાં ગયેલા . પણ હૉસ્પિટલના દાક્તરે જણાવ્યું કે ખીજી રીતે તબિયત કાંઈક સુધરે એટલે પંદરેક દિવસ પછી પરેશન કરી શકાશે . ઑપરેશન કરવાનું નક્કી થાય ત્યારે મને લાવજો એમ કહી ખીજે દિવસે આણુંદ એક ખૂનને બહુ અગત્યના કેસ હતો તે માટે સરદાર આણંદ આવ્યા . પણ દાક્તરના વિચાર કર્યાં , તેને એકદમ ઑપરેશન કરવાની જરૂર લાગી . એટલે એણે તો સરદારને ખબર આપ્યા વિના વહેલું પરેશન કરી નાખ્યું . સરદારને તાર મળ્યો કે , “ આપરેશન સફળ થયું છે . ” પણુ ખીજે જ દિવસે સ્થિતિ બગડી અને કાટમાં સરદાર કેસ ચલાવતા હતા ત્યાં ઝવેર ગુજરી ગયાના કારમા સમાચારને તાર મળ્યા ( તા . ૧૧-૧-૧૯૦૯ ) .",
                "lines": [
                    "વિઠ્ઠલભાઈ ૧૯૦૬ ના આરંભમાં વિલાયત ગયા તે અઢી વર્ષમાં બૅરિસ્ટર થઈ ૧૯૦૮ ના મધ્યમાં પાછા આવ્યા . તેમણે મુંબઈમાં વકીલાત શરૂ કરી અને ત્યાં ઘર માંડીને પત્ની સાથે રહેવા માંડયું . એટલામાં ઝવેર માંદાં પડયાં . તેમને આંતરડાંના વ્યાધિ હતા . વિઠ્ઠલભાઈ ૧૯૦૮ ની આખરમાં તેમને ઉપચાર કરવા માટે મુંબઈ લઈ ગયા . સાથે મણિબહેન અને ડાહ્યાભાઈ પણુ મુંબઈ ગયાં અને ત્યારથી એ વિઠ્ઠલભાઈની પાસે રહેવા લાગ્યાં . ઝવેરખાને આપરેશન કરવું પડશે એમ દાક્તરેાની સલાહ થઈ . તે માટે એમને કામા હૉસ્પિટલમાં દાખલ કર્યાં . સરદાર તે વખતે ત્યાં ગયેલા . પણ હૉસ્પિટલના દાક્તરે જણાવ્યું કે ખીજી રીતે તબિયત કાંઈક સુધરે એટલે પંદરેક દિવસ પછી પરેશન કરી શકાશે . ઑપરેશન કરવાનું નક્કી થાય ત્યારે મને લાવજો એમ કહી ખીજે દિવસે આણુંદ એક ખૂનને બહુ અગત્યના કેસ હતો તે માટે સરદાર આણંદ આવ્યા . પણ દાક્તરના વિચાર કર્યાં , તેને એકદમ ઑપરેશન કરવાની જરૂર લાગી . એટલે એણે તો સરદારને ખબર આપ્યા વિના વહેલું પરેશન કરી નાખ્યું . સરદારને તાર મળ્યો કે , “ આપરેશન સફળ થયું છે . ” પણુ ખીજે જ દિવસે સ્થિતિ બગડી અને કાટમાં સરદાર કેસ ચલાવતા હતા ત્યાં ઝવેર ગુજરી ગયાના કારમા સમાચારને તાર મળ્યા ( તા . ૧૧-૧-૧૯૦૯ ) ."
                ]
            },
            {
                "block_text": "સરદારને માટે આ પ્રસંગ અતિશય દુઃખને અને તેની સાથે ધમ સંકટના હતો . ખૂનના કેસ હતો , આરોપી પ્રતિષ્ઠિત માસ હતા . મહત્ત્વના સાક્ષીની સરદાર ઊલટતપાસ ચલાવી રહ્યા હતા . તે જ દિવસે કાળજીપૂર્વક એ પૂરી ન થાય તા કેસ કથળે અને આરોપીને જીવનું જોખમ આવી પડે . કારણુ ફ્રાંસીની સજા થવાના સંભવ હતા . એટલે આવા દુઃખદ તાર મળ્યા છતાં અતિશય દૃઢતા રાખી , કાળજું કઠ્ઠણ કરી કામ પૂરું કર્યું . સાંજે કાટ \" નું કામ પૂરું થયે તારના સમાચાર ખીજાને આપ્યા . છેલ્લી ઘડીએ પત્નીની મુલાકાત ન થઈ શકી",
                "lines": [
                    "સરદારને માટે આ પ્રસંગ અતિશય દુઃખને અને તેની સાથે ધમ સંકટના હતો . ખૂનના કેસ હતો , આરોપી પ્રતિષ્ઠિત માસ હતા . મહત્ત્વના સાક્ષીની સરદાર ઊલટતપાસ ચલાવી રહ્યા હતા . તે જ દિવસે કાળજીપૂર્વક એ પૂરી ન થાય તા કેસ કથળે અને આરોપીને જીવનું જોખમ આવી પડે . કારણુ ફ્રાંસીની સજા થવાના સંભવ હતા . એટલે આવા દુઃખદ તાર મળ્યા છતાં અતિશય દૃઢતા રાખી , કાળજું કઠ્ઠણ કરી કામ પૂરું કર્યું . સાંજે કાટ \" નું કામ પૂરું થયે તારના સમાચાર ખીજાને આપ્યા . છેલ્લી ઘડીએ પત્નીની મુલાકાત ન થઈ શકી"
                ]
            }
        ]
    }
}