{
    "page_number": 3,
    "ocr_output": {
        "blocks": [
            {
                "block_text": "૧",
                "lines": [
                    "૧"
                ]
            },
            {
                "block_text": "માતાપિતા",
                "lines": [
                    "માતાપિતા"
                ]
            },
            {
                "block_text": "પોતાની કિસમાં ત્રીસેક વર્ષની વયના વકીલ વલ્લભભાઈ આરામ ખુરશીમાં પડયા પડયા ખાજુમાં પડેલા રબ્બરની લાંબી નેહવાળા હુક્કો ગગડાવી રહ્યા હતા . ખારસદ , તાલુકાનું મુખ્ય ગામ પણુ મુંબઈ કે અમદાવાદ જેવાં મોટાં શહેરાને મુકાબલે ગામડા જેવું ગણાય . ઍક્સિનું બધું નિચર ફૅશનેબલ કે ફૅન્સી નહોતું પણ ખારસદના પ્રમાણમાં સારું હતું , અને સુન્નડ રીતે ટાપટીપથી ગાઠવેલું હતું . આખા ઓરડા ઢંકાય એવી જાજમ સાક્ અને જરા પણ કરચલી વિનાની પાથરેલી હતી . વકીલસાહેબના ટેબલની સામે થાડી ખુરશી ગાઠવેલી હતી . તે ઉપરાંત ગાદીતકિયાની પણ બેઠક હતી . ગાદીની ચાદર અને તકિયાને ગલેક્ બગલાની પાંખ જેવાં સફેદ હતાં . ટેબલ તથા બધી ખુરશીઓ પાલિશ્ડ અને સ્વચ્છ હતાં . કબાટમાં ચોપડી અને કાઈ લે ખરાખર ગેવીને મૂકેલાં હતાં . આખા ઓરડામાં ખૂણેખાંચરે કાંય પણ ધૂળ કે કચરાનું નામ ન હતું . ખારીબારણાં બધું સાક્ ઝાપટેલું હતું . તમામ વસ્તુઓ સાફ અને ચળકતી હતી . સિમાં કશું ભભકાવાળું ન હતું પણ જે કાંઈ હતું તે બધું પોતાને સ્થાને બરાબર ગાવેલું હતું .",
                "lines": [
                    "પોતાની કિસમાં ત્રીસેક વર્ષની વયના વકીલ વલ્લભભાઈ આરામ ખુરશીમાં પડયા પડયા ખાજુમાં પડેલા રબ્બરની લાંબી નેહવાળા હુક્કો ગગડાવી રહ્યા હતા . ખારસદ , તાલુકાનું મુખ્ય ગામ પણુ મુંબઈ કે અમદાવાદ જેવાં મોટાં શહેરાને મુકાબલે ગામડા જેવું ગણાય . ઍક્સિનું બધું નિચર ફૅશનેબલ કે ફૅન્સી નહોતું પણ ખારસદના પ્રમાણમાં સારું હતું , અને સુન્નડ રીતે ટાપટીપથી ગાઠવેલું હતું . આખા ઓરડા ઢંકાય એવી જાજમ સાક્ અને જરા પણ કરચલી વિનાની પાથરેલી હતી . વકીલસાહેબના ટેબલની સામે થાડી ખુરશી ગાઠવેલી હતી . તે ઉપરાંત ગાદીતકિયાની પણ બેઠક હતી . ગાદીની ચાદર અને તકિયાને ગલેક્ બગલાની પાંખ જેવાં સફેદ હતાં . ટેબલ તથા બધી ખુરશીઓ પાલિશ્ડ અને સ્વચ્છ હતાં . કબાટમાં ચોપડી અને કાઈ લે ખરાખર ગેવીને મૂકેલાં હતાં . આખા ઓરડામાં ખૂણેખાંચરે કાંય પણ ધૂળ કે કચરાનું નામ ન હતું . ખારીબારણાં બધું સાક્ ઝાપટેલું હતું . તમામ વસ્તુઓ સાફ અને ચળકતી હતી . સિમાં કશું ભભકાવાળું ન હતું પણ જે કાંઈ હતું તે બધું પોતાને સ્થાને બરાબર ગાવેલું હતું ."
                ]
            },
            {
                "block_text": "એક વૃદ્ધ પણ તંદુરસ્ત અને કસાયેલા શરીરવાળા ટટ્ટાર પુરુષ દાદર ચઢીને ઉપર આવ્યા . તદ્દન સફેદ , પોશાક તેમણે પહેરેલો હતો . ધોતિયું , પહેરણુ , ખેસ અને પાઘડી પણુ સફેદ . બધાં જ કપડાં ઊજળાં દૂધ જેવાં હતાં .",
                "lines": [
                    "એક વૃદ્ધ પણ તંદુરસ્ત અને કસાયેલા શરીરવાળા ટટ્ટાર પુરુષ દાદર ચઢીને ઉપર આવ્યા . તદ્દન સફેદ , પોશાક તેમણે પહેરેલો હતો . ધોતિયું , પહેરણુ , ખેસ અને પાઘડી પણુ સફેદ . બધાં જ કપડાં ઊજળાં દૂધ જેવાં હતાં ."
                ]
            },
            {
                "block_text": "એમને જોતાં જ મેાંમાંથી હુક્કાની નેહ કાઢી નાખી વલ્લભભાઈ ઊભા થઈ ગયા અને મેલ્યા : “ મોટાકાકા , તમે કયાંથી ? ”",
                "lines": [
                    "એમને જોતાં જ મેાંમાંથી હુક્કાની નેહ કાઢી નાખી વલ્લભભાઈ ઊભા થઈ ગયા અને મેલ્યા : “ મોટાકાકા , તમે કયાંથી ? ”"
                ]
            },
            {
                "block_text": "“ ભાઈ , તારું કામ પડયુ છે તેથી જ આવ્યો ને . ”",
                "lines": [
                    "“ ભાઈ , તારું કામ પડયુ છે તેથી જ આવ્યો ને . ”"
                ]
            },
            {
                "block_text": "' '",
                "lines": [
                    "' '"
                ]
            },
            {
                "block_text": "“ પણ મને કહેવડાવવું હતું ને ? હું કરમસદ આવી જાત . લાડબાઈ ને",
                "lines": [
                    "“ પણ મને કહેવડાવવું હતું ને ? હું કરમસદ આવી જાત . લાડબાઈ ને"
                ]
            },
            {
                "block_text": "' '",
                "lines": [
                    "' '"
                ]
            },
            {
                "block_text": "પણ માત . ”",
                "lines": [
                    "પણ માત . ”"
                ]
            },
            {
                "block_text": "“ પણ કામ એરસદમાં છે એટલે તને ત્યાં ખેલાવીને શું કરું ? ”",
                "lines": [
                    "“ પણ કામ એરસદમાં છે એટલે તને ત્યાં ખેલાવીને શું કરું ? ”"
                ]
            },
            {
                "block_text": "એવું શું કામ છે ? ”",
                "lines": [
                    "એવું શું કામ છે ? ”"
                ]
            },
            {
                "block_text": "ર",
                "lines": [
                    "ર"
                ]
            },
            {
                "block_text": "આખા જિલ્લામાં તારી હાક વાગે અને આપણા મહારાજ ઉપર વારટ નીકળે એ કાંઈ ઠીક કહેવાય ? તું બેઠા છતાં મહારાજને પોલીસ પકડી શકે ? ”",
                "lines": [
                    "આખા જિલ્લામાં તારી હાક વાગે અને આપણા મહારાજ ઉપર વારટ નીકળે એ કાંઈ ઠીક કહેવાય ? તું બેઠા છતાં મહારાજને પોલીસ પકડી શકે ? ”"
                ]
            },
            {
                "block_text": "8",
                "lines": [
                    "8"
                ]
            }
        ]
    }
}