{
    "page_number": 18,
    "ocr_output": {
        "blocks": [
            {
                "block_text": "૩",
                "lines": [
                    "૩"
                ]
            },
            {
                "block_text": "વકીલાત",
                "lines": [
                    "વકીલાત"
                ]
            },
            {
                "block_text": "સરદારે વકીલાતની શરૂઆત ગોધરામાં કરી . નિડયાદમાં મેટા મેટા વકીલોએ પેાતાની સાથે રહીને વકીલાત કરવા એમને નાતરેલા . પેલા ડુંગરભાઈ મૂળજીભાઈ તા સરકારી વકીલ હતા . તેમણે પોતાની સાથે રહી વકીલાત કરવા ખૂબ જ આગ્રહ કર્યો પણ એમણે સ્વતંત્ર રહેવાની ખાતર ગોધરાનું નાનકડું ક્ષેત્ર પસંદ કર્યુ ” . ગોધરા પસંદ કરવાનું એક ખીજું કારણ એ પણ લાગે છે કે વિઠ્ઠલભાઈ ૧૮૯૫ માં વકીલ થયા પછી ગાધરામાં જ વકીલાત કરતા હતા અને થોડા વખત પહેલાં જ ખારસદ ગયા હતા , એટલે એમની ઓળખાણુના અને લાગવગને લાભ મળે . વિઠ્ઠલભાઈ એ તેા પેાતાની સાથે ખારસદ રહેવાના જ આગ્રહ કર્યાં હતા . પણુ ખીજાની છાયા નીચે રહેવાથી માણસની પોતાની શક્તિ પૂરેપૂરી ખીલી શકતી નથી એ વિચારના હોવાથી સરદારે પોતાના જ પગ પર ઊભા રહેવાને નિણ્ય કર્યાં . ગેધરે ગયા ત્યારે એમની પાસે કાંઈ જ સાધન નહોતું . ઘર માંડવા માટે જોઇતાં વાસણુ ¥ સણુ અને ખીજી ' રાચરચીલું પણુ સસ્તુ મળે માટે નિડયાદની ગુજરીમાંથી અને તેમ દેવું કરીને ખરીદેલુ આમ જીવનની શરૂઆત બહુ સાચમાં કરી .",
                "lines": [
                    "સરદારે વકીલાતની શરૂઆત ગોધરામાં કરી . નિડયાદમાં મેટા મેટા વકીલોએ પેાતાની સાથે રહીને વકીલાત કરવા એમને નાતરેલા . પેલા ડુંગરભાઈ મૂળજીભાઈ તા સરકારી વકીલ હતા . તેમણે પોતાની સાથે રહી વકીલાત કરવા ખૂબ જ આગ્રહ કર્યો પણ એમણે સ્વતંત્ર રહેવાની ખાતર ગોધરાનું નાનકડું ક્ષેત્ર પસંદ કર્યુ ” . ગોધરા પસંદ કરવાનું એક ખીજું કારણ એ પણ લાગે છે કે વિઠ્ઠલભાઈ ૧૮૯૫ માં વકીલ થયા પછી ગાધરામાં જ વકીલાત કરતા હતા અને થોડા વખત પહેલાં જ ખારસદ ગયા હતા , એટલે એમની ઓળખાણુના અને લાગવગને લાભ મળે . વિઠ્ઠલભાઈ એ તેા પેાતાની સાથે ખારસદ રહેવાના જ આગ્રહ કર્યાં હતા . પણુ ખીજાની છાયા નીચે રહેવાથી માણસની પોતાની શક્તિ પૂરેપૂરી ખીલી શકતી નથી એ વિચારના હોવાથી સરદારે પોતાના જ પગ પર ઊભા રહેવાને નિણ્ય કર્યાં . ગેધરે ગયા ત્યારે એમની પાસે કાંઈ જ સાધન નહોતું . ઘર માંડવા માટે જોઇતાં વાસણુ ¥ સણુ અને ખીજી ' રાચરચીલું પણુ સસ્તુ મળે માટે નિડયાદની ગુજરીમાંથી અને તેમ દેવું કરીને ખરીદેલુ આમ જીવનની શરૂઆત બહુ સાચમાં કરી ."
                ]
            },
            {
                "block_text": "ગોધરાના નિવાસ વખતનું એક સ્મરણ નોંધવા જેવું છે . સરદાર ગોધરા ગયા તે અરસામાં જ ત્યાં ખૂબ પ્લેગ ચાલ્યા . તેમાં  ાના નાજર જે પોતાના સ્નેહી હતા તેમને દીકરો સપડાયા . સરદાર તેની સારવારમાં પડચા પણુ દરદી બચ્યા નહીં . દરદીને સ્મશાને મૂકી આવીને પોતે પ્લેગમાં પટકાયા . મેટી ગાંઠ નીકળી . સરદાર ગભરાયા વિના પત્નીની સાથે ગાડીએ બેઠા . આણંદ આવીને પત્નીને કહે : તમે જાએ કરમસદ . હું નડિયાદ જાઉં છું . ત્યાં સાજો થઈ જઈશ . ” પ્લેગમાં પડેલા પતિને છેડીને જવાની કઈ પત્નીની હિંમત ચાલે ? પણ પત્નીને જવાના આગ્રહ કરવાની અને માકલી દેવાની સરદારની હિ'મત ચાલી . નિડયાદમાં રહીને પોતે સાજા થયા .",
                "lines": [
                    "ગોધરાના નિવાસ વખતનું એક સ્મરણ નોંધવા જેવું છે . સરદાર ગોધરા ગયા તે અરસામાં જ ત્યાં ખૂબ પ્લેગ ચાલ્યા . તેમાં  ાના નાજર જે પોતાના સ્નેહી હતા તેમને દીકરો સપડાયા . સરદાર તેની સારવારમાં પડચા પણુ દરદી બચ્યા નહીં . દરદીને સ્મશાને મૂકી આવીને પોતે પ્લેગમાં પટકાયા . મેટી ગાંઠ નીકળી . સરદાર ગભરાયા વિના પત્નીની સાથે ગાડીએ બેઠા . આણંદ આવીને પત્નીને કહે : તમે જાએ કરમસદ . હું નડિયાદ જાઉં છું . ત્યાં સાજો થઈ જઈશ . ” પ્લેગમાં પડેલા પતિને છેડીને જવાની કઈ પત્નીની હિંમત ચાલે ? પણ પત્નીને જવાના આગ્રહ કરવાની અને માકલી દેવાની સરદારની હિ'મત ચાલી . નિડયાદમાં રહીને પોતે સાજા થયા ."
                ]
            },
            {
                "block_text": "ગાધરામાં એ જ વર્ષ રહીને ૧૯૦૨ માં ખેારસદ આવી ગયા . જલદી એરસદ જવાનું મુખ્ય કારણ તે એ હતું કે ખેરસદના સ્થાનિક અમલદારો સાથે વિઠ્ઠલભાઈ ને ભારે ખટપટ ઊભી થયેલી . ખેરસદના મુખ્ય અમલદારોમાં રેસિડેન્ટ ફર્સ્ટક્લાસ મૅજિસ્ટ્રેટ , મામલતદાર તથા ક્ર્સ્ટક્લાસ સમ જજ એટલા",
                "lines": [
                    "ગાધરામાં એ જ વર્ષ રહીને ૧૯૦૨ માં ખેારસદ આવી ગયા . જલદી એરસદ જવાનું મુખ્ય કારણ તે એ હતું કે ખેરસદના સ્થાનિક અમલદારો સાથે વિઠ્ઠલભાઈ ને ભારે ખટપટ ઊભી થયેલી . ખેરસદના મુખ્ય અમલદારોમાં રેસિડેન્ટ ફર્સ્ટક્લાસ મૅજિસ્ટ્રેટ , મામલતદાર તથા ક્ર્સ્ટક્લાસ સમ જજ એટલા"
                ]
            },
            {
                "block_text": "૧૮ .",
                "lines": [
                    "૧૮ ."
                ]
            }
        ]
    }
}