{
    "page_number": 20,
    "ocr_output": {
        "blocks": [
            {
                "block_text": "સરદાર વલ્લભભાઈ",
                "lines": [
                    "સરદાર વલ્લભભાઈ"
                ]
            },
            {
                "block_text": "૨૦",
                "lines": [
                    "૨૦"
                ]
            },
            {
                "block_text": "આદ જિલ્લાનું મધ્ય સ્થળ હોવાથી આખા જિલ્લાના કૈસ ત્યાં ચલાવવામાં સાક્ષીઓને પણુ જવા આવવાની અનુકૂળતા થશે . આ ઉપરથી કા આણંદ ખસેડવામાં આવી . સરદાર પણુ પોતાના મુકામ ખારસથી ઉપાડી આણુંદ લઈ ગયા . પરિણામ એ આવ્યું કે જિલ્લાના ઘણા કેસ છૂટી જવા લાગ્યા . આખરે એક વર્ષમાં થાકીને કાટ પાછી રસદ લઈ જવામાં આવી .",
                "lines": [
                    "આદ જિલ્લાનું મધ્ય સ્થળ હોવાથી આખા જિલ્લાના કૈસ ત્યાં ચલાવવામાં સાક્ષીઓને પણુ જવા આવવાની અનુકૂળતા થશે . આ ઉપરથી કા આણંદ ખસેડવામાં આવી . સરદાર પણુ પોતાના મુકામ ખારસથી ઉપાડી આણુંદ લઈ ગયા . પરિણામ એ આવ્યું કે જિલ્લાના ઘણા કેસ છૂટી જવા લાગ્યા . આખરે એક વર્ષમાં થાકીને કાટ પાછી રસદ લઈ જવામાં આવી ."
                ]
            },
            {
                "block_text": "સરદારની વકીલાતમાં કાયદાની ખારીકીઓની ઝીણી ઋણુાવટના કરતાં તેમનું ઊંડું વ્યવહારજ્ઞાન , માનવસ્વભાવની સૂક્ષ્મ પારખ , સાક્ષીની ઊલટતપાસની અજ્બ કુનેહ અને પુરાવાને ગુવાની ભારે શક્તિ , એ ગુણેાએ વધારે ભાગ લીધા છે . દીવાની કેસ તા તે ભાગ્યે જ લેતા . એવિષે પૂછતાં તેમણે કહેલું : “ થોડા વખતમાં વધારેમાં વધારે કમાઈ શકાય એવા જ પ્રુસો હું લેતા , દીવાની કૈસો બહુ ઓછા અને તે પણ જેમાં કાયદાની ગલીકૂચીમાં ઊતરવાનું હોય તેવા ન લઉં , પણુ પુરાવાની સામે પુરાવા રજૂ કરવાના હોય અથવા સામા પક્ષના આખા પુરાવા ઉડાવી દેવાના હોય તેવા જ કૈસા લેતા . ” ફોજદારી વકીલ તરીકે તેમની પ્રતિષ્ઠા ખૂબ જામી અને થાડા જ વખતમાં આખા ખેડા જિલ્લામાં તેમની હાક વાગતી થઈ . ધણા ફોજદારી વકીલા , મૅજિસ્ટ્રેટના મિજાજ સાચવીને તથા પોલીસ અધિકારીઓ સાથે દસ્તી રાખીને પોતાનું કામ ચલાવે છે . પણ સરદારની એ રીત નહાતી . મૅજિસ્ટ્રેટની કે પોલીસ અધિકારીઓની રજ પણ મુરબ્બત તે કદી રાખતા નહીં . પોતાના ક્રેસની ઝીણામાં ઝીણી વિગતના પાકા અભ્યાસ કરી , ફરિયાદ પક્ષના નબળા મુદ્દા શોધી કાઢી ઉધાડા પાડવામાં તથા ફરિયાદ પક્ષે ઊભા કરેલા સાક્ષીઓને ઊલટતપાસમાં તોડી પાડવામાં તેમની ખૂબી રહેતી . આ કામ એટલી સુંદર રીતે તેઓ કરતા કે પુરાવા લેવાઈ રહ્યા પછી તેમને ઝાઝુ દલીલ કરવાપણું પણ રહેતું નહીં . કાટ'માં તેમનાં દલીલનાં ભાષણુ ખીજા વકીલોને મુકાબલે બહુ ટૂંકાં , સીધાં અને મુદ્દાસર થતાં . પ્રજાને ત્રાસ આપનારા પોલીસ અધિકારી તથા વકીલોનું અપમાન કરનારા અને તેમને ધમકાવનારા મૅજિસ્ટ્રેટને તેઓ પાંશરાદેર રાખતા . સરદાર જે ક્રેસમાં વકીલ તરીકે આવે તેમાં કૈાને તેમ જ ફરિયાદ પક્ષના વકીલને બહુ સાવધ રહેવુ પડતું .",
                "lines": [
                    "સરદારની વકીલાતમાં કાયદાની ખારીકીઓની ઝીણી ઋણુાવટના કરતાં તેમનું ઊંડું વ્યવહારજ્ઞાન , માનવસ્વભાવની સૂક્ષ્મ પારખ , સાક્ષીની ઊલટતપાસની અજ્બ કુનેહ અને પુરાવાને ગુવાની ભારે શક્તિ , એ ગુણેાએ વધારે ભાગ લીધા છે . દીવાની કેસ તા તે ભાગ્યે જ લેતા . એવિષે પૂછતાં તેમણે કહેલું : “ થોડા વખતમાં વધારેમાં વધારે કમાઈ શકાય એવા જ પ્રુસો હું લેતા , દીવાની કૈસો બહુ ઓછા અને તે પણ જેમાં કાયદાની ગલીકૂચીમાં ઊતરવાનું હોય તેવા ન લઉં , પણુ પુરાવાની સામે પુરાવા રજૂ કરવાના હોય અથવા સામા પક્ષના આખા પુરાવા ઉડાવી દેવાના હોય તેવા જ કૈસા લેતા . ” ફોજદારી વકીલ તરીકે તેમની પ્રતિષ્ઠા ખૂબ જામી અને થાડા જ વખતમાં આખા ખેડા જિલ્લામાં તેમની હાક વાગતી થઈ . ધણા ફોજદારી વકીલા , મૅજિસ્ટ્રેટના મિજાજ સાચવીને તથા પોલીસ અધિકારીઓ સાથે દસ્તી રાખીને પોતાનું કામ ચલાવે છે . પણ સરદારની એ રીત નહાતી . મૅજિસ્ટ્રેટની કે પોલીસ અધિકારીઓની રજ પણ મુરબ્બત તે કદી રાખતા નહીં . પોતાના ક્રેસની ઝીણામાં ઝીણી વિગતના પાકા અભ્યાસ કરી , ફરિયાદ પક્ષના નબળા મુદ્દા શોધી કાઢી ઉધાડા પાડવામાં તથા ફરિયાદ પક્ષે ઊભા કરેલા સાક્ષીઓને ઊલટતપાસમાં તોડી પાડવામાં તેમની ખૂબી રહેતી . આ કામ એટલી સુંદર રીતે તેઓ કરતા કે પુરાવા લેવાઈ રહ્યા પછી તેમને ઝાઝુ દલીલ કરવાપણું પણ રહેતું નહીં . કાટ'માં તેમનાં દલીલનાં ભાષણુ ખીજા વકીલોને મુકાબલે બહુ ટૂંકાં , સીધાં અને મુદ્દાસર થતાં . પ્રજાને ત્રાસ આપનારા પોલીસ અધિકારી તથા વકીલોનું અપમાન કરનારા અને તેમને ધમકાવનારા મૅજિસ્ટ્રેટને તેઓ પાંશરાદેર રાખતા . સરદાર જે ક્રેસમાં વકીલ તરીકે આવે તેમાં કૈાને તેમ જ ફરિયાદ પક્ષના વકીલને બહુ સાવધ રહેવુ પડતું ."
                ]
            },
            {
                "block_text": "રસદ આવ્યા પછી ત્રણ જ વર્ષમાં વિલાયત જવાના પૈસા પાસે થઈ ગયા એટલે જવાની તૈયારી કરવા માંડી . પહેલાં તે વિલાયત જવાના એક મનારથ જ હતા પણ હવે તે ખીજાં એક સંગીન કારણુ પણ મળ્યું . ભારે કૈસામાં જ્યાં અસીલ પૈસાપાત્ર હોય ત્યાં એ સરદારને વકીલ કરે તેાપણુ મનમાં અધીરાઈ રહે તેથી અમદાવાદથી બૅરિસ્ટર લઈ આવે . મૅજિસ્ટ્રેટાની સામે",
                "lines": [
                    "રસદ આવ્યા પછી ત્રણ જ વર્ષમાં વિલાયત જવાના પૈસા પાસે થઈ ગયા એટલે જવાની તૈયારી કરવા માંડી . પહેલાં તે વિલાયત જવાના એક મનારથ જ હતા પણ હવે તે ખીજાં એક સંગીન કારણુ પણ મળ્યું . ભારે કૈસામાં જ્યાં અસીલ પૈસાપાત્ર હોય ત્યાં એ સરદારને વકીલ કરે તેાપણુ મનમાં અધીરાઈ રહે તેથી અમદાવાદથી બૅરિસ્ટર લઈ આવે . મૅજિસ્ટ્રેટાની સામે"
                ]
            }
        ]
    }
}