{
    "page_number": 19,
    "ocr_output": {
        "blocks": [
            {
                "block_text": "વકીલાત",
                "lines": [
                    "વકીલાત"
                ]
            },
            {
                "block_text": "૧૯",
                "lines": [
                    "૧૯"
                ]
            },
            {
                "block_text": "હતા . આ ત્રણે વિઠ્ઠલભાઈ સાથે દુશ્મનાવટ રાખતા , કારણ પહેલાંના સમ જજ ઉપર રુશવતા લીધા ખાખત તપાસ કરવા માટે વિઠ્ઠલભાઈ એ કમિશન નિમાવરાવ્યું હતું અને એની સામે આખા કૈસ ચલાવી એને બરતરફ કરાવ્યો હતો . એટલે વિઠ્ઠલભાઈની વિરુદ્ધ કાંઈ પણ મળી આવે તે આ લેાકા વેર લેવા માગતા હતા . ખારસથી ધણા વકીલેાના કાગળા આવતા તે ઉપરથી સરદારને આ વાતની ખબર પડી . પોતે ખારસદમાં હોય તો વિઠ્ઠલભાઈ ને મદદરૂપ થવાય એ હેતુથી તેઓએ પોતાના મુકામ એકદમ ખેરસદ ફેરબ્યા .",
                "lines": [
                    "હતા . આ ત્રણે વિઠ્ઠલભાઈ સાથે દુશ્મનાવટ રાખતા , કારણ પહેલાંના સમ જજ ઉપર રુશવતા લીધા ખાખત તપાસ કરવા માટે વિઠ્ઠલભાઈ એ કમિશન નિમાવરાવ્યું હતું અને એની સામે આખા કૈસ ચલાવી એને બરતરફ કરાવ્યો હતો . એટલે વિઠ્ઠલભાઈની વિરુદ્ધ કાંઈ પણ મળી આવે તે આ લેાકા વેર લેવા માગતા હતા . ખારસથી ધણા વકીલેાના કાગળા આવતા તે ઉપરથી સરદારને આ વાતની ખબર પડી . પોતે ખારસદમાં હોય તો વિઠ્ઠલભાઈ ને મદદરૂપ થવાય એ હેતુથી તેઓએ પોતાના મુકામ એકદમ ખેરસદ ફેરબ્યા ."
                ]
            },
            {
                "block_text": "ખેરસદમાં સરદાર જુદુ મકાન રાખીને રહેવા લાગ્યા . બહારના ધો દેખાવ અને વહેવાર એવા રાખતા હતા કે બધા અમલદારા એમ માનવા લાગ્યા કે એ ભાઈઓને ખનતું જ નથી . કાઈ કાઈ કેસમાં એઉ સામસામા ઊભા રહેતા ત્યારે તે લેાકાને ખૂબ જ રસ પડતો . સરદારે થાડા જ વખતમાં સઘળા અમલદારો ઉપર સારો પ્રભાવ પાડ્યો . સરદાર પાસેના એક કેસમાં મામલતદાર બરાબર ભેરવાયા હતા અને રેસિડેન્ટ એંજિસ્ટ્રેટ એના મિત્ર હોઈ એને બચાવવા ઇચ્છતો હતો . એટલે અમલદારાને સરદારને શરણે ગયા વિના છૂટા નહોતા . પણ સરદારે માન્યું નહીં એટલે એમને વિઠ્ઠલભાઈની મદદ લેવી પડી . વિઠ્ઠલભાઈ એ ભલામણ કરી ત્યારે એમની વિરુદ્ધ અમલદારો જે ખટપટ અને કાવતરાં કરતા હતા એ બધાની આગળ ખુલ્લાં કરી વિઠ્ઠલભાઈને વિરોધ છેડી દેવાનું સરદારે અમલદારોને સમજાવ્યું અને બન્ને વચ્ચે મિત્રાચારી કરાવી તથા મામલતદાર ઉપર ઘેરાયેલું વાદળ પણ દૂર કરાવ્યું . સરદાર પાસેના કૅસની વિગતા આ જ પ્રકરણમાં આગળ એમની વકીલાતના પ્રસંગે આપ્યા છે તેમાં આપેલી છે .",
                "lines": [
                    "ખેરસદમાં સરદાર જુદુ મકાન રાખીને રહેવા લાગ્યા . બહારના ધો દેખાવ અને વહેવાર એવા રાખતા હતા કે બધા અમલદારા એમ માનવા લાગ્યા કે એ ભાઈઓને ખનતું જ નથી . કાઈ કાઈ કેસમાં એઉ સામસામા ઊભા રહેતા ત્યારે તે લેાકાને ખૂબ જ રસ પડતો . સરદારે થાડા જ વખતમાં સઘળા અમલદારો ઉપર સારો પ્રભાવ પાડ્યો . સરદાર પાસેના એક કેસમાં મામલતદાર બરાબર ભેરવાયા હતા અને રેસિડેન્ટ એંજિસ્ટ્રેટ એના મિત્ર હોઈ એને બચાવવા ઇચ્છતો હતો . એટલે અમલદારાને સરદારને શરણે ગયા વિના છૂટા નહોતા . પણ સરદારે માન્યું નહીં એટલે એમને વિઠ્ઠલભાઈની મદદ લેવી પડી . વિઠ્ઠલભાઈ એ ભલામણ કરી ત્યારે એમની વિરુદ્ધ અમલદારો જે ખટપટ અને કાવતરાં કરતા હતા એ બધાની આગળ ખુલ્લાં કરી વિઠ્ઠલભાઈને વિરોધ છેડી દેવાનું સરદારે અમલદારોને સમજાવ્યું અને બન્ને વચ્ચે મિત્રાચારી કરાવી તથા મામલતદાર ઉપર ઘેરાયેલું વાદળ પણ દૂર કરાવ્યું . સરદાર પાસેના કૅસની વિગતા આ જ પ્રકરણમાં આગળ એમની વકીલાતના પ્રસંગે આપ્યા છે તેમાં આપેલી છે ."
                ]
            },
            {
                "block_text": "એરસદમાં થેાડા જ વખતમાં વકીલાતમાં સરદારની પ્રતિષ્ઠા ખૂબ જામી ગઈ અને કમાણી પણ સારી થવા માંડી . આખા મુંબઈ ઇલાકામાં સૌથી વધારે ફેાજદારી ગુના ખેડા જિલ્લામાં થતા હતા અને જિલ્લામાં સૌથી વધારે ખારસદ તાલુકામાં થતા હતા . તેથી સરકારે આ તાલુકામાં એક ખાસ રેસિડેન્ટ ક્સ્ટ ક્લાસ મૅજિસ્ટ્રેટની નિમણૂક કરી , જેતે પહેલા વના સે । ચલાવવા સિવાય બીજું કંઈ કામ કરવાનું ન હતું . આ કાટ'માં અગત્યના કૈસે ચલાવવા માટે અમદાવાદના સરકારી વકીલને સરકાર તરફથી રોકવામાં આવતા હતા . બચાવ પક્ષે લગભગ દરેક કેસમાં સરદારને રોકવામાં આવતા હતા . બધા કૈસામાં આરોપીએ છૂટી જવા માંડયા એટલે પેલા સરકારી વકીલ અને પોલીસ અમલદારો મૂંઝાયા . સરકારે પણ એમને ખુલાસા માગ્યા . એ લેાકાએ રિપોટ કર્યાં કે જ્યાં સુધી અહીં વલ્લભભાઈ વકીલ છે ત્યાં સુધી અહીં કેસે છૂટી જવાના પૂરેપૂરા સભવ છે . માટે આ કાટ અહીંથી ખસેડી આણુંદ લઈ જવી જોઈ એ .",
                "lines": [
                    "એરસદમાં થેાડા જ વખતમાં વકીલાતમાં સરદારની પ્રતિષ્ઠા ખૂબ જામી ગઈ અને કમાણી પણ સારી થવા માંડી . આખા મુંબઈ ઇલાકામાં સૌથી વધારે ફેાજદારી ગુના ખેડા જિલ્લામાં થતા હતા અને જિલ્લામાં સૌથી વધારે ખારસદ તાલુકામાં થતા હતા . તેથી સરકારે આ તાલુકામાં એક ખાસ રેસિડેન્ટ ક્સ્ટ ક્લાસ મૅજિસ્ટ્રેટની નિમણૂક કરી , જેતે પહેલા વના સે । ચલાવવા સિવાય બીજું કંઈ કામ કરવાનું ન હતું . આ કાટ'માં અગત્યના કૈસે ચલાવવા માટે અમદાવાદના સરકારી વકીલને સરકાર તરફથી રોકવામાં આવતા હતા . બચાવ પક્ષે લગભગ દરેક કેસમાં સરદારને રોકવામાં આવતા હતા . બધા કૈસામાં આરોપીએ છૂટી જવા માંડયા એટલે પેલા સરકારી વકીલ અને પોલીસ અમલદારો મૂંઝાયા . સરકારે પણ એમને ખુલાસા માગ્યા . એ લેાકાએ રિપોટ કર્યાં કે જ્યાં સુધી અહીં વલ્લભભાઈ વકીલ છે ત્યાં સુધી અહીં કેસે છૂટી જવાના પૂરેપૂરા સભવ છે . માટે આ કાટ અહીંથી ખસેડી આણુંદ લઈ જવી જોઈ એ ."
                ]
            }
        ]
    }
}