{
    "page_number": 10,
    "ocr_output": {
        "blocks": [
            {
                "block_text": "૧",
                "lines": [
                    "૧"
                ]
            },
            {
                "block_text": "ગામમાં માકલ્યા અને એમની સાથે કહેવડાવ્યુ … કે ‘ જીવુમાને કહેજો જે મહારાજે જયનારાયણ કહ્યા છે અને મહારાજ હવે નહીં જાય અને સાંજે ઘેર આવશે . માટે ભાત અહી ' પહોંચાડજો . ” આમ કહી તેમણે એચર ચાવડાને ઝટ જઈને પેાતાના સંદેશા પહાંચાડી આવવા માટે કહ્યું .",
                "lines": [
                    "ગામમાં માકલ્યા અને એમની સાથે કહેવડાવ્યુ … કે ‘ જીવુમાને કહેજો જે મહારાજે જયનારાયણ કહ્યા છે અને મહારાજ હવે નહીં જાય અને સાંજે ઘેર આવશે . માટે ભાત અહી ' પહોંચાડજો . ” આમ કહી તેમણે એચર ચાવડાને ઝટ જઈને પેાતાના સંદેશા પહાંચાડી આવવા માટે કહ્યું ."
                ]
            },
            {
                "block_text": "પછી શ્રીજી મહારાજે દાતણ કરીને એક ખાટલા ઉપર બેસીને સ્નાન કર્યું . ખેતરમાં લીલા ચણા થયા હતા તે લેવા માટે તેમણે સાધુને મેકલ્યા . સાધુ ચણા લઈ આવ્યા ત્યારે તેમણે રાધા માગમાંથી રીંગણાં મંગાવ્યાં . ગામમાંથી ઘી મગાવ્યું અને પછી શ્રીજી મહારાજે રાણ પરને મસાલે । નાંખી શાક બનાવ્યું અને કહ્યું : “ આપણા જેટલા માણસ હોય તેટલી તાંસળીઓ લાવા અને પતર લાવે . ” પરમહંસ પતર લઈ આવ્યા . ત્યાં તે ભેાજન આવ્યું અને એની સાથે સહુને માટે વાસણા પણુ લાવવામાં આવ્યાં હતાં .",
                "lines": [
                    "પછી શ્રીજી મહારાજે દાતણ કરીને એક ખાટલા ઉપર બેસીને સ્નાન કર્યું . ખેતરમાં લીલા ચણા થયા હતા તે લેવા માટે તેમણે સાધુને મેકલ્યા . સાધુ ચણા લઈ આવ્યા ત્યારે તેમણે રાધા માગમાંથી રીંગણાં મંગાવ્યાં . ગામમાંથી ઘી મગાવ્યું અને પછી શ્રીજી મહારાજે રાણ પરને મસાલે । નાંખી શાક બનાવ્યું અને કહ્યું : “ આપણા જેટલા માણસ હોય તેટલી તાંસળીઓ લાવા અને પતર લાવે . ” પરમહંસ પતર લઈ આવ્યા . ત્યાં તે ભેાજન આવ્યું અને એની સાથે સહુને માટે વાસણા પણુ લાવવામાં આવ્યાં હતાં ."
                ]
            },
            {
                "block_text": "શ્રીજી મહારાજ કહે : “ આજે તે ગેાવાળાની મડળીની માફક સહુ ક્રૂરતા બેસા . ’ ” આ સમયે ભેજનની બધી સામગ્રી જોઈ શ્રીજી મહારાજ ખુશ થયા . તેમણે સહુને ખીરજ આપ્યા અને પેાતે પણ તે થાડાક જમ્યા . પછી તેએ બાજરાના રોટલા અને શાક જમતા જાય અને સહુને પ્રસાદી આપતા જાય અને વખાણુ કરતા જાય .",
                "lines": [
                    "શ્રીજી મહારાજ કહે : “ આજે તે ગેાવાળાની મડળીની માફક સહુ ક્રૂરતા બેસા . ’ ” આ સમયે ભેજનની બધી સામગ્રી જોઈ શ્રીજી મહારાજ ખુશ થયા . તેમણે સહુને ખીરજ આપ્યા અને પેાતે પણ તે થાડાક જમ્યા . પછી તેએ બાજરાના રોટલા અને શાક જમતા જાય અને સહુને પ્રસાદી આપતા જાય અને વખાણુ કરતા જાય ."
                ]
            },
            {
                "block_text": "બધા જમવા બેઠા પણ નાગાજણુ છેલ્લા બેઠેલા હતા તેને વાસણુ મળ્યું ન હતુ , એટલે તેણે શ્રીજી મહારાજને -",
                "lines": [
                    "બધા જમવા બેઠા પણ નાગાજણુ છેલ્લા બેઠેલા હતા તેને વાસણુ મળ્યું ન હતુ , એટલે તેણે શ્રીજી મહારાજને -"
                ]
            },
            {
                "block_text": ".",
                "lines": [
                    "."
                ]
            }
        ]
    }
}