{
    "page_number": 6,
    "ocr_output": {
        "blocks": [
            {
                "block_text": "૧૭",
                "lines": [
                    "૧૭"
                ]
            },
            {
                "block_text": "ત્યાં પહેાંચ્યાં . તેમણે ખડકીની સાંકળ ઉઘડાવી અને પછી અંદર જઈ ને શ્રીજી મહારાજને કહ્યું : ‘ “ દરખારગઢમાં પધારો . ” શ્રીજી મહારાજ કહે , “ આ પણ તમારા દરબારગઢ છે . ફોઈ ખલ્યાં , જો તમે નહીં પધારે તેા દાદા , આઇએ અને પા  ો એ એકેય દરબારમાં રહેશે નહી ' . ” શ્રીજી મહારાજ કહે , “ અમે સવારે આવીશું . ’ ’ ત્યારે બાઈએ કહે , “ અત્યારે અને અત્યારે ચાલે . ”",
                "lines": [
                    "ત્યાં પહેાંચ્યાં . તેમણે ખડકીની સાંકળ ઉઘડાવી અને પછી અંદર જઈ ને શ્રીજી મહારાજને કહ્યું : ‘ “ દરખારગઢમાં પધારો . ” શ્રીજી મહારાજ કહે , “ આ પણ તમારા દરબારગઢ છે . ફોઈ ખલ્યાં , જો તમે નહીં પધારે તેા દાદા , આઇએ અને પા  ો એ એકેય દરબારમાં રહેશે નહી ' . ” શ્રીજી મહારાજ કહે , “ અમે સવારે આવીશું . ’ ’ ત્યારે બાઈએ કહે , “ અત્યારે અને અત્યારે ચાલે . ”"
                ]
            },
            {
                "block_text": "શ્રીજી મહારાજ કહેઃ ‘ ચાલે ત્યારે , સામાન ઉપાડો ’ ’ ખડકીની બહાર બ્રહ્માનનૢ સ્વામી વગેરે સન્તા ઊભા હતા . તેઓ કહેઃ ચાલે , મહારાજના મનામણા થયા ખરા . હવે ચાલે ! આપણે આગળ . ” પછી શ્રીજી મહારાજે ફાનસ ચાલુ કરાવ્યુ . અને બધાની સાથે તેઓ દરખારગઢમાં પધાર્યાં અને થાળ જમીને , જળપાન કરીને પોઢી ગયા .",
                "lines": [
                    "શ્રીજી મહારાજ કહેઃ ‘ ચાલે ત્યારે , સામાન ઉપાડો ’ ’ ખડકીની બહાર બ્રહ્માનનૢ સ્વામી વગેરે સન્તા ઊભા હતા . તેઓ કહેઃ ચાલે , મહારાજના મનામણા થયા ખરા . હવે ચાલે ! આપણે આગળ . ” પછી શ્રીજી મહારાજે ફાનસ ચાલુ કરાવ્યુ . અને બધાની સાથે તેઓ દરખારગઢમાં પધાર્યાં અને થાળ જમીને , જળપાન કરીને પોઢી ગયા ."
                ]
            },
            {
                "block_text": "શ્રીજી મહારાજ સવારમાં વહેલા જાગ્યા અને નિત્ય- વિધિ પતાવી , વસ્ત્રો પહેરી , ઉગમણા ખારના એરડાની એરિએ ઢોલિયા ઉપર વિરાજ્યા ત્યારે સંતે , સત્સંગીઓ પણ પ્રણામ કરીને તેમની આગળ બેઠા . આ સમયે બ્રહ્માન  ંદ સ્વામીએ પદ ગાયુ કે :",
                "lines": [
                    "શ્રીજી મહારાજ સવારમાં વહેલા જાગ્યા અને નિત્ય- વિધિ પતાવી , વસ્ત્રો પહેરી , ઉગમણા ખારના એરડાની એરિએ ઢોલિયા ઉપર વિરાજ્યા ત્યારે સંતે , સત્સંગીઓ પણ પ્રણામ કરીને તેમની આગળ બેઠા . આ સમયે બ્રહ્માન  ંદ સ્વામીએ પદ ગાયુ કે :"
                ]
            },
            {
                "block_text": "જાશા ,",
                "lines": [
                    "જાશા ,"
                ]
            },
            {
                "block_text": "મથુરામાં",
                "lines": [
                    "મથુરામાં"
                ]
            },
            {
                "block_text": "સ",
                "lines": [
                    "સ"
                ]
            },
            {
                "block_text": "મ જાશે . ર",
                "lines": [
                    "મ જાશે . ર"
                ]
            },
            {
                "block_text": "હા મથુરામાં મ જાશેા . મથુરા નગરીની રે નારી ધૂતારી , વાલમ તેને વશ થાશેા .",
                "lines": [
                    "હા મથુરામાં મ જાશેા . મથુરા નગરીની રે નારી ધૂતારી , વાલમ તેને વશ થાશેા ."
                ]
            },
            {
                "block_text": "ટેક .",
                "lines": [
                    "ટેક ."
                ]
            },
            {
                "block_text": "સ . ૧",
                "lines": [
                    "સ . ૧"
                ]
            }
        ]
    }
}