{
    "page_number": 7,
    "ocr_output": {
        "blocks": [
            {
                "block_text": "૧૮",
                "lines": [
                    "૧૮"
                ]
            },
            {
                "block_text": "ગેોપીનાથ મટીને રે ગિરધર , કુબજાના નાથ કહેવાશે । મ . ૨ . બ્રહ્માનંદ કહે પરવશ થઈને , તેના તે સુખની ગાળ્યુ . ખાશેા . મ . ૪",
                "lines": [
                    "ગેોપીનાથ મટીને રે ગિરધર , કુબજાના નાથ કહેવાશે । મ . ૨ . બ્રહ્માનંદ કહે પરવશ થઈને , તેના તે સુખની ગાળ્યુ . ખાશેા . મ . ૪"
                ]
            },
            {
                "block_text": "આ પદ ગાયા બાદ સ . ગુ . બ્રહ્માનંદ સ્વામીએ શ્રીજી મહારાજને કહ્યું : “ મહારાજ , રાતે તમે આવતા હતા ત્યારે પાછળ આવતી બેઉ ખાઇએ રસ્તા ઉપરના ખાડામાં પડી અને ખેલી કે દાદો આટલે ખાડા પુરાવતા હાય તેા ? ”",
                "lines": [
                    "આ પદ ગાયા બાદ સ . ગુ . બ્રહ્માનંદ સ્વામીએ શ્રીજી મહારાજને કહ્યું : “ મહારાજ , રાતે તમે આવતા હતા ત્યારે પાછળ આવતી બેઉ ખાઇએ રસ્તા ઉપરના ખાડામાં પડી અને ખેલી કે દાદો આટલે ખાડા પુરાવતા હાય તેા ? ”"
                ]
            },
            {
                "block_text": "શ્રીજી મહારાજે કહ્યું : ‘ ત્યાં પાણીનું વહેણ છે . એટલે પથરા નાંખીને તે ખાડા પુરાવી દે . ” આમ કહી શ્રીજી મહારાજ થાળ જમવા પધાર્યા .",
                "lines": [
                    "શ્રીજી મહારાજે કહ્યું : ‘ ત્યાં પાણીનું વહેણ છે . એટલે પથરા નાંખીને તે ખાડા પુરાવી દે . ” આમ કહી શ્રીજી મહારાજ થાળ જમવા પધાર્યા ."
                ]
            },
            {
                "block_text": "એક સમયે શ્રી સ્વામિનારાયણ ભગવાન રીસાઇને મેઠા હતા . કાઇને ખેલાવે નહિ અને જમવા પણ ઊઠે નહિ .. આ વખતે સુરા ખાચર આવ્યા અને શ્રીજી મહારાજને પગે . લાગ્યા . પણ મહારાજ કાંઈ ખેલ્યા નહિ . આથી સુરા ખાચરને થયુ ' આજે મહારાજ રીસાયા લાગે છે .",
                "lines": [
                    "એક સમયે શ્રી સ્વામિનારાયણ ભગવાન રીસાઇને મેઠા હતા . કાઇને ખેલાવે નહિ અને જમવા પણ ઊઠે નહિ .. આ વખતે સુરા ખાચર આવ્યા અને શ્રીજી મહારાજને પગે . લાગ્યા . પણ મહારાજ કાંઈ ખેલ્યા નહિ . આથી સુરા ખાચરને થયુ ' આજે મહારાજ રીસાયા લાગે છે ."
                ]
            },
            {
                "block_text": "સુરા ખાચરે વાત ચાલુ કરી , ચારણના નેસડામાં . એક નાગા બાવા રહેતા હતા . ચારણુ તથા ચારણિયાણીએ હાથમાં ભેટ લઈને હુમેશાં તેનાં દર્શને આવે . એક દિવસ ચારણની સ્ત્રી ખાલી હાથે આવતી હતી . ખાવાએ તેને છેટેથી જોઈ અને ખાવા અવળા ફરી બેઠો . પછી તે ચારણિયાણી તેની સન્મુખ આવી એટલે વળી પાછા તે ફરી",
                "lines": [
                    "સુરા ખાચરે વાત ચાલુ કરી , ચારણના નેસડામાં . એક નાગા બાવા રહેતા હતા . ચારણુ તથા ચારણિયાણીએ હાથમાં ભેટ લઈને હુમેશાં તેનાં દર્શને આવે . એક દિવસ ચારણની સ્ત્રી ખાલી હાથે આવતી હતી . ખાવાએ તેને છેટેથી જોઈ અને ખાવા અવળા ફરી બેઠો . પછી તે ચારણિયાણી તેની સન્મુખ આવી એટલે વળી પાછા તે ફરી"
                ]
            }
        ]
    }
}