{
    "page_number": 3,
    "ocr_output": {
        "blocks": [
            {
                "block_text": "૧૪",
                "lines": [
                    "૧૪"
                ]
            },
            {
                "block_text": "આથી શ્રીજી મહારાજનુ હૃદય દયાથી ઊભરાયુ ' અને તે પાછા ફરવાના નિણ ય કયેર્યાં . અને ભાવથી તેએ દાદા ખાચરને ભેટયા અને મેલ્યાઃ “ અમે હવે તમારે ત્યાં નિરંતર રહીશુ .. ' પછી દાદા ખાચરની સાથે શ્રીજી મહારાજ પાછા દરબારગઢમાં આવ્યા . શ્રીજી મહારાજ વાસુદેવ નારાયણને ઓરડે વિરાજયા અને એમણે લાડુમા તથા મેટી ખાને મેલાવીને બધી હકીકત કહી અને વધુમાં કહ્યુ : “ અમારે તેા રહેવુ ન હતુ પણ દાદા ખાચરે બહુ પ્રયાસથી રાખ્યા અને જવા દીધા નહીં અને હવે તે અમે વશ થયા અને તમારે ત્યાં નિરંતર રહેશુ .. ' ' આમ કહીને શ્રીજી મહારાજ દાદા ખાચર ઉપર ખૂબ રાજી થયા .",
                "lines": [
                    "આથી શ્રીજી મહારાજનુ હૃદય દયાથી ઊભરાયુ ' અને તે પાછા ફરવાના નિણ ય કયેર્યાં . અને ભાવથી તેએ દાદા ખાચરને ભેટયા અને મેલ્યાઃ “ અમે હવે તમારે ત્યાં નિરંતર રહીશુ .. ' પછી દાદા ખાચરની સાથે શ્રીજી મહારાજ પાછા દરબારગઢમાં આવ્યા . શ્રીજી મહારાજ વાસુદેવ નારાયણને ઓરડે વિરાજયા અને એમણે લાડુમા તથા મેટી ખાને મેલાવીને બધી હકીકત કહી અને વધુમાં કહ્યુ : “ અમારે તેા રહેવુ ન હતુ પણ દાદા ખાચરે બહુ પ્રયાસથી રાખ્યા અને જવા દીધા નહીં અને હવે તે અમે વશ થયા અને તમારે ત્યાં નિરંતર રહેશુ .. ' ' આમ કહીને શ્રીજી મહારાજ દાદા ખાચર ઉપર ખૂબ રાજી થયા ."
                ]
            },
            {
                "block_text": "શ્રીજી મહારાજ દાદા ખાચર ઉપર કેમ રીસાયા હશે ?",
                "lines": [
                    "શ્રીજી મહારાજ દાદા ખાચર ઉપર કેમ રીસાયા હશે ?"
                ]
            },
            {
                "block_text": "શ્રીજી મડારાજે દાદા ખાચરને પેાતાના સર્વાંત્તમ ભક્ત બનાવવા અને એમનામાં કોઈ કચાશ નહીં રહે તે માટે અને આવી કચાશને દૂર કરવા માટે જ આવી લીલા",
                "lines": [
                    "શ્રીજી મડારાજે દાદા ખાચરને પેાતાના સર્વાંત્તમ ભક્ત બનાવવા અને એમનામાં કોઈ કચાશ નહીં રહે તે માટે અને આવી કચાશને દૂર કરવા માટે જ આવી લીલા"
                ]
            },
            {
                "block_text": "ઊભી કરી .",
                "lines": [
                    "ઊભી કરી ."
                ]
            },
            {
                "block_text": "અક્ષર ઓરડીમાં દાદા ખાચરના ફોઈ દાદા સાંભળી શ્રીજી મહારાજે",
                "lines": [
                    "અક્ષર ઓરડીમાં દાદા ખાચરના ફોઈ દાદા સાંભળી શ્રીજી મહારાજે"
                ]
            },
            {
                "block_text": "એક સમયે શ્રીજી વિરાજમાન હતા . આ સમયે ખાચરને વઢવા લાગ્યા . આ પૂછ્યું : “ શું છે ? '",
                "lines": [
                    "એક સમયે શ્રીજી વિરાજમાન હતા . આ સમયે ખાચરને વઢવા લાગ્યા . આ પૂછ્યું : “ શું છે ? '"
                ]
            },
            {
                "block_text": "મહારાજ",
                "lines": [
                    "મહારાજ"
                ]
            },
            {
                "block_text": "ત્યારે રતનજીએ કહ્યું કે ચાથ ગડીયાચેાથ કહેવાય છે . આ",
                "lines": [
                    "ત્યારે રતનજીએ કહ્યું કે ચાથ ગડીયાચેાથ કહેવાય છે . આ"
                ]
            },
            {
                "block_text": "**",
                "lines": [
                    "**"
                ]
            },
            {
                "block_text": ": ભગવાન , ભાદરવા સુદ દિવસે બીજાના ઘર ઉપર",
                "lines": [
                    ": ભગવાન , ભાદરવા સુદ દિવસે બીજાના ઘર ઉપર"
                ]
            }
        ]
    }
}