{
    "page_number": 11,
    "ocr_output": {
        "blocks": [
            {
                "block_text": "૨૨",
                "lines": [
                    "૨૨"
                ]
            },
            {
                "block_text": "કહ્યું : “ મહારાજ , ‘ રાધાના અકોટા કાને પટકાવ લીના’એ ગાનારાને તે કાંઈ મળ્યું નથી અને તે લેટ ફાકે છે . ’ આમ કહીને તે કૂદકા મારવા લાગ્યા , ત્યારે શ્રીજી મહારાજે તેને પેાતાની થાળી આપી અને પેતે ચળું કરી જળપાન કરીને મુખવાસ જમ્યા અને સહુને રાધા બાગમાં જવાની આજ્ઞા કરી . પછી શ્રીજી મહારાજ ઢાલિયા ઉપર પોઢી ગયા .",
                "lines": [
                    "કહ્યું : “ મહારાજ , ‘ રાધાના અકોટા કાને પટકાવ લીના’એ ગાનારાને તે કાંઈ મળ્યું નથી અને તે લેટ ફાકે છે . ’ આમ કહીને તે કૂદકા મારવા લાગ્યા , ત્યારે શ્રીજી મહારાજે તેને પેાતાની થાળી આપી અને પેતે ચળું કરી જળપાન કરીને મુખવાસ જમ્યા અને સહુને રાધા બાગમાં જવાની આજ્ઞા કરી . પછી શ્રીજી મહારાજ ઢાલિયા ઉપર પોઢી ગયા ."
                ]
            },
            {
                "block_text": "પાછલી બે ઘડી દિવસ રહ્યો ત્યારે સર્વ સંતે રાધા માગમાંથી આવીને શ્રીજી મહારાજની આગળ આવીને બેઠા . ગામમાંથી જીવુબા વગેરે ભક્તો પણ ત્યાં આવ્યા અને દૂરથી પગે લાગીને છેટે આવેલા એક માળ નીચે બેઠા .",
                "lines": [
                    "પાછલી બે ઘડી દિવસ રહ્યો ત્યારે સર્વ સંતે રાધા માગમાંથી આવીને શ્રીજી મહારાજની આગળ આવીને બેઠા . ગામમાંથી જીવુબા વગેરે ભક્તો પણ ત્યાં આવ્યા અને દૂરથી પગે લાગીને છેટે આવેલા એક માળ નીચે બેઠા ."
                ]
            },
            {
                "block_text": "પછી શ્રીજી મડારાજે સર્વ સતા સમક્ષ વાત કરી કે : “ આ જીવુબા અમારી ઉદાસીને પોતાની વૃત્તિએ કરીને બંધન કરે છે . જેમ માણાવાળી ધનુષ્યમાંથી બાણુ મૂકીને નાગપશને પ્રયાગે શત્રુને બાંધે છે અને ખસવા દેતા નથી તેમ આ જીવુબા પેાતાના પ્રેમથી અમારી ઉદાસવૃત્તિને બાંધે છે અને જો તે તાડીને ઉદાસીને લીધે અમે ચાલવાનુ કરીએ છીએ તેા પેાતાના દેહના ત્યાગ કરીને તેએ જીવાત્માને અમારા સ્વરૂપમાં લીન કરી ચાલી નીકળે છે , એટલે અમારી ઉદાસી કઈ કામ આવતી નથી . માટે આજે તે અમને .... જીવુબાએ સત્સંગમાં રાખ્યા છે . ” એમ કહીને શ્રીજી મહારાજ માણકી ઘેાડી ઉપર સવાર થઇને દરબારગઢમાં પધાર્યા .",
                "lines": [
                    "પછી શ્રીજી મડારાજે સર્વ સતા સમક્ષ વાત કરી કે : “ આ જીવુબા અમારી ઉદાસીને પોતાની વૃત્તિએ કરીને બંધન કરે છે . જેમ માણાવાળી ધનુષ્યમાંથી બાણુ મૂકીને નાગપશને પ્રયાગે શત્રુને બાંધે છે અને ખસવા દેતા નથી તેમ આ જીવુબા પેાતાના પ્રેમથી અમારી ઉદાસવૃત્તિને બાંધે છે અને જો તે તાડીને ઉદાસીને લીધે અમે ચાલવાનુ કરીએ છીએ તેા પેાતાના દેહના ત્યાગ કરીને તેએ જીવાત્માને અમારા સ્વરૂપમાં લીન કરી ચાલી નીકળે છે , એટલે અમારી ઉદાસી કઈ કામ આવતી નથી . માટે આજે તે અમને .... જીવુબાએ સત્સંગમાં રાખ્યા છે . ” એમ કહીને શ્રીજી મહારાજ માણકી ઘેાડી ઉપર સવાર થઇને દરબારગઢમાં પધાર્યા ."
                ]
            },
            {
                "block_text": "-",
                "lines": [
                    "-"
                ]
            }
        ]
    }
}