{
    "page_number": 15,
    "ocr_output": {
        "blocks": [
            {
                "block_text": "૨૬",
                "lines": [
                    "૨૬"
                ]
            },
            {
                "block_text": "પાસે આવ્યા અને મેલ્યા કે , “ આજે અમારા તરફથી રસાઈ કરાવેા . ”",
                "lines": [
                    "પાસે આવ્યા અને મેલ્યા કે , “ આજે અમારા તરફથી રસાઈ કરાવેા . ”"
                ]
            },
            {
                "block_text": "એક સમયે શ્રીજી મહારાજ વિરાજમાન હતા . ત્યાં . શરતચૂક થવાથી એક ખાઇએ આવીને શ્રીજી મહારાજને પગે",
                "lines": [
                    "એક સમયે શ્રીજી મહારાજ વિરાજમાન હતા . ત્યાં . શરતચૂક થવાથી એક ખાઇએ આવીને શ્રીજી મહારાજને પગે"
                ]
            },
            {
                "block_text": "શ્રીજી મહારાજને સારુ ન લાગ્યું . આથી પોતે રીસાઈ ને માઢા ઉપર લુગડું . એઢીને સૂઈ ગયા અને ખેલ્યા કે • બ્રહ્માનંદ સ્વામી ! અમને રીસ ચડી છે . ” ત્યારે બ્રહ્માનંદ સ્વામી કહે , તમને રીસ ચઢે એ તે દૂધના ઉફાણા ( ઉભરા ) જેવી છે . ’ ’ ત્યારે મહારાજે મુક્તાનંદ સ્વામીને કહ્યું , “ બ્રહ્માનંદ સ્વામી અમારી રીસની ઠેકડી કરે છે . ” ત્યારે મુક્તાનંદ સ્વામી હાથ જોડીને કહે , “ મહારાજ , એ સ્વામી ઠીક કહે છે . ’ ” પછી મહારાજ કહે , “ મુક્તાનદ વામીએ કહ્યું હવે ઠીક . ’ ’",
                "lines": [
                    "શ્રીજી મહારાજને સારુ ન લાગ્યું . આથી પોતે રીસાઈ ને માઢા ઉપર લુગડું . એઢીને સૂઈ ગયા અને ખેલ્યા કે • બ્રહ્માનંદ સ્વામી ! અમને રીસ ચડી છે . ” ત્યારે બ્રહ્માનંદ સ્વામી કહે , તમને રીસ ચઢે એ તે દૂધના ઉફાણા ( ઉભરા ) જેવી છે . ’ ’ ત્યારે મહારાજે મુક્તાનંદ સ્વામીને કહ્યું , “ બ્રહ્માનંદ સ્વામી અમારી રીસની ઠેકડી કરે છે . ” ત્યારે મુક્તાનંદ સ્વામી હાથ જોડીને કહે , “ મહારાજ , એ સ્વામી ઠીક કહે છે . ’ ” પછી મહારાજ કહે , “ મુક્તાનદ વામીએ કહ્યું હવે ઠીક . ’ ’"
                ]
            },
            {
                "block_text": "પછી મહારજે બ્રહ્માનંદ સ્વામીને પૂછ્યું ' , ‘ ‘ સ્વામી , તમે દૂધના ઉફાણે કહ્યો તે કેમ કહેવાય ? ’ ” ત્યારે બ્રહ્મા- નંદ સ્વામીએ જવાબ આપ્યા , દૂધ ઉકાળું આવ્યુ હાય એટલે પાણી નાખે કે તરત બેસી જાય ; પણ તમે તે અમને સમજવા સારુ કહેા છે , પણ તમારામાં તે ટાઈ દોષ નથી . ”",
                "lines": [
                    "પછી મહારજે બ્રહ્માનંદ સ્વામીને પૂછ્યું ' , ‘ ‘ સ્વામી , તમે દૂધના ઉફાણે કહ્યો તે કેમ કહેવાય ? ’ ” ત્યારે બ્રહ્મા- નંદ સ્વામીએ જવાબ આપ્યા , દૂધ ઉકાળું આવ્યુ હાય એટલે પાણી નાખે કે તરત બેસી જાય ; પણ તમે તે અમને સમજવા સારુ કહેા છે , પણ તમારામાં તે ટાઈ દોષ નથી . ”"
                ]
            },
            {
                "block_text": "તે સમયે ગુલાલના ટોપલા ભરાઈને આવ્યા . તે અખીલ- ગુલાલના ગેાટા મહારાજ છેટેથી મારે એટલે ગુલાલની સેડા",
                "lines": [
                    "તે સમયે ગુલાલના ટોપલા ભરાઈને આવ્યા . તે અખીલ- ગુલાલના ગેાટા મહારાજ છેટેથી મારે એટલે ગુલાલની સેડા"
                ]
            }
        ]
    }
}