{
    "page_number": 8,
    "ocr_output": {
        "blocks": [
            {
                "block_text": "૧૯",
                "lines": [
                    "૧૯"
                ]
            },
            {
                "block_text": "બેઠો ત્યારે ચારણિયાણી ખેલી , “ આવલીયા , આમ કેમ કરે છે ! સન્મુખકા દર્શીન દે . ” આવેા એલ્પેશ , ખાઈ કુછ ભેટ બેટ તે લાઈ નહિ હૈ ઔર સન્મુખકા દન માંગતી હૈ ! કર લે પૂઠકા દશ ” ન . ,, એમ એલીને આવા વાંકા થયે . ” આ સાંભળી મહારાજ ખૂબ હસ્યા .",
                "lines": [
                    "બેઠો ત્યારે ચારણિયાણી ખેલી , “ આવલીયા , આમ કેમ કરે છે ! સન્મુખકા દર્શીન દે . ” આવેા એલ્પેશ , ખાઈ કુછ ભેટ બેટ તે લાઈ નહિ હૈ ઔર સન્મુખકા દન માંગતી હૈ ! કર લે પૂઠકા દશ ” ન . ,, એમ એલીને આવા વાંકા થયે . ” આ સાંભળી મહારાજ ખૂબ હસ્યા ."
                ]
            },
            {
                "block_text": "એક સમયે શ્રીજી મહારાજ ઉદાસ થઈ ને મૂળજી બ્રહ્મચારી તથા શુક સ્વામીને પેાતાની સાથે લઇને ઉગામેડીને મારગે લીમડા હતા તે જગાએ પધાર્યાં અને ત્યાં બેઠા . પછી નિત્યાનંદ સ્વામી , બ્રહ્માનંદ સ્વામી , ગેાપાળાનંદ સ્વામી અને મુક્તાનંદ સ્વામી , ઉત્તમ રાજા , સામલે ખાચર , ભગુજી અને રતનજી એ સ ત્યાં આવ્યા . માણુકી ઘેાડી લઈને નાના ભક્ત પણ આવ્યા . પાછળથી પ્રેમાનંદ સ્વામી , ચેાગાનંદ સ્વામી તથા આધારાનંદ સ્વામી પણ આવ્યા .",
                "lines": [
                    "એક સમયે શ્રીજી મહારાજ ઉદાસ થઈ ને મૂળજી બ્રહ્મચારી તથા શુક સ્વામીને પેાતાની સાથે લઇને ઉગામેડીને મારગે લીમડા હતા તે જગાએ પધાર્યાં અને ત્યાં બેઠા . પછી નિત્યાનંદ સ્વામી , બ્રહ્માનંદ સ્વામી , ગેાપાળાનંદ સ્વામી અને મુક્તાનંદ સ્વામી , ઉત્તમ રાજા , સામલે ખાચર , ભગુજી અને રતનજી એ સ ત્યાં આવ્યા . માણુકી ઘેાડી લઈને નાના ભક્ત પણ આવ્યા . પાછળથી પ્રેમાનંદ સ્વામી , ચેાગાનંદ સ્વામી તથા આધારાનંદ સ્વામી પણ આવ્યા ."
                ]
            },
            {
                "block_text": "આ સમયે શ્રીજી મહારાજ ઉગમણે મુખારવિન્દે વિરાજમાન હતા અને સૂર્ય સામે એક દૃષ્ટિએ જોઈ રહ્યા હતા અને સમગ્ર સભા સ્થિર હતી . આ સમયે સ . ગુ . નિષ્કુલાનંદ સ્વામી અને વૃંદાનદ સ્વામી એ બેય તુખડાં લઇને આવતા હતા . એમની પાછળ નાગાજણ રાવળ રવાજ વગાડતા આવતા હતા , તેના અણુઅણુ શબ્દ થતા આવે અને તે એક કાઠીએ બનાવેલ પ્રભાતી ગાતા આવતા હતા કે",
                "lines": [
                    "આ સમયે શ્રીજી મહારાજ ઉગમણે મુખારવિન્દે વિરાજમાન હતા અને સૂર્ય સામે એક દૃષ્ટિએ જોઈ રહ્યા હતા અને સમગ્ર સભા સ્થિર હતી . આ સમયે સ . ગુ . નિષ્કુલાનંદ સ્વામી અને વૃંદાનદ સ્વામી એ બેય તુખડાં લઇને આવતા હતા . એમની પાછળ નાગાજણ રાવળ રવાજ વગાડતા આવતા હતા , તેના અણુઅણુ શબ્દ થતા આવે અને તે એક કાઠીએ બનાવેલ પ્રભાતી ગાતા આવતા હતા કે"
                ]
            },
            {
                "block_text": "રાધાના અકોટો કાને પટકાવ લીને પટકાવ લીના ચકાવ લીના",
                "lines": [
                    "રાધાના અકોટો કાને પટકાવ લીને પટકાવ લીના ચકાવ લીના"
                ]
            },
            {
                "block_text": "1",
                "lines": [
                    "1"
                ]
            }
        ]
    }
}