{
    "page_number": 14,
    "ocr_output": {
        "blocks": [
            {
                "block_text": "૫",
                "lines": [
                    "૫"
                ]
            },
            {
                "block_text": "' ' મહારાજ , તમે અહીં આવતા રહ્યા છે . પણુ ગઢ- પુરમાં ખાઇએ તમારાં દર્શન વિના ભૂખ્યા બેઠા છે . ” આ સાંભળી શ્રીજી મહારાજ કરુણામૂર્તિ હાવાથી એમને રિ- ભક્તો ઉપર અપાર દયા આવી અને તેએ બધાની સાથે",
                "lines": [
                    "' ' મહારાજ , તમે અહીં આવતા રહ્યા છે . પણુ ગઢ- પુરમાં ખાઇએ તમારાં દર્શન વિના ભૂખ્યા બેઠા છે . ” આ સાંભળી શ્રીજી મહારાજ કરુણામૂર્તિ હાવાથી એમને રિ- ભક્તો ઉપર અપાર દયા આવી અને તેએ બધાની સાથે"
                ]
            },
            {
                "block_text": "તરત જ ગઢપુર પાછા આવ્યા . પછી બ્રહ્માનંદ સ્વામીએ કીન ગાયું કે ~~",
                "lines": [
                    "તરત જ ગઢપુર પાછા આવ્યા . પછી બ્રહ્માનંદ સ્વામીએ કીન ગાયું કે ~~"
                ]
            },
            {
                "block_text": "વાતડલી રેાને રાતડલી ,",
                "lines": [
                    "વાતડલી રેાને રાતડલી ,"
                ]
            },
            {
                "block_text": "વાલા પૂછું એક વાતડલી . ટેક",
                "lines": [
                    "વાલા પૂછું એક વાતડલી . ટેક"
                ]
            },
            {
                "block_text": "પીતાંબર સાટે મારા પ્રીતમ",
                "lines": [
                    "પીતાંબર સાટે મારા પ્રીતમ"
                ]
            },
            {
                "block_text": "સાડી લાવ્યા નવી ભાતડલી . વા . ૧",
                "lines": [
                    "સાડી લાવ્યા નવી ભાતડલી . વા . ૧"
                ]
            },
            {
                "block_text": "મારલડી લઇને મનમેાહન ,",
                "lines": [
                    "મારલડી લઇને મનમેાહન ,"
                ]
            },
            {
                "block_text": "દીધું વેલણુ કાને દાતડલી . વા . ૨",
                "lines": [
                    "દીધું વેલણુ કાને દાતડલી . વા . ૨"
                ]
            },
            {
                "block_text": "જેને ઘેર રજની તમે જાગ્યા ,",
                "lines": [
                    "જેને ઘેર રજની તમે જાગ્યા ,"
                ]
            },
            {
                "block_text": "કાણુ હતી તેની જાતડલી . વા . ૩",
                "lines": [
                    "કાણુ હતી તેની જાતડલી . વા . ૩"
                ]
            },
            {
                "block_text": "બ્રહ્માનંદ કહે સશે થયે । નહીં ,",
                "lines": [
                    "બ્રહ્માનંદ કહે સશે થયે । નહીં ,"
                ]
            },
            {
                "block_text": "ધન્ય છે તમારી છાતડલી . વા . ૪ એક સમયે શ્રીજી મહારાજ દાદા ખાચરના દરબારમાં લીમડા નીચે વિરાજમાન હતા અને તેમની આગળ સાધુ તથા હરિભક્તોની સભા ભરાઈને બેઠી હતી . આ સમયે અમદાવાદના એક યાત્રાસઘ આન્યા . તે સર્વ શ્રીજી મહારાજને દંડવત્ પ્રણામ કરી ત્યાં બેઠા . શ્રીજી મહારાજે તેમને બધા સમાચાર પૂછ્યા તથા ઉતારા અપાત્મ્યા . પછી સહુ ઉતારામાં સરસામાન ગેાઢવી તૈયાર થઇ શ્રીજી મહારાજ",
                "lines": [
                    "ધન્ય છે તમારી છાતડલી . વા . ૪ એક સમયે શ્રીજી મહારાજ દાદા ખાચરના દરબારમાં લીમડા નીચે વિરાજમાન હતા અને તેમની આગળ સાધુ તથા હરિભક્તોની સભા ભરાઈને બેઠી હતી . આ સમયે અમદાવાદના એક યાત્રાસઘ આન્યા . તે સર્વ શ્રીજી મહારાજને દંડવત્ પ્રણામ કરી ત્યાં બેઠા . શ્રીજી મહારાજે તેમને બધા સમાચાર પૂછ્યા તથા ઉતારા અપાત્મ્યા . પછી સહુ ઉતારામાં સરસામાન ગેાઢવી તૈયાર થઇ શ્રીજી મહારાજ"
                ]
            }
        ]
    }
}