{
    "page_number": 12,
    "ocr_output": {
        "blocks": [
            {
                "block_text": "૨૩",
                "lines": [
                    "૨૩"
                ]
            },
            {
                "block_text": "એક સમયે ગઢડામાં શ્રીજી મહારાજ રીસાઈને ચાલી નીકળ્યા અને લીખડી ગામમાં સગરામ વાઘરીના કુમામાં ગયા અને તેમણે સગરામને કહ્યું : “ તું દાતણુ સારવા બારણામાં બેસ અને કોઈ આવે તે તેને ના પાડજે . ”",
                "lines": [
                    "એક સમયે ગઢડામાં શ્રીજી મહારાજ રીસાઈને ચાલી નીકળ્યા અને લીખડી ગામમાં સગરામ વાઘરીના કુમામાં ગયા અને તેમણે સગરામને કહ્યું : “ તું દાતણુ સારવા બારણામાં બેસ અને કોઈ આવે તે તેને ના પાડજે . ”"
                ]
            },
            {
                "block_text": "થાડીવાર પછી પાછળથી બ્રહ્માનં સ્વામી આદિક સતા તથા સુરાખાચર આદિ હરિભક્તો લી'બડી આવ્યા અને સગરામના કુબા પાસે આવી તેમણે પૂછ્યું : “ સગરામ , મહારાજ તારા કુમામાં આવ્યા છે ? ”",
                "lines": [
                    "થાડીવાર પછી પાછળથી બ્રહ્માનં સ્વામી આદિક સતા તથા સુરાખાચર આદિ હરિભક્તો લી'બડી આવ્યા અને સગરામના કુબા પાસે આવી તેમણે પૂછ્યું : “ સગરામ , મહારાજ તારા કુમામાં આવ્યા છે ? ”"
                ]
            },
            {
                "block_text": "સગરામે ના પાડી અને કહ્યું : મહારાજ કદાચ મૂળજી શેઠની મેડીએ હશે . ” આ સાંભળી બધા મૂળજી શેઠની મેડીએ ગયા ત્યારે શ્રીજી મહારાજ કુમામાંથી નીસરીને બીજે જવા ચાલવા લાગ્યા . બ્રહ્માનંદ સ્વામી તથા સુરા ખાચરે જઈને મૂળજી શેઠને પૂછ્યું , મૂળજી શેઠે મેડી ઉપર ચડીને જોયું તેા શ્રીજી મહારાજને દૂર જતા જોયા . એમણે કહ્યું : ૮ શ્રીજી મહારાજ તા દોડયા જાય છે . ’ આ સાંભળી બધા શ્રીજી મહારાજની પાછળ દોડવા પણુ શ્રીજી મહારાજ કાણેાતર ગામે પહોંચી ગયા . ત્યાં એ સત્સ`ગી ભરવાડ ભાઇએ હતા તેમને ઘેર ગયા` અને એક ભાઈને તેમણે કહ્યું : “ અમને કોઠીમાં સંતાડો . ”",
                "lines": [
                    "સગરામે ના પાડી અને કહ્યું : મહારાજ કદાચ મૂળજી શેઠની મેડીએ હશે . ” આ સાંભળી બધા મૂળજી શેઠની મેડીએ ગયા ત્યારે શ્રીજી મહારાજ કુમામાંથી નીસરીને બીજે જવા ચાલવા લાગ્યા . બ્રહ્માનંદ સ્વામી તથા સુરા ખાચરે જઈને મૂળજી શેઠને પૂછ્યું , મૂળજી શેઠે મેડી ઉપર ચડીને જોયું તેા શ્રીજી મહારાજને દૂર જતા જોયા . એમણે કહ્યું : ૮ શ્રીજી મહારાજ તા દોડયા જાય છે . ’ આ સાંભળી બધા શ્રીજી મહારાજની પાછળ દોડવા પણુ શ્રીજી મહારાજ કાણેાતર ગામે પહોંચી ગયા . ત્યાં એ સત્સ`ગી ભરવાડ ભાઇએ હતા તેમને ઘેર ગયા` અને એક ભાઈને તેમણે કહ્યું : “ અમને કોઠીમાં સંતાડો . ”"
                ]
            },
            {
                "block_text": "ભરવાડે કહ્યું : “ મારા ભાઈને ઘેર કાઠીઓ છે . ’ ’ એટલે શ્રીજી મહારાજ ખાજુમાં આવેલા એના ભાઈને ઘેર જવા વંઢી પર ચઢવા ગયા ત્યારે તેમના ચરણકમળમાંથી",
                "lines": [
                    "ભરવાડે કહ્યું : “ મારા ભાઈને ઘેર કાઠીઓ છે . ’ ’ એટલે શ્રીજી મહારાજ ખાજુમાં આવેલા એના ભાઈને ઘેર જવા વંઢી પર ચઢવા ગયા ત્યારે તેમના ચરણકમળમાંથી"
                ]
            }
        ]
    }
}