{
    "page_number": 13,
    "ocr_output": {
        "blocks": [
            {
                "block_text": "૨૪",
                "lines": [
                    "૨૪"
                ]
            },
            {
                "block_text": "એક મેાજડી નીકળી ગઈ . આ મેાજડી લઈને ભરવાડ કહે  ઃ “ હુવે મને બીજી મેાજડી પણ આપી દે . નહી . તે હું તમે કયાં સંતાયા છે તે બધાને બતાવી દઈશ . '",
                "lines": [
                    "એક મેાજડી નીકળી ગઈ . આ મેાજડી લઈને ભરવાડ કહે  ઃ “ હુવે મને બીજી મેાજડી પણ આપી દે . નહી . તે હું તમે કયાં સંતાયા છે તે બધાને બતાવી દઈશ . '"
                ]
            },
            {
                "block_text": "શ્રીજી મહાશજે તેને બીજી માડી આપી દીધી અને . માજીના ઘરમાં જઈ ભરવાડના ભાઈની કાઠીમાં સંતાઈ ગયા . એટલી વારમાં સદ્ગુરુ બ્રહ્માનંદ સ્વામી તથા સુરા ખાચર ત્યાં પહોંચી ગયા અને તેમણે ભરવાડના ભાઈને કહ્યું : ‘ શ્રીજી મહારાજ તારા ઘરમાં છે ? ’ ભરવાડે ના પાડી . એટલે સુરા ખાચરે પૂછ્યું : કેટલા છે ? ”",
                "lines": [
                    "શ્રીજી મહાશજે તેને બીજી માડી આપી દીધી અને . માજીના ઘરમાં જઈ ભરવાડના ભાઈની કાઠીમાં સંતાઈ ગયા . એટલી વારમાં સદ્ગુરુ બ્રહ્માનંદ સ્વામી તથા સુરા ખાચર ત્યાં પહોંચી ગયા અને તેમણે ભરવાડના ભાઈને કહ્યું : ‘ શ્રીજી મહારાજ તારા ઘરમાં છે ? ’ ભરવાડે ના પાડી . એટલે સુરા ખાચરે પૂછ્યું : કેટલા છે ? ”"
                ]
            },
            {
                "block_text": "ભરવાડ કહેા  ઃ “ મારા ઘરમાં પાંચ માણસ છે . ’",
                "lines": [
                    "ભરવાડ કહેા  ઃ “ મારા ઘરમાં પાંચ માણસ છે . ’"
                ]
            },
            {
                "block_text": "પછી સુરા ખાચરે કહ્યું હું એ બધાને બહાર કાઢ એટલે અમે એમને ગણી લઈએ . ' ' બધા માણસા ઘરની . બહાર આવ્યા અને સુરા ખાચરે ગણતરી કરી તા છે . માણસ થયા .",
                "lines": [
                    "પછી સુરા ખાચરે કહ્યું હું એ બધાને બહાર કાઢ એટલે અમે એમને ગણી લઈએ . ' ' બધા માણસા ઘરની . બહાર આવ્યા અને સુરા ખાચરે ગણતરી કરી તા છે . માણસ થયા ."
                ]
            },
            {
                "block_text": "સુરા ખાચરે કહ્યું , “ તમે તે ઘરમાં પાંચ માણસ છે . એમ કહેતા પણુ આ તા છ માણસ છે . ”",
                "lines": [
                    "સુરા ખાચરે કહ્યું , “ તમે તે ઘરમાં પાંચ માણસ છે . એમ કહેતા પણુ આ તા છ માણસ છે . ”"
                ]
            },
            {
                "block_text": "હવે તમે જાણે .. ” એટલે સુરા ખાચરે એમાંથી શ્રીજી મહારાજને પારખી લીધા અને પકડી લીધા .. શ્રીજી મહારાજે એ સમયે સાડી પહેરી હતી તથા હાથમાં વેલણ લીધું હતું . સુરા ખાચરે શ્રીજી મહારાજની સાડી ઊતરાવી અને વેણુ હાથમાંથી છેડાવ્યું અને કહ્યું :",
                "lines": [
                    "હવે તમે જાણે .. ” એટલે સુરા ખાચરે એમાંથી શ્રીજી મહારાજને પારખી લીધા અને પકડી લીધા .. શ્રીજી મહારાજે એ સમયે સાડી પહેરી હતી તથા હાથમાં વેલણ લીધું હતું . સુરા ખાચરે શ્રીજી મહારાજની સાડી ઊતરાવી અને વેણુ હાથમાંથી છેડાવ્યું અને કહ્યું :"
                ]
            }
        ]
    }
}