{
    "page_number": 5,
    "ocr_output": {
        "blocks": [
            {
                "block_text": "૧૬",
                "lines": [
                    "૧૬"
                ]
            },
            {
                "block_text": "જાવ . ” એટલામાં પાદ પ્રાગજી દવેને ખેલાવવા આવ્યા તેથી તેઓ શ્રીજી મહારાજ પાસે કથા કરવા ગયા અને શ્રીજી મહારાજને પગે લાગી તેમણે કથા વાંચવાની શરૂઆત કરી . શ્રીજી મહારાજ પણ ધ્યાનથી તે કથા સાંભળવા લાગ્યા .",
                "lines": [
                    "જાવ . ” એટલામાં પાદ પ્રાગજી દવેને ખેલાવવા આવ્યા તેથી તેઓ શ્રીજી મહારાજ પાસે કથા કરવા ગયા અને શ્રીજી મહારાજને પગે લાગી તેમણે કથા વાંચવાની શરૂઆત કરી . શ્રીજી મહારાજ પણ ધ્યાનથી તે કથા સાંભળવા લાગ્યા ."
                ]
            },
            {
                "block_text": "દરબારગઢમાં જીવુબા થાળ તૈયાર કરતાં હતાં . થાળ તૈયાર થઈ ગયા પછી તેમણે બ્રહ્મચારીને કહ્યું : થાળ તૈયાર થઈ ગયા છે તેા શ્રીજી મહારાજને ખેલાવી લાવો . ”",
                "lines": [
                    "દરબારગઢમાં જીવુબા થાળ તૈયાર કરતાં હતાં . થાળ તૈયાર થઈ ગયા પછી તેમણે બ્રહ્મચારીને કહ્યું : થાળ તૈયાર થઈ ગયા છે તેા શ્રીજી મહારાજને ખેલાવી લાવો . ”"
                ]
            },
            {
                "block_text": "ત્યારે સદ્ગુરુ બ્રહ્માનંદ સ્વામીએ કહ્યું :",
                "lines": [
                    "ત્યારે સદ્ગુરુ બ્રહ્માનંદ સ્વામીએ કહ્યું :"
                ]
            },
            {
                "block_text": "ત્યાં જઈને પૂછી તે આવો . ”",
                "lines": [
                    "ત્યાં જઈને પૂછી તે આવો . ”"
                ]
            },
            {
                "block_text": "બ્રહ્મચારી પુજા કઢિયાને ઘેર ગયા તે ત્યાં ખડકીનાં કમાડ ખંધ જોયાં , મહારથી એમણે શ્રીજી મહારાજને કહ્યું : મહારાજ , થાળ તૈયાર થઈ ગયા છે . ’",
                "lines": [
                    "બ્રહ્મચારી પુજા કઢિયાને ઘેર ગયા તે ત્યાં ખડકીનાં કમાડ ખંધ જોયાં , મહારથી એમણે શ્રીજી મહારાજને કહ્યું : મહારાજ , થાળ તૈયાર થઈ ગયા છે . ’"
                ]
            },
            {
                "block_text": "શ્રીજી મહારાજે કહ્યું : “ થાળ અહીં લેવરાવી આવે , ’ ’",
                "lines": [
                    "શ્રીજી મહારાજે કહ્યું : “ થાળ અહીં લેવરાવી આવે , ’ ’"
                ]
            },
            {
                "block_text": "બ્રહ્મચારી પાછા જતાં જતાં એલ્ય ! : “ ભાઈ , ધણીના કોઈ ધણી છે ? ” આમ કહી તેએ થાળ ત્યાં લેવરાવી આવ્યા અને એમણે શ્રીજી મહારાજને જમાડયા . પછી દાદા ખાચર , લાધા ઠક્કર અને હરજી ઠક્કર બ્રહ્માન  ંદ સ્વામી પાસે આવ્યા અને ખેલ્યા કે , “ હુવે કઈ રીતે શ્રીજી મહારાજ દરબારમાં પધારે ? ”",
                "lines": [
                    "બ્રહ્મચારી પાછા જતાં જતાં એલ્ય ! : “ ભાઈ , ધણીના કોઈ ધણી છે ? ” આમ કહી તેએ થાળ ત્યાં લેવરાવી આવ્યા અને એમણે શ્રીજી મહારાજને જમાડયા . પછી દાદા ખાચર , લાધા ઠક્કર અને હરજી ઠક્કર બ્રહ્માન  ંદ સ્વામી પાસે આવ્યા અને ખેલ્યા કે , “ હુવે કઈ રીતે શ્રીજી મહારાજ દરબારમાં પધારે ? ”"
                ]
            },
            {
                "block_text": "બ્રહ્માનંદ સ્વામી કહે : “ જેમનાથી રીસાયા છે તેમને જ મનાવવા માકલા . પછી દાદા ખાચરનાં મા તથા ફાઈ આરતી થયા પછી શ્રીજી મહારાજ જ્યાં ગયા હતા ત્યાં",
                "lines": [
                    "બ્રહ્માનંદ સ્વામી કહે : “ જેમનાથી રીસાયા છે તેમને જ મનાવવા માકલા . પછી દાદા ખાચરનાં મા તથા ફાઈ આરતી થયા પછી શ્રીજી મહારાજ જ્યાં ગયા હતા ત્યાં"
                ]
            }
        ]
    }
}