{
    "page_number": 2,
    "ocr_output": {
        "blocks": [
            {
                "block_text": "૧૩",
                "lines": [
                    "૧૩"
                ]
            },
            {
                "block_text": "કે તરત જ આ વાતની ખબર દાદા ખાચરને પડી ગઈ . તે તે શ્રીજી મહારાજના પરમ ભક્ત હતા તેથી કંઈ શ્રીજી મહારાજને એમ ચાલી જવા કે ખરા ? શ્રીજી મહા- રાજ દરબારગઢમાંથી નીકળી દરવાજા બહાર આવ્યા અને ત્યાં ગણપતિની દહેરી છે ત્યાં પહોંચ્યા ત્યારે દાદા ખાચર પણ ત્યાં પહોંચી ગયા અને શ્રીજી મહારાજના ચરણારવિંદ પર મસ્તક રાખી દૃઢતાથી એમના ચરણારવિંદ પકડી રાખ્યા , જેથી શ્રીજી મહારાજ ચાલી જાય નહીં . પર  ંતુ શ્રીજી મહારાજે દાદા ખાચરને કેડથી પકડીને દૂર કર્યાં અને પેાતે આગળ ચાલવા લાગ્યા . શ્રીજી મહારાજ મંદિરના વડાના જે ભાગ ઘરના ઓરડાથી ઉત્તરાદ્વિ દિશામાં પડે છે ત્યાં પહોંચ્યા ત્યારે દાદા ખાચરે ફરી દઢતાથી એમના ચરણારવિંદ પકડી એના પર પેાતાનુ મસ્તક રાખ્યું પરંતુ શ્રીજી મહારાજે બળપૂર્વક પેાતાના ચરણારવિંદ છેાડાવ્યા અને દાદા ખાચરને આવા હડસેલી દીધા અને પોતે આગળ ચાલવા લાગ્યા .",
                "lines": [
                    "કે તરત જ આ વાતની ખબર દાદા ખાચરને પડી ગઈ . તે તે શ્રીજી મહારાજના પરમ ભક્ત હતા તેથી કંઈ શ્રીજી મહારાજને એમ ચાલી જવા કે ખરા ? શ્રીજી મહા- રાજ દરબારગઢમાંથી નીકળી દરવાજા બહાર આવ્યા અને ત્યાં ગણપતિની દહેરી છે ત્યાં પહોંચ્યા ત્યારે દાદા ખાચર પણ ત્યાં પહોંચી ગયા અને શ્રીજી મહારાજના ચરણારવિંદ પર મસ્તક રાખી દૃઢતાથી એમના ચરણારવિંદ પકડી રાખ્યા , જેથી શ્રીજી મહારાજ ચાલી જાય નહીં . પર  ંતુ શ્રીજી મહારાજે દાદા ખાચરને કેડથી પકડીને દૂર કર્યાં અને પેાતે આગળ ચાલવા લાગ્યા . શ્રીજી મહારાજ મંદિરના વડાના જે ભાગ ઘરના ઓરડાથી ઉત્તરાદ્વિ દિશામાં પડે છે ત્યાં પહોંચ્યા ત્યારે દાદા ખાચરે ફરી દઢતાથી એમના ચરણારવિંદ પકડી એના પર પેાતાનુ મસ્તક રાખ્યું પરંતુ શ્રીજી મહારાજે બળપૂર્વક પેાતાના ચરણારવિંદ છેાડાવ્યા અને દાદા ખાચરને આવા હડસેલી દીધા અને પોતે આગળ ચાલવા લાગ્યા ."
                ]
            },
            {
                "block_text": "શ્રીજી મહારાજ હાલાયાને માગે વાંકળી સુધી આવ્યા ત્યારે ફરી દાદા ખાચરે એમના ચરણારવિંદ દૃઢ- તાથી પકડી એના ઉપર પોતાનું મસ્તક રાખ્યું . પરંતુ શ્રીજી મહારાજે હડસેલે મારી તેમને પાડી નાંખ્યા અને તે આગળ ચાલવા લાગ્યા . દાદા ખાચરને ખૂબ વાગ્યુ હાવાથી તે રડવા લાગ્યા . શ્રીજી મહારાજે જરા આગળ ચાલીને જોયું તે ! દાદા ખાચર થરથર કંપતા ઊભા હતા .",
                "lines": [
                    "શ્રીજી મહારાજ હાલાયાને માગે વાંકળી સુધી આવ્યા ત્યારે ફરી દાદા ખાચરે એમના ચરણારવિંદ દૃઢ- તાથી પકડી એના ઉપર પોતાનું મસ્તક રાખ્યું . પરંતુ શ્રીજી મહારાજે હડસેલે મારી તેમને પાડી નાંખ્યા અને તે આગળ ચાલવા લાગ્યા . દાદા ખાચરને ખૂબ વાગ્યુ હાવાથી તે રડવા લાગ્યા . શ્રીજી મહારાજે જરા આગળ ચાલીને જોયું તે ! દાદા ખાચર થરથર કંપતા ઊભા હતા ."
                ]
            }
        ]
    }
}