{
    "page_number": 4,
    "ocr_output": {
        "blocks": [
            {
                "block_text": "૧૫",
                "lines": [
                    "૧૫"
                ]
            },
            {
                "block_text": "પથરા તથા ઠીકરા ફેંકવાના રીવાજ છે . ફાઈના ઘર પર રાતે પથરા અને ઠીકરા પઢવા તેથી તેએ દાદા ખાચરના દોષ કાઢી તેમને વઢે છે . ’",
                "lines": [
                    "પથરા તથા ઠીકરા ફેંકવાના રીવાજ છે . ફાઈના ઘર પર રાતે પથરા અને ઠીકરા પઢવા તેથી તેએ દાદા ખાચરના દોષ કાઢી તેમને વઢે છે . ’"
                ]
            },
            {
                "block_text": "ભગવાન તે । આન સ્વરૂપ હતા . જગતમાં સર્વાંત્ર સુખ ફેલાય તે માટે તેએ પ્રગટ થયા હતા . એમનાથી આવે કલહ કેમ સાંખી શકાય ? એટલે શ્રીજી મહારાજે એક",
                "lines": [
                    "ભગવાન તે । આન સ્વરૂપ હતા . જગતમાં સર્વાંત્ર સુખ ફેલાય તે માટે તેએ પ્રગટ થયા હતા . એમનાથી આવે કલહ કેમ સાંખી શકાય ? એટલે શ્રીજી મહારાજે એક"
                ]
            },
            {
                "block_text": "સત્સંગીને કહ્યું : “ ચાલેા , આપણે આમ કહી તેમણે એક જણુની પાસે ડાળ્યે , બીજાને માથે ગાદલુ ' અને",
                "lines": [
                    "સત્સંગીને કહ્યું : “ ચાલેા , આપણે આમ કહી તેમણે એક જણુની પાસે ડાળ્યે , બીજાને માથે ગાદલુ ' અને"
                ]
            },
            {
                "block_text": "અહી",
                "lines": [
                    "અહી"
                ]
            },
            {
                "block_text": "રહેવુ નથી . ”",
                "lines": [
                    "રહેવુ નથી . ”"
                ]
            },
            {
                "block_text": "પેાતાને",
                "lines": [
                    "પેાતાને"
                ]
            },
            {
                "block_text": "ઢોલિયા ઉપ",
                "lines": [
                    "ઢોલિયા ઉપ"
                ]
            },
            {
                "block_text": "કિયે",
                "lines": [
                    "કિયે"
                ]
            },
            {
                "block_text": "તથા ત્રીને",
                "lines": [
                    "તથા ત્રીને"
                ]
            },
            {
                "block_text": "મસ્તકે ક્યાના ગ્રંથ ઉપડાવીને તેઓ ત્યાંથી ચાલી નીકળ્યા .",
                "lines": [
                    "મસ્તકે ક્યાના ગ્રંથ ઉપડાવીને તેઓ ત્યાંથી ચાલી નીકળ્યા ."
                ]
            },
            {
                "block_text": "બ્રહ્માનંદ સ્વામી આ જોઈ ને મલ્યા “ આ ઉચાળા દરબાર બહાર નીસર્યાં . ’ ”",
                "lines": [
                    "બ્રહ્માનંદ સ્વામી આ જોઈ ને મલ્યા “ આ ઉચાળા દરબાર બહાર નીસર્યાં . ’ ”"
                ]
            },
            {
                "block_text": "શ્રીજી મહારાજ ત્યાંથી નીકળી વડામાં પુંજા કડિયાને ઘેર જઈ ને મેલ્યાઃ “ અમને તમારું ઘર રહેવા આપે . ” પુજા કડિયાએ કહ્યું : “ ભલે મહારાજ . ”",
                "lines": [
                    "શ્રીજી મહારાજ ત્યાંથી નીકળી વડામાં પુંજા કડિયાને ઘેર જઈ ને મેલ્યાઃ “ અમને તમારું ઘર રહેવા આપે . ” પુજા કડિયાએ કહ્યું : “ ભલે મહારાજ . ”"
                ]
            },
            {
                "block_text": "શ્રીજી મહારાજે એક સંતને કહ્યું કેઃ “ આ કડિયાને",
                "lines": [
                    "શ્રીજી મહારાજે એક સંતને કહ્યું કેઃ “ આ કડિયાને"
                ]
            },
            {
                "block_text": "સામાન દાદા ખાચરના વંડામાં લઈ જાવ . ’",
                "lines": [
                    "સામાન દાદા ખાચરના વંડામાં લઈ જાવ . ’"
                ]
            },
            {
                "block_text": "પછી તેઓ ત્યાંથી આવશ્યક ચીજવસ્તુએ લઈ ગયા .",
                "lines": [
                    "પછી તેઓ ત્યાંથી આવશ્યક ચીજવસ્તુએ લઈ ગયા ."
                ]
            },
            {
                "block_text": "પછી શ્રીજી મહારાજે કહ્યુ , “ હવે ખડકી ખધ કરી દો . ” સન્ત અને પાષ`દ મંદિરમાં આવ્યા . એ સમયે બ્રહ્માનંદ સ્વામીએ પ્રાગજી દવેને કહ્યું : “ તમે કથા કરવા વડામાં",
                "lines": [
                    "પછી શ્રીજી મહારાજે કહ્યુ , “ હવે ખડકી ખધ કરી દો . ” સન્ત અને પાષ`દ મંદિરમાં આવ્યા . એ સમયે બ્રહ્માનંદ સ્વામીએ પ્રાગજી દવેને કહ્યું : “ તમે કથા કરવા વડામાં"
                ]
            }
        ]
    }
}