{
    "page_number": 1,
    "ocr_output": {
        "blocks": [
            {
                "block_text": "શ્રી સ્વામિનારાયણ ભગવાનની રીસાવાની લીલા",
                "lines": [
                    "શ્રી સ્વામિનારાયણ ભગવાનની રીસાવાની લીલા"
                ]
            },
            {
                "block_text": "સ્વામિનારાયણુ ભગવાનની અલૌકિક લીલાએને કોઈ પાર નથી . ક્રાધ સામાન્ય રીતે દુર્ગુણુ ગણાય છે . પર તુ કવિ કાલિદાસે કહ્યું છે કે ઉત્તમ મનુષ્યના ક્રાધ પશુ વરદાનરૂપ અને છે . ( ક્રોધોજિ વેવસ્ય વરેન તુલ્યઃ ) . વળી વેદમાં પણ કહ્યુ ' છે કે હે ભગવાન , તમે કેધસ્વરૂપ છે તે તે ક્રાય મને આપે .. ( મન્યુત્તિ મન્યુ મચિ વેહિં ) મનુષ્યમાં અનિષ્ટો સામે , દુર્ગુણ્ણા સામે કૈાધના ( પ્રતિકારને ) ભાવ હોવા જ જોઇએ જેથી આવા દુષ્ટા એનાથી દૂર રહે . ક્રાધ પાતે ખરાબ નથી પણ તે કયાં , કયારે , કેવી રીતે અને શા માટે કરવામાં આવે છે એના પરથી જ તે ક્રાધ સારા છે કે ખરામ તે સમજાય છે . નરિસ’હાવતારમાં ભગવાને હિરણ્યકશિપુ ઉપર ક્રાધ કરી તેના શરીરને નખ વડે ફાડી નાંખ્યું તે કાયને આપણે ખરાબ ગણતા નથી . શ્રીરામે રાવણ સાથે યુદ્ધ કર્યુ તેને આપણે ખરાબ ગણુતા નથી .",
                "lines": [
                    "સ્વામિનારાયણુ ભગવાનની અલૌકિક લીલાએને કોઈ પાર નથી . ક્રાધ સામાન્ય રીતે દુર્ગુણુ ગણાય છે . પર તુ કવિ કાલિદાસે કહ્યું છે કે ઉત્તમ મનુષ્યના ક્રાધ પશુ વરદાનરૂપ અને છે . ( ક્રોધોજિ વેવસ્ય વરેન તુલ્યઃ ) . વળી વેદમાં પણ કહ્યુ ' છે કે હે ભગવાન , તમે કેધસ્વરૂપ છે તે તે ક્રાય મને આપે .. ( મન્યુત્તિ મન્યુ મચિ વેહિં ) મનુષ્યમાં અનિષ્ટો સામે , દુર્ગુણ્ણા સામે કૈાધના ( પ્રતિકારને ) ભાવ હોવા જ જોઇએ જેથી આવા દુષ્ટા એનાથી દૂર રહે . ક્રાધ પાતે ખરાબ નથી પણ તે કયાં , કયારે , કેવી રીતે અને શા માટે કરવામાં આવે છે એના પરથી જ તે ક્રાધ સારા છે કે ખરામ તે સમજાય છે . નરિસ’હાવતારમાં ભગવાને હિરણ્યકશિપુ ઉપર ક્રાધ કરી તેના શરીરને નખ વડે ફાડી નાંખ્યું તે કાયને આપણે ખરાબ ગણતા નથી . શ્રીરામે રાવણ સાથે યુદ્ધ કર્યુ તેને આપણે ખરાબ ગણુતા નથી ."
                ]
            },
            {
                "block_text": "શ્રી સ્વમિનારાયણ ભગવાને જીવનમાં ધન ઉપયેગ કેવી રીતે કરી શકાય તે સમજાવવા અનેક લીલાઓ કરી છે . તેઓ સજનાનાં રક્ષણ માટે , દુનાને સીધા રાહ",
                "lines": [
                    "શ્રી સ્વમિનારાયણ ભગવાને જીવનમાં ધન ઉપયેગ કેવી રીતે કરી શકાય તે સમજાવવા અનેક લીલાઓ કરી છે . તેઓ સજનાનાં રક્ષણ માટે , દુનાને સીધા રાહ"
                ]
            }
        ]
    }
}