{
    "page_number": 1,
    "ocr_output": {
        "blocks": [
            {
                "block_text": "R",
                "lines": [
                    "R"
                ]
            },
            {
                "block_text": "પર લાવવા તથા પેાતાના સાચા ભક્તોની પરીક્ષા કરવા માટે ઘણીવાર રાષે ભરાતા અને રીસાતા પણ ખરા . ક્રાધના જો આવી રીતે વ્યવહારમાં ઉપયેગ થાય તે જ તે ધ સાથેંક અને છે અને તેનાથી સ  ંમેહ થતા નથી , સ્મૃતિભ્રમ થતા નથી તથા આવે  ાધ કરનારનું પતન થતું નથી . માતા- પિતા તથા ગુરુને ઘણીવાર રાષ કરવાની જરૂર પડે છે . માતા ઘણીવાર બાળકને સુધારવા શિક્ષા કરે છે પણ તે ખાળકના કલ્યાણ માટે જ હાય છે . આવી જ રીતે પિતા અને ગુરુ પણ જે શિક્ષા કરે તે કલ્યાણને માટે જ હાય છે . આવી જ રીતે શ્રી સ્વામિનારાયણ ભગવાનની રીસમાં પણ રમણીયતા છે . સૌન્દલહરી નામના એક સ્વેત્રમાં શંકરાચાયે કહ્યુ છે કે દેવી ગંગા પર ક્રાય કરે છે ત્યારે એમનાં નયને ધથી લાલ ખની જાય છે અને આ લાલ રંગ તેમણે કમળાના દાનમાં આપ્યા હૈાવાથી કમળા મનેાહર લાલ રંગ ધારણ કરે છે . ( સરોપા રવૈયાં સત્તિજ્જ્ઞૌમાયજ્ઞનની )",
                "lines": [
                    "પર લાવવા તથા પેાતાના સાચા ભક્તોની પરીક્ષા કરવા માટે ઘણીવાર રાષે ભરાતા અને રીસાતા પણ ખરા . ક્રાધના જો આવી રીતે વ્યવહારમાં ઉપયેગ થાય તે જ તે ધ સાથેંક અને છે અને તેનાથી સ  ંમેહ થતા નથી , સ્મૃતિભ્રમ થતા નથી તથા આવે  ાધ કરનારનું પતન થતું નથી . માતા- પિતા તથા ગુરુને ઘણીવાર રાષ કરવાની જરૂર પડે છે . માતા ઘણીવાર બાળકને સુધારવા શિક્ષા કરે છે પણ તે ખાળકના કલ્યાણ માટે જ હાય છે . આવી જ રીતે પિતા અને ગુરુ પણ જે શિક્ષા કરે તે કલ્યાણને માટે જ હાય છે . આવી જ રીતે શ્રી સ્વામિનારાયણ ભગવાનની રીસમાં પણ રમણીયતા છે . સૌન્દલહરી નામના એક સ્વેત્રમાં શંકરાચાયે કહ્યુ છે કે દેવી ગંગા પર ક્રાય કરે છે ત્યારે એમનાં નયને ધથી લાલ ખની જાય છે અને આ લાલ રંગ તેમણે કમળાના દાનમાં આપ્યા હૈાવાથી કમળા મનેાહર લાલ રંગ ધારણ કરે છે . ( સરોપા રવૈયાં સત્તિજ્જ્ઞૌમાયજ્ઞનની )"
                ]
            },
            {
                "block_text": "શ્રી સ્વામિનારાયણુ ભગવાને પાતાના ભક્તોની પરીક્ષા કરવા માટે ઘણીવાર રીસના ઉપયાગ કર્યાં છે . આપણે - આવાં કેટલાંક દૃષ્ટાન્તા એમના જીવનમાંથી જોઈ એ .",
                "lines": [
                    "શ્રી સ્વામિનારાયણુ ભગવાને પાતાના ભક્તોની પરીક્ષા કરવા માટે ઘણીવાર રીસના ઉપયાગ કર્યાં છે . આપણે - આવાં કેટલાંક દૃષ્ટાન્તા એમના જીવનમાંથી જોઈ એ ."
                ]
            },
            {
                "block_text": "એક સમયે શ્રીજી મહારાજે દાદાખાચરને રાત્રે કહ્યુ કે દાદા , બે હજાર રૂપીઆ લાવા , મારે ધર્માદા આપવા છે . ” ત્યારે દાદા ખાચરે કહ્યું , “ મહારાજ સવારે આપીશ . ” આ સાંભળી શ્રી હરિ કાંઈ મેલ્યા નહિ અને વહેલી સવારમાં રીસાઈ ને ગઢડાના પેાતાના નિવાસસ્થાનમાંથી ચાલી નીકન્યા",
                "lines": [
                    "એક સમયે શ્રીજી મહારાજે દાદાખાચરને રાત્રે કહ્યુ કે દાદા , બે હજાર રૂપીઆ લાવા , મારે ધર્માદા આપવા છે . ” ત્યારે દાદા ખાચરે કહ્યું , “ મહારાજ સવારે આપીશ . ” આ સાંભળી શ્રી હરિ કાંઈ મેલ્યા નહિ અને વહેલી સવારમાં રીસાઈ ને ગઢડાના પેાતાના નિવાસસ્થાનમાંથી ચાલી નીકન્યા"
                ]
            }
        ]
    }
}