{
    "page_number": 9,
    "ocr_output": {
        "blocks": [
            {
                "block_text": "૨૦ .",
                "lines": [
                    "૨૦ ."
                ]
            },
            {
                "block_text": "કટકાવ લીના અને ઘટકાવ લીના અરે શામળે , અરે કાનુડે મટકાવ લીના રાધાના અકાટો પટકાવ લીના .",
                "lines": [
                    "કટકાવ લીના અને ઘટકાવ લીના અરે શામળે , અરે કાનુડે મટકાવ લીના રાધાના અકાટો પટકાવ લીના ."
                ]
            },
            {
                "block_text": "આ સાંભળી શ્રીજી મહારાજ હસી પડયા . પછી તે એ ખીજી પ્રભાતી આલ્યે કેઃ “ કાના રૂઢચો , રાધા મનાવે . ” આ પ્રભાતી રાગ સાંભળી શ્રીજી મહારાજ ઘાશીયા ઉપર ઉગમણુ ' મુખ રાખીને આડે પડખે થયા અને સ . ગુ . મુક્તાનંદ સ્વામીને કહેવા લાગ્યા . “ અમારા જીવ ઘણા ઉદાસી થયે છે માટે હમણાં અમે ઉત્તરખંડમાં જાશું ' , કેમ જે અમારું ચિત્ત ઘણું ખેંચાય છે . માટે અમારે રહેવું નથી . ”",
                "lines": [
                    "આ સાંભળી શ્રીજી મહારાજ હસી પડયા . પછી તે એ ખીજી પ્રભાતી આલ્યે કેઃ “ કાના રૂઢચો , રાધા મનાવે . ” આ પ્રભાતી રાગ સાંભળી શ્રીજી મહારાજ ઘાશીયા ઉપર ઉગમણુ ' મુખ રાખીને આડે પડખે થયા અને સ . ગુ . મુક્તાનંદ સ્વામીને કહેવા લાગ્યા . “ અમારા જીવ ઘણા ઉદાસી થયે છે માટે હમણાં અમે ઉત્તરખંડમાં જાશું ' , કેમ જે અમારું ચિત્ત ઘણું ખેંચાય છે . માટે અમારે રહેવું નથી . ”"
                ]
            },
            {
                "block_text": "આ સમયે દરખારગઢમાંથી એક માણસ આવ્યે અને ખેલ્યું : “ માટીમાના જીવ રડે તેમ નથી એવું અચાનક કાંઈક થઈ ગયું છે . ’ ’",
                "lines": [
                    "આ સમયે દરખારગઢમાંથી એક માણસ આવ્યે અને ખેલ્યું : “ માટીમાના જીવ રડે તેમ નથી એવું અચાનક કાંઈક થઈ ગયું છે . ’ ’"
                ]
            },
            {
                "block_text": "આ સાંભળી બ્રહ્માનંદ સ્વામી ખેલ્યા : 4. હૈ કૃપા- નાથ , આમ કર્યું શું થાય ? તમારી ઉદાસીથી કેટલાક રિજનાના ( સત્સ’ગીઓના ) દેહ પડી જશે . માટે આમ ન કરો . ’",
                "lines": [
                    "આ સાંભળી બ્રહ્માનંદ સ્વામી ખેલ્યા : 4. હૈ કૃપા- નાથ , આમ કર્યું શું થાય ? તમારી ઉદાસીથી કેટલાક રિજનાના ( સત્સ’ગીઓના ) દેહ પડી જશે . માટે આમ ન કરો . ’"
                ]
            },
            {
                "block_text": "આ સાંભળીને શ્રીજી મહારાજ હસ્યા , તેટલામાં એમને મગાસું આવ્યુ એટલે તેઓએ ચપટી વગાડી ત્યારે તેમની સાથે પરમહ  ંસાએ પણ ચપટી વગાડી . થાડી વાર થઇ ત્યાં ફરી દરખારગઢમાંથી માણસ આવ્યે અને ખેલ્યા : જીવુ ખાને સુવાણુ થઇ છે . ” પછી શ્રીજી મહારાજે બેચર ચાવડાને",
                "lines": [
                    "આ સાંભળીને શ્રીજી મહારાજ હસ્યા , તેટલામાં એમને મગાસું આવ્યુ એટલે તેઓએ ચપટી વગાડી ત્યારે તેમની સાથે પરમહ  ંસાએ પણ ચપટી વગાડી . થાડી વાર થઇ ત્યાં ફરી દરખારગઢમાંથી માણસ આવ્યે અને ખેલ્યા : જીવુ ખાને સુવાણુ થઇ છે . ” પછી શ્રીજી મહારાજે બેચર ચાવડાને"
                ]
            }
        ]
    }
}