{
    "page_number": 3021,
    "right_column": {
        "blocks": [
            {
                "block_text": "સત્ય વિ. બ્રહ્મચર્ય૧૫",
                "lines": [
                    "સત્ય વિ. બ્રહ્મચર્ય૧૫"
                ]
            },
            {
                "block_text": "જાહેર કર્યું કે “આટઆટલા ભગીરથ પ્રયત્નો પછી ગાંધીજીને પણ આમ થાય તો પછી \nઆપણે ક્યાં? આ બ્રહ્મચર્યાદિ પાળવાના પ્રયત્ન કરવા એ ફોગટ ફાંફાં છે. ગાંધીજીના \nએકરારથી મારું દૃષ્ટિબિંદુ સમૂળગું બદલાઈ ગયું છે. મને આજથી ગયો સમજ.” કંઈક \nવીલે મોઢે મેં બચાવ કરવા માંડ્યો : “જો ગાંધીજી જેવાને પણ આ માર્ગે જવું આટલું \nકઠણ છે તો પછી આપણે આપણા પ્રયત્નો ત્રેવડવા જોઈએ, વગેરે વગેરે” — જેવી દલીલો \nકદાચ ગાંધીજી કે આપ કરો. પણ એ બધું મિથ્યા. આજ સુધી નિષ્કલંક અને સુંદર રહેલું \nચરિત્ર કલંકિત થયું. કર્મ સિદ્ધાંતાનુસાર આ અધઃપતનનો કંઈક દોષ કોઈ ગાંધીજી ઉપર \nચોંટાડે તો આપ યા ગાંધીજી શું કહો?",
                "lines": [
                    "જાહેર કર્યું કે “આટઆટલા ભગીરથ પ્રયત્નો પછી ગાંધીજીને પણ આમ થાય તો પછી",
                    "આપણે ક્યાં? આ બ્રહ્મચર્યાદિ પાળવાના પ્રયત્ન કરવા એ ફોગટ ફાંફાં છે. ગાંધીજીના",
                    "એકરારથી મારું દૃષ્ટિબિંદુ સમૂળગું બદલાઈ ગયું છે. મને આજથી ગયો સમજ.” કંઈક",
                    "વીલે મોઢે મેં બચાવ કરવા માંડ્યો : “જો ગાંધીજી જેવાને પણ આ માર્ગે જવું આટલું",
                    "કઠણ છે તો પછી આપણે આપણા પ્રયત્નો ત્રેવડવા જોઈએ, વગેરે વગેરે” — જેવી દલીલો",
                    "કદાચ ગાંધીજી કે આપ કરો. પણ એ બધું મિથ્યા. આજ સુધી નિષ્કલંક અને સુંદર રહેલું",
                    "ચરિત્ર કલંકિત થયું. કર્મ સિદ્ધાંતાનુસાર આ અધઃપતનનો કંઈક દોષ કોઈ ગાંધીજી ઉપર",
                    "ચોંટાડે તો આપ યા ગાંધીજી શું કહો?"
                ]
            },
            {
                "block_text": "જ્યાં સુધી આ એક જ દાખલો ધ્યાનમાં હતો ત્યાં સુધી મેં આપને ન લખ્યું —  \n“અપવાદ”ના સહેલાસુતરા જવાબથી ટળવા હું તૈયાર નહોતો. પણ ત્યાર પછી બીજા \nદાખલાઓએ મજકૂર લેખના વાચન પછીના મારા ભયને પુરવણી આપી છે અને ઉપર \nજણાવેલ મારા મિત્ર ઉપર જે અસર થઈ તે માત્ર અપવાદ રૂપે જ નહોતી તેની મને \nખાતરી કરી આપી છે.",
                "lines": [
                    "જ્યાં સુધી આ એક જ દાખલો ધ્યાનમાં હતો ત્યાં સુધી મેં આપને ન લખ્યું —",
                    "“અપવાદ”ના સહેલાસુતરા જવાબથી ટળવા હું તૈયાર નહોતો. પણ ત્યાર પછી બીજા",
                    "દાખલાઓએ મજકૂર લેખના વાચન પછીના મારા ભયને પુરવણી આપી છે અને ઉપર",
                    "જણાવેલ મારા મિત્ર ઉપર જે અસર થઈ તે માત્ર અપવાદ રૂપે જ નહોતી તેની મને",
                    "ખાતરી કરી આપી છે."
                ]
            },
            {
                "block_text": "ગાંધીજીને સહેલાઈથી શક્ય એવી હજારો બાબતો મારા માટે તો સાવ અશક્ય એ \nહું જાણું છું, પણ ભગવત્કૃપાએ એ બળ મેળવ્યું છે કે ગાંધીજીનેય અશક્ય એવી એકાદ \nકોઈક બાબત મને શક્ય થઈ શકે ખરી. ગાંધીજીના એકરાર પછી અંતર વલોવાયું અને \nબ્રહ્મચર્યનું સ્વાસ્થ્ય ડહોળાયું છે તે હજુ પોતાની સ્થિતિમાં પાછું નથી આવ્યું — પણ આવા \nએકાદ વિચારે જ મને પડતો બચાવ્યો છે. ઘણી વાર એક દોષ બીજા દોષમાંથી ઉગારી લે \nછે. મારી આ બાબતમાં મારા અભિમાનના દોષે (ગાંધીજીને અશક્ય એ મને શક્ય!!!)મને પડતો અટકાવ્યો!",
                "lines": [
                    "ગાંધીજીને સહેલાઈથી શક્ય એવી હજારો બાબતો મારા માટે તો સાવ અશક્ય એ",
                    "હું જાણું છું, પણ ભગવત્કૃપાએ એ બળ મેળવ્યું છે કે ગાંધીજીનેય અશક્ય એવી એકાદ",
                    "કોઈક બાબત મને શક્ય થઈ શકે ખરી. ગાંધીજીના એકરાર પછી અંતર વલોવાયું અને",
                    "બ્રહ્મચર્યનું સ્વાસ્થ્ય ડહોળાયું છે તે હજુ પોતાની સ્થિતિમાં પાછું નથી આવ્યું — પણ આવા",
                    "એકાદ વિચારે જ મને પડતો બચાવ્યો છે. ઘણી વાર એક દોષ બીજા દોષમાંથી ઉગારી લે",
                    "છે. મારી આ બાબતમાં મારા અભિમાનના દોષે (ગાંધીજીને અશક્ય એ મને શક્ય!!!)મને પડતો અટકાવ્યો!"
                ]
            },
            {
                "block_text": "ગાંધીજીના ધ્યાન ઉપર આ વાત લાવવાની કૃપા કરશો? — ખાસ કરીને હમણાં કે \nજ્યારે પોતે આત્મકથા લખી રહ્યા છે. સત્ય અને નર્યું સત્ય લખવું એમાં બહાદુરી તો \nજરૂર છે, પણ દુનિયામાં અને,नवजीवन, यंग इन्डियाના વાચકોમાં એથી વિરુદ્ધનો ગુણ \nવધુ પ્રમાણમાં છે અને આથી એકનો ખોરાક તે બીજાને ઝેર સમાન થઈ પડે.",
                "lines": [
                    "ગાંધીજીના ધ્યાન ઉપર આ વાત લાવવાની કૃપા કરશો? — ખાસ કરીને હમણાં કે",
                    "જ્યારે પોતે આત્મકથા લખી રહ્યા છે. સત્ય અને નર્યું સત્ય લખવું એમાં બહાદુરી તો",
                    "જરૂર છે, પણ દુનિયામાં અને,नवजीवन, यंग इन्डियाના વાચકોમાં એથી વિરુદ્ધનો ગુણ",
                    "વધુ પ્રમાણમાં છે અને આથી એકનો ખોરાક તે બીજાને ઝેર સમાન થઈ પડે."
                ]
            },
            {
                "block_text": "આવી ફરિયાદ નવી નથી. અસહકારનું આંદોલન જોરથી ચાલતું હતું અને જ્યારે મેં મારી \nભૂલ કબૂલ કરી ત્યારે મને એક મિત્રે સરળ ભાવે લખ્યું :",
                "lines": [
                    "આવી ફરિયાદ નવી નથી. અસહકારનું આંદોલન જોરથી ચાલતું હતું અને જ્યારે મેં મારી",
                    "ભૂલ કબૂલ કરી ત્યારે મને એક મિત્રે સરળ ભાવે લખ્યું :"
                ]
            },
            {
                "block_text": "તમારે તો ભૂલ થાય તોયે કબૂલ ન કરવી જોઈએ. ભૂલ ન જ કરે એવો કોઈક \nતો છે એવો લોકોને ખ્યાલ રહેવો જોઈએ. તમે આવા ગણાતા હતા. હવે તમે ભૂલનો સ્વીકાર કર્યો એટલે લોકો હતાશ થવાના. આ કાગળથી હું હસ્યો ને મને ખેદ થયો. \nલખનારના ભોળપણનું મને હસવું આવ્યું. ભૂલ ન કરે એવો મનુષ્ય ન મળે તો કોઈને \nએવો મનાવવાનો વિચાર સરખોયે મને ત્રાસદાયક લાગ્યો.",
                "lines": [
                    "તમારે તો ભૂલ થાય તોયે કબૂલ ન કરવી જોઈએ. ભૂલ ન જ કરે એવો કોઈક",
                    "તો છે એવો લોકોને ખ્યાલ રહેવો જોઈએ. તમે આવા ગણાતા હતા. હવે તમે ભૂલનો સ્વીકાર કર્યો એટલે લોકો હતાશ થવાના. આ કાગળથી હું હસ્યો ને મને ખેદ થયો.",
                    "લખનારના ભોળપણનું મને હસવું આવ્યું. ભૂલ ન કરે એવો મનુષ્ય ન મળે તો કોઈને",
                    "એવો મનાવવાનો વિચાર સરખોયે મને ત્રાસદાયક લાગ્યો."
                ]
            },
            {
                "block_text": "મારાથી ભૂલ થાય ને તે જાણવામાં આવે તેથી લોકોને હાનિ થવાને બદલે લાભ જ થાય. \nમારી ભૂલોના મારા શીઘ્ર સ્વીકારથી પ્રજાને લાભ જ થયો છે એવો મારો દૃઢ વિશ્વાસ છે. મને \nપોતાને તો તેથી લાભ જ થયો છે એમ મેં અનુભવ્યું છે.",
                "lines": [
                    "મારાથી ભૂલ થાય ને તે જાણવામાં આવે તેથી લોકોને હાનિ થવાને બદલે લાભ જ થાય.",
                    "મારી ભૂલોના મારા શીઘ્ર સ્વીકારથી પ્રજાને લાભ જ થયો છે એવો મારો દૃઢ વિશ્વાસ છે. મને",
                    "પોતાને તો તેથી લાભ જ થયો છે એમ મેં અનુભવ્યું છે."
                ]
            },
            {
                "block_text": "તેવું જ મારાં દૂષિત સ્વપ્નાંઓ વિશે સમજવું. હું સંપૂર્ણ બ્રહ્મચારી ન હોવા છતાં તેવો \nહોવાનો દાવો કરું તેથી તો જગતને ઘણું નુકસાન પહોંચે. કેમ કે તેથી બ્રહ્મચર્ય કલંકિત બને,",
                "lines": [
                    "તેવું જ મારાં દૂષિત સ્વપ્નાંઓ વિશે સમજવું. હું સંપૂર્ણ બ્રહ્મચારી ન હોવા છતાં તેવો",
                    "હોવાનો દાવો કરું તેથી તો જગતને ઘણું નુકસાન પહોંચે. કેમ કે તેથી બ્રહ્મચર્ય કલંકિત બને,"
                ]
            }
        ]
    }
}