{
    "page_number": 3041,
    "right_column": {
        "blocks": [
            {
                "block_text": "ઍન્ડ્રૂઝની વેદના૮૯",
                "lines": [
                    "ઍન્ડ્રૂઝની વેદના૮૯"
                ]
            },
            {
                "block_text": "કર્યા તે દૃશ્યના જેવું અધોગતિકારક દૃશ્ય બીજું કયું હોઈ શકે? છેવટે કેસવેલ સ્મટ્સ વચ્ચે \nજે વાગ્યુદ્ધ થયું તેમાં શુદ્ધ પાખંડ હતું. બેમાંથી વાંક કોનો વધારે હતો એને વિશે જ \nવાદ ચાલ્યો! ૦ તો અંધારામાં જ દબાઈ ગયો. આ અવસરે આર્ષદૃષ્ટિવાળો એક \nપણ જણ ત્યાં ન હતો કે જે તેમને કહી શકે કે ઈશ્વર તમને પૂછનારો બેઠેલો છે.",
                "lines": [
                    "કર્યા તે દૃશ્યના જેવું અધોગતિકારક દૃશ્ય બીજું કયું હોઈ શકે? છેવટે કેસવેલ સ્મટ્સ વચ્ચે",
                    "જે વાગ્યુદ્ધ થયું તેમાં શુદ્ધ પાખંડ હતું. બેમાંથી વાંક કોનો વધારે હતો એને વિશે જ",
                    "વાદ ચાલ્યો! ૦ તો અંધારામાં જ દબાઈ ગયો. આ અવસરે આર્ષદૃષ્ટિવાળો એક",
                    "પણ જણ ત્યાં ન હતો કે જે તેમને કહી શકે કે ઈશ્વર તમને પૂછનારો બેઠેલો છે."
                ]
            },
            {
                "block_text": "અને હવે એશિયાટીક સામેના કાયદા વિશે પણ એ જ સ્થિતિ આવીને ઊભી રહી \nછે. થોડાક દિવસ કદાચ આપણું કમનસીબ આવતું લંબાય પણ તે અટકવાનું તો નથી \nજ. પહેલી વાર ખરડો રજૂ થયો ત્યારે જોવા જેવું દૃશ્ય હતું. સ્મટ્સ અને સ્માર્ટ અને \nડ્રમન્ડ ચૅપલિન ગેરહાજર હતા. બાકીનાએ તો ઉચ્છૃંખલતાથી જ મત આપ્યા. ૮૧ વિરુદ્ધ \n૧૦ હતા. અને આ ૧૦ પણ કેપ કૉલોનીના સભ્યો હતા જેમને પોતાના મત આપનારા \nહબસીઓનો વિચાર કરવાનો હતો.",
                "lines": [
                    "અને હવે એશિયાટીક સામેના કાયદા વિશે પણ એ જ સ્થિતિ આવીને ઊભી રહી",
                    "છે. થોડાક દિવસ કદાચ આપણું કમનસીબ આવતું લંબાય પણ તે અટકવાનું તો નથી",
                    "જ. પહેલી વાર ખરડો રજૂ થયો ત્યારે જોવા જેવું દૃશ્ય હતું. સ્મટ્સ અને સ્માર્ટ અને",
                    "ડ્રમન્ડ ચૅપલિન ગેરહાજર હતા. બાકીનાએ તો ઉચ્છૃંખલતાથી જ મત આપ્યા. ૮૧ વિરુદ્ધ",
                    "૧૦ હતા. અને આ ૧૦ પણ કેપ કૉલોનીના સભ્યો હતા જેમને પોતાના મત આપનારા",
                    "હબસીઓનો વિચાર કરવાનો હતો."
                ]
            },
            {
                "block_text": "આખરે ખરેખર શું બનશે એ તો ચોકસ નહીં કહી શકાય. વાઇસરૉયના હાથમાં \nવાત છે. મારો પોતાનો અભિપ્રાય તો એવો છે કે લોકોની આગળ અને જગતની આગળ \nઆ કાયદાના તત્ત્વ વિશે આપણો અભિપ્રાય દર્શાવવાની જેટલી તક મળે તેટલી આપણે \nલેવી જ જોઈએ. પણ કાયદાનું મૂળ તત્ત્વ જેની આપણે સખત વિરુદ્ધ છીએ તેની ચર્ચા \nથયા વિના જ જો ખરડાનું બીજું વાચન કરી દેવામાં આવે તો કાયદાની વિગતોને વિશે \nઆપણે બિલકુલ પુરાવો આપવો નહીં. આખરની અપીલ જ્યાં સુધી આપણે સામ્રાજ્યમાં \nછીએ ત્યાં સુધી તો ઇમ્પીરિયલ કૉન્ફરન્સને જ થવી જોઈએ. પણ હર્ટઝોગ અને ટિલમૅન \nરૂઝ જેઓ આવતા ઑક્ટોબરમાં એ પરિષદમાં જવાના છે તેઓ ગઈ વખતે સ્મટ્સે કર્યું \nતેમ બિલકુલ ચૂપ જ રહેશે. છતાં જે સિદ્ધાંત તેઓ આગળ કરે છે તે સિદ્ધાંતને \nઆ પરિષદમાં તિરસ્કારપાત્ર જાહેર કરવા એ મુશ્કેલ ન થવું જોઈએ.",
                "lines": [
                    "આખરે ખરેખર શું બનશે એ તો ચોકસ નહીં કહી શકાય. વાઇસરૉયના હાથમાં",
                    "વાત છે. મારો પોતાનો અભિપ્રાય તો એવો છે કે લોકોની આગળ અને જગતની આગળ",
                    "આ કાયદાના તત્ત્વ વિશે આપણો અભિપ્રાય દર્શાવવાની જેટલી તક મળે તેટલી આપણે",
                    "લેવી જ જોઈએ. પણ કાયદાનું મૂળ તત્ત્વ જેની આપણે સખત વિરુદ્ધ છીએ તેની ચર્ચા",
                    "થયા વિના જ જો ખરડાનું બીજું વાચન કરી દેવામાં આવે તો કાયદાની વિગતોને વિશે",
                    "આપણે બિલકુલ પુરાવો આપવો નહીં. આખરની અપીલ જ્યાં સુધી આપણે સામ્રાજ્યમાં",
                    "છીએ ત્યાં સુધી તો ઇમ્પીરિયલ કૉન્ફરન્સને જ થવી જોઈએ. પણ હર્ટઝોગ અને ટિલમૅન",
                    "રૂઝ જેઓ આવતા ઑક્ટોબરમાં એ પરિષદમાં જવાના છે તેઓ ગઈ વખતે સ્મટ્સે કર્યું",
                    "તેમ બિલકુલ ચૂપ જ રહેશે. છતાં જે સિદ્ધાંત તેઓ આગળ કરે છે તે સિદ્ધાંતને",
                    "આ પરિષદમાં તિરસ્કારપાત્ર જાહેર કરવા એ મુશ્કેલ ન થવું જોઈએ."
                ]
            },
            {
                "block_text": "ગમે તેમ હો, પરિણામ રાજદ્વારી મસલતો ઉપર બિલકુલ આધાર નથી રાખતું. આપણે \nકઈ ચાલ ચલીએ એની ઉપર કશો આધાર નથી. મુદ્દો એ છે કે દક્ષિણ આફ્રિકાની \nસરકાર હિંદીઓને અલગ કરી કિનારાના ભાગમાં અને ત્યાંથી દેશબહાર કાઢવા માગે \nછે. જ્યાં સુધી એ સરકારની આ નીતિ બદલાવાની નથી ત્યાં સુધી શાંતિ અશક્ય છે, શાંતિની \nઆશા રાખવી અશક્ય છે. બ્રિટિશ સામ્રાજ્ય, દરેક સામ્રાજ્યવાસીની કાયદામાં સમાન \nસ્થિતિ છે એ સૂત્ર ઉપર રચાયેલું છે. દક્ષિણ આફ્રિકામાં હવે એ ન્યાયસૂત્રનો પાયો નાબૂદ \nથયો છે. દક્ષિણ આફ્રિકાની ધારાપોથી ૧૮૮૫ના અન્યાયપૂર્ણ “ગોલ્ડ લૉ”ના કરતાં પણ \nવધારે કાળા એવા નવા કાયદાઓથી કાળી થયેલી છે.",
                "lines": [
                    "ગમે તેમ હો, પરિણામ રાજદ્વારી મસલતો ઉપર બિલકુલ આધાર નથી રાખતું. આપણે",
                    "કઈ ચાલ ચલીએ એની ઉપર કશો આધાર નથી. મુદ્દો એ છે કે દક્ષિણ આફ્રિકાની",
                    "સરકાર હિંદીઓને અલગ કરી કિનારાના ભાગમાં અને ત્યાંથી દેશબહાર કાઢવા માગે",
                    "છે. જ્યાં સુધી એ સરકારની આ નીતિ બદલાવાની નથી ત્યાં સુધી શાંતિ અશક્ય છે, શાંતિની",
                    "આશા રાખવી અશક્ય છે. બ્રિટિશ સામ્રાજ્ય, દરેક સામ્રાજ્યવાસીની કાયદામાં સમાન",
                    "સ્થિતિ છે એ સૂત્ર ઉપર રચાયેલું છે. દક્ષિણ આફ્રિકામાં હવે એ ન્યાયસૂત્રનો પાયો નાબૂદ",
                    "થયો છે. દક્ષિણ આફ્રિકાની ધારાપોથી ૧૮૮૫ના અન્યાયપૂર્ણ “ગોલ્ડ લૉ”ના કરતાં પણ",
                    "વધારે કાળા એવા નવા કાયદાઓથી કાળી થયેલી છે."
                ]
            },
            {
                "block_text": "આજની દક્ષિણ આફ્રિકાની સ્થિતિ વિચિત્ર છે. આપણે ૧૯૧૪માં જે ઉદારતત્ત્વ \nજોયેલું તે નાશ થયું જણાય છે. ક્યાંક ક્યાંક કોઈક કોઈ વિરોધનો અવાજ કાઢે છે, પણ \nઘડીકમાં તે શમી જાય છે.",
                "lines": [
                    "આજની દક્ષિણ આફ્રિકાની સ્થિતિ વિચિત્ર છે. આપણે ૧૯૧૪માં જે ઉદારતત્ત્વ",
                    "જોયેલું તે નાશ થયું જણાય છે. ક્યાંક ક્યાંક કોઈક કોઈ વિરોધનો અવાજ કાઢે છે, પણ",
                    "ઘડીકમાં તે શમી જાય છે."
                ]
            },
            {
                "block_text": "વર્ણબાધના અને એશિયાવાસીઓ વિરુદ્ધના કાયદા જેવા બે કાયદા ૧૯૧૪માં \nલાવવામાં આવ્યા હોત તો કેવો ખળભળાટ મચત? કેપ પ્રાંતનાં બધાં ઉદાર બળો સાથે એક \nથઈ તેની સામે થાત. પણ આજે તો કશો વિરોધ નહોતો. એમ કહીએ તો ચાલે. માત્ર \nકેપના ગણ્યાગાંઠ્યા સભ્યોએ વિરોધ મત આપ્યો કારણ તેમને પોતાને મત આપનારા \nહબસીઓના મતની દરકાર હતી અને તે દસની પણ બિચારાઓની હાંસી થઈ!",
                "lines": [
                    "વર્ણબાધના અને એશિયાવાસીઓ વિરુદ્ધના કાયદા જેવા બે કાયદા ૧૯૧૪માં",
                    "લાવવામાં આવ્યા હોત તો કેવો ખળભળાટ મચત? કેપ પ્રાંતનાં બધાં ઉદાર બળો સાથે એક",
                    "થઈ તેની સામે થાત. પણ આજે તો કશો વિરોધ નહોતો. એમ કહીએ તો ચાલે. માત્ર",
                    "કેપના ગણ્યાગાંઠ્યા સભ્યોએ વિરોધ મત આપ્યો કારણ તેમને પોતાને મત આપનારા",
                    "હબસીઓના મતની દરકાર હતી અને તે દસની પણ બિચારાઓની હાંસી થઈ!"
                ]
            }
        ]
    }
}