{
    "page_number": 3040,
    "right_column": {
        "blocks": [
            {
                "block_text": "૯૯.ઍન્ડ્રૂઝની વેદના",
                "lines": [
                    "૯૯.ઍન્ડ્રૂઝની વેદના"
                ]
            },
            {
                "block_text": "પેલા મહાનુભાવ અંગ્રેજ ચાર્લી ઍન્ડ્રૂઝ હિંદમાં કે હિંદની બહાર જે નિઃસ્વાર્થતાથી ને \nવારંવાર ગેરસમજૂતીઓ વહોરીને પણ આપણી લડાઈઓ લડી રહ્યા છે તેની બરાબરી ભાગ્યે \nજ થઈ શકે એમ છે, સરસાઈ તો ન જ થઈ શકે. દક્ષિણ આફ્રિકામાં વસતા આપણા \nદેશબંધુઓને તેમની ભીડની ઘડીએ પહોંચી જઈને ઍન્ડ્રૂઝે જે હૂંફ અને બળ આપ્યાં છે તેનું \nપૂરું માપ આપણે ભાગ્યે જ કાઢી શકીશું. તા. ૨૩મી ફેબ્રુઆરીનો કેપટાઉનથી લખેલો તેમનો \nપત્ર શબ્દેશબ્દ નીચે ઉતાર છું :",
                "lines": [
                    "પેલા મહાનુભાવ અંગ્રેજ ચાર્લી ઍન્ડ્રૂઝ હિંદમાં કે હિંદની બહાર જે નિઃસ્વાર્થતાથી ને",
                    "વારંવાર ગેરસમજૂતીઓ વહોરીને પણ આપણી લડાઈઓ લડી રહ્યા છે તેની બરાબરી ભાગ્યે",
                    "જ થઈ શકે એમ છે, સરસાઈ તો ન જ થઈ શકે. દક્ષિણ આફ્રિકામાં વસતા આપણા",
                    "દેશબંધુઓને તેમની ભીડની ઘડીએ પહોંચી જઈને ઍન્ડ્રૂઝે જે હૂંફ અને બળ આપ્યાં છે તેનું",
                    "પૂરું માપ આપણે ભાગ્યે જ કાઢી શકીશું. તા. ૨૩મી ફેબ્રુઆરીનો કેપટાઉનથી લખેલો તેમનો",
                    "પત્ર શબ્દેશબ્દ નીચે ઉતાર છું :"
                ]
            },
            {
                "block_text": "આ વેદના તો જાણે અનંત હોય એમ લાગે છે. એવી અગાઉ કદી નથી અનુભવી. \nભરતી અને ઓટ, આશા અને ભયંકર નિરાશાની આવજા થયા કરે છે. ઘડીક વાર એવું \nલાગેલું કે કંઈક ભારે પરિવર્તન થશે, બધાં દ્વાર ખૂલશે અને સને ૧૯૧૪માં ગોરાઓમાં \nજે પશ્ચાત્તાપ અને ભાન જાગ્રત થયાં હતાં તે ફરી જાગ્રત થશે. જનરલ હરઝોગ અને \nડૉ. મલાનની સાથે મારે લાંબી વાતચીત થઈ. બંનેએ અતિશય ગંભીરતાપૂર્વક અને મારા \nધારવા પ્રમાણે નિખાલસપણે વાત કરી. એટલું જ નહીં પણ મને એમ પણ લાગ્યું કે \nતેમણે જે વૃત્તિ મૂળ ગ્રહણ કરી હતી તેમાંથી તેઓ હઠવાને તૈયાર હતા. અને મને \nઆશા પણ ઊપજેલી કે કોઈ નહીં તો લાંબી મુદત સુધી નવો કાયદો મુલતવી રહેશે. વળી, \nઆપણો સિતારો પણ પાધરો દેખાતો હતો, કારણ ત્યાં હમણાં સમૃદ્ધિ વધવાનાં નવાં \nચિહ્નો દેખાઈ રહ્યાં છે. સોનાને બદલે હવે પ્લેટિનમ જડ્યું છે અને તેની કિંમત સોના \nકરતાં વધારે છે. ટ્રાન્સવાલમાં કોલસાની ખાણની શોધ થઈ છે અને તેનું ક્ષેત્ર ડંડીની ખાણ \nજેટલું વિશાળ છે. વળી, મકાઈનો પાક પણ ગયે વર્ષે હમેશના કરતાં લગભગ બમણો \nઅને બહુ ઉમદા નીપજ્યો હતો. એટલે લગભગ બધી દિશામાં મજૂરની તાણ જણાઈ રહી \nછે. અને બહારથી લાવવાના મજૂરોની સંખ્યા જે પોણો લાખની છે તે પોર્ટુગીઝ ઈસ્ટ \nઆફ્રિકામાંથી બીજા મજૂરો લાવી વધારવાની સરકારને સૂચના થઈ રહી છે. આવે ટાંકણે \nદેશમાંથી અતિશય ઉદ્યમી એવા હજારો કામદારોને હાંકી કાઢવાની પેરવી કરવી એ ઘણા \nલોકોને મોઢાને વાંકે નાક વાઢવા જેવું લાગે છે. એવું સ્પષ્ટ ભાસતું હતું કે ઉપલી \nસ્વાર્થની દૃષ્ટિ જરાક મજબૂત થાય તો એશિયાવાસી વિરુદ્ધની હિલચાલ કંઈક હળવી પડે. \nવધારે માણસાઈ ભરેલી દૃષ્ટિને પણ કંઈક જોર મળી રહ્યું હતું. રવીન્દ્રનાથ ટાગોર ઉપર \nમેં જે ભાષણ આપ્યું તે સાંભળવાને માટે ૧૯૧૪ની જેમ આ વેળા પણ ખંડ ચિકાર \nભરાયો હતો. લોકોની વૃત્તિમાં કંઈક ભારે પરિવર્તન દેખાતું હતું. એ ભાષણ ઘોષપ્રસારક \nયંત્ર દ્વારા પુષ્કળ વિસ્તારમાં ફેલાવવાની મને વિનંતી કરવામાં આવી હતી. અને \nવિદ્યાપીઠમાં અને કેટલીક, શાળાઓમાં પણ એ જ વિશે બોલવાનું મને આમંત્રણ થયું હતું. \nવર્તમાનપત્રોમાં પણ એ વિષય બહુ ચર્ચાયો અને ખાતરી આપવામાં આવી કે હિંદુસ્તાન \nસામે હિંદુસ્તાન તરીકે કશો દ્વેષભાવ નથી.",
                "lines": [
                    "આ વેદના તો જાણે અનંત હોય એમ લાગે છે. એવી અગાઉ કદી નથી અનુભવી.",
                    "ભરતી અને ઓટ, આશા અને ભયંકર નિરાશાની આવજા થયા કરે છે. ઘડીક વાર એવું",
                    "લાગેલું કે કંઈક ભારે પરિવર્તન થશે, બધાં દ્વાર ખૂલશે અને સને ૧૯૧૪માં ગોરાઓમાં",
                    "જે પશ્ચાત્તાપ અને ભાન જાગ્રત થયાં હતાં તે ફરી જાગ્રત થશે. જનરલ હરઝોગ અને",
                    "ડૉ. મલાનની સાથે મારે લાંબી વાતચીત થઈ. બંનેએ અતિશય ગંભીરતાપૂર્વક અને મારા",
                    "ધારવા પ્રમાણે નિખાલસપણે વાત કરી. એટલું જ નહીં પણ મને એમ પણ લાગ્યું કે",
                    "તેમણે જે વૃત્તિ મૂળ ગ્રહણ કરી હતી તેમાંથી તેઓ હઠવાને તૈયાર હતા. અને મને",
                    "આશા પણ ઊપજેલી કે કોઈ નહીં તો લાંબી મુદત સુધી નવો કાયદો મુલતવી રહેશે. વળી,",
                    "આપણો સિતારો પણ પાધરો દેખાતો હતો, કારણ ત્યાં હમણાં સમૃદ્ધિ વધવાનાં નવાં",
                    "ચિહ્નો દેખાઈ રહ્યાં છે. સોનાને બદલે હવે પ્લેટિનમ જડ્યું છે અને તેની કિંમત સોના",
                    "કરતાં વધારે છે. ટ્રાન્સવાલમાં કોલસાની ખાણની શોધ થઈ છે અને તેનું ક્ષેત્ર ડંડીની ખાણ",
                    "જેટલું વિશાળ છે. વળી, મકાઈનો પાક પણ ગયે વર્ષે હમેશના કરતાં લગભગ બમણો",
                    "અને બહુ ઉમદા નીપજ્યો હતો. એટલે લગભગ બધી દિશામાં મજૂરની તાણ જણાઈ રહી",
                    "છે. અને બહારથી લાવવાના મજૂરોની સંખ્યા જે પોણો લાખની છે તે પોર્ટુગીઝ ઈસ્ટ",
                    "આફ્રિકામાંથી બીજા મજૂરો લાવી વધારવાની સરકારને સૂચના થઈ રહી છે. આવે ટાંકણે",
                    "દેશમાંથી અતિશય ઉદ્યમી એવા હજારો કામદારોને હાંકી કાઢવાની પેરવી કરવી એ ઘણા",
                    "લોકોને મોઢાને વાંકે નાક વાઢવા જેવું લાગે છે. એવું સ્પષ્ટ ભાસતું હતું કે ઉપલી",
                    "સ્વાર્થની દૃષ્ટિ જરાક મજબૂત થાય તો એશિયાવાસી વિરુદ્ધની હિલચાલ કંઈક હળવી પડે.",
                    "વધારે માણસાઈ ભરેલી દૃષ્ટિને પણ કંઈક જોર મળી રહ્યું હતું. રવીન્દ્રનાથ ટાગોર ઉપર",
                    "મેં જે ભાષણ આપ્યું તે સાંભળવાને માટે ૧૯૧૪ની જેમ આ વેળા પણ ખંડ ચિકાર",
                    "ભરાયો હતો. લોકોની વૃત્તિમાં કંઈક ભારે પરિવર્તન દેખાતું હતું. એ ભાષણ ઘોષપ્રસારક",
                    "યંત્ર દ્વારા પુષ્કળ વિસ્તારમાં ફેલાવવાની મને વિનંતી કરવામાં આવી હતી. અને",
                    "વિદ્યાપીઠમાં અને કેટલીક, શાળાઓમાં પણ એ જ વિશે બોલવાનું મને આમંત્રણ થયું હતું.",
                    "વર્તમાનપત્રોમાં પણ એ વિષય બહુ ચર્ચાયો અને ખાતરી આપવામાં આવી કે હિંદુસ્તાન",
                    "સામે હિંદુસ્તાન તરીકે કશો દ્વેષભાવ નથી."
                ]
            },
            {
                "block_text": "પણ હવે બેથી સ્થિતિ ફરી ગઈ લાગે છે. શરૂઆત વર્ણબાધના ખરડાથી થઈ. તે \nવેળા પાર્લમેન્ટમાં જે દેખાવો. થયા — એક પક્ષે બીજા પક્ષની ઉપર પાખંડના જે આરોપો",
                "lines": [
                    "પણ હવે બેથી સ્થિતિ ફરી ગઈ લાગે છે. શરૂઆત વર્ણબાધના ખરડાથી થઈ. તે",
                    "વેળા પાર્લમેન્ટમાં જે દેખાવો. થયા — એક પક્ષે બીજા પક્ષની ઉપર પાખંડના જે આરોપો"
                ]
            },
            {
                "block_text": "૮૮",
                "lines": [
                    "૮૮"
                ]
            }
        ]
    }
}