{
    "page_number": 306,
    "right_column": {
        "blocks": [
            {
                "block_text": "ઋણસ્વીકાર",
                "lines": [
                    "ઋણસ્વીકાર"
                ]
            },
            {
                "block_text": "આ પુસ્તકની સામગ્રી માટે અમે સાબરમતી આશ્રમ સંરક્ષક અને સ્મારક ટ્રસ્ટ અને \nસંગ્રહાલય, નવજીવન ટ્રસ્ટ અને ગૂજરાત વિદ્યાપીઠ ગ્રંથાલય, અમદાવાદ; ગાંધી સ્મારક નિધિ \nઅને સંગ્રહાલય તથા નેશનલ આર્કાઇવ્ઝ ઑફ ઇન્ડિયા, નવી દિલ્હી; શ્રીમતી મીરાંબહેન, ગાડેન, \nઑસ્ટ્રિયા; શ્રીમતી સુશીલાબહેન ગાંધી, ફીનિક્સ, ડરબન; શ્રીમતી વસુમતી પંડિત, સુરત; શ્રીમતી \nતેહમીના ખંભાતા, મુંબઈ; શ્રી ઘનશ્યામદાસ બિરલા, કલકત્તા; શ્રી ડાહ્યાભાઈ પટેલ, ધોળકા; \nશ્રી શિવાભાઈ પટેલ, બોચાસણ; શ્રી પરસરામ મેહરોત્રા, નવી દિલ્હી; શ્રી મહેશ એ. પટ્ટણી, \nભાવનગર; શ્રી હરિભાઉ ગણેશ ફાટક, પૂના; શ્રી શાંતિકુમાર મોરારજી, મુંબઈ; તથા નીચેનાં \nપુસ્તકોના પ્રકાશકોના આભારી છીએ :केटलाक जूना पत्रो, बापुना पत्रो-૪ : मणिबहेन \nपटेलने, बापुनी प्रसादी, बापुझ लेटर्स टु मीरां, ग्लीनिंग्झ, माय डियर चाइल्ड, पांचवें पुत्रको \nबापु के आशीर्वाद, विठ्ठलभाई पटेल-लाईफ एन्ड टाइम्स.",
                "lines": [
                    "આ પુસ્તકની સામગ્રી માટે અમે સાબરમતી આશ્રમ સંરક્ષક અને સ્મારક ટ્રસ્ટ અને",
                    "સંગ્રહાલય, નવજીવન ટ્રસ્ટ અને ગૂજરાત વિદ્યાપીઠ ગ્રંથાલય, અમદાવાદ; ગાંધી સ્મારક નિધિ",
                    "અને સંગ્રહાલય તથા નેશનલ આર્કાઇવ્ઝ ઑફ ઇન્ડિયા, નવી દિલ્હી; શ્રીમતી મીરાંબહેન, ગાડેન,",
                    "ઑસ્ટ્રિયા; શ્રીમતી સુશીલાબહેન ગાંધી, ફીનિક્સ, ડરબન; શ્રીમતી વસુમતી પંડિત, સુરત; શ્રીમતી",
                    "તેહમીના ખંભાતા, મુંબઈ; શ્રી ઘનશ્યામદાસ બિરલા, કલકત્તા; શ્રી ડાહ્યાભાઈ પટેલ, ધોળકા;",
                    "શ્રી શિવાભાઈ પટેલ, બોચાસણ; શ્રી પરસરામ મેહરોત્રા, નવી દિલ્હી; શ્રી મહેશ એ. પટ્ટણી,",
                    "ભાવનગર; શ્રી હરિભાઉ ગણેશ ફાટક, પૂના; શ્રી શાંતિકુમાર મોરારજી, મુંબઈ; તથા નીચેનાં",
                    "પુસ્તકોના પ્રકાશકોના આભારી છીએ :केटलाक जूना पत्रो, बापुना पत्रो-૪ : मणिबहेन",
                    "पटेलने, बापुनी प्रसादी, बापुझ लेटर्स टु मीरां, ग्लीनिंग्झ, माय डियर चाइल्ड, पांचवें पुत्रको",
                    "बापु के आशीर्वाद, विठ्ठलभाई पटेल-लाईफ एन्ड टाइम्स."
                ]
            },
            {
                "block_text": "નીચેનાં વર્તમાનપત્રો તથા સામયિકોના પણ અમે આભારી છીએ :बॉम्बे क्रॉनिकल, फॉरवर्ड, \nगुजराती, हिंदी नवजीवन, हिन्दू, हिंदुस्तान टाइम्स, इन्डियन रिव्यू, लीडर, नवजीवनઅનેयंग इन्डिया.",
                "lines": [
                    "નીચેનાં વર્તમાનપત્રો તથા સામયિકોના પણ અમે આભારી છીએ :बॉम्बे क्रॉनिकल, फॉरवर्ड,",
                    "गुजराती, हिंदी नवजीवन, हिन्दू, हिंदुस्तान टाइम्स, इन्डियन रिव्यू, लीडर, नवजीवनઅનેयंग इन्डिया."
                ]
            },
            {
                "block_text": "સંશોધન અને સંદર્ભગ્રંથોની સગવડો માટે ઑલ ઇન્ડિયા કૉંગ્રેસ કમિટી પુસ્તકાલય, \nઇન્ડિયન કાઉન્સિલ ઑફ વર્લ્ડ ઍફેર્સ પુસ્તકાલય માહિતી અને પ્રસારણ મંત્રાલયનો સંશોધન અને \nસંદર્ભ વિભાગ, નવી દિલ્હી; સાબરમતી સંગ્રહાલય અને ગૂજરાત વિદ્યાપીઠ ગ્રંથાલય, અમદાવાદ; \nઅને શ્રી પ્યારેલાલ નય્યર, નવી દિલ્હી; તેમ જ દસ્તાવેજો તૈયાર કરવામાં સહાય કરવા માટે \nમાહિતી અને પ્રસારણ મંત્રાલયનો ફોટો વિભાગ, નવી દિલ્હી; અમારા આભારને પાત્ર છે.",
                "lines": [
                    "સંશોધન અને સંદર્ભગ્રંથોની સગવડો માટે ઑલ ઇન્ડિયા કૉંગ્રેસ કમિટી પુસ્તકાલય,",
                    "ઇન્ડિયન કાઉન્સિલ ઑફ વર્લ્ડ ઍફેર્સ પુસ્તકાલય માહિતી અને પ્રસારણ મંત્રાલયનો સંશોધન અને",
                    "સંદર્ભ વિભાગ, નવી દિલ્હી; સાબરમતી સંગ્રહાલય અને ગૂજરાત વિદ્યાપીઠ ગ્રંથાલય, અમદાવાદ;",
                    "અને શ્રી પ્યારેલાલ નય્યર, નવી દિલ્હી; તેમ જ દસ્તાવેજો તૈયાર કરવામાં સહાય કરવા માટે",
                    "માહિતી અને પ્રસારણ મંત્રાલયનો ફોટો વિભાગ, નવી દિલ્હી; અમારા આભારને પાત્ર છે."
                ]
            },
            {
                "block_text": "૯",
                "lines": [
                    "૯"
                ]
            }
        ]
    }
}