{
    "page_number": 305,
    "right_column": {
        "blocks": [
            {
                "block_text": "વાચકોને સૂચના",
                "lines": [
                    "વાચકોને સૂચના"
                ]
            },
            {
                "block_text": "ગુજરાતી લખાણ ફરીથી પ્રગટ કરતી વખતે મૂળને વધુમાં વધુ વફાદાર રહેવાની પ્રયત્ન \nકરવામાં આવ્યો છે. મુદ્રણના દેખીતા દોષો દૂર કરવામાં આવ્યા છે અને મૂળ લખાણમાં સંક્ષિપ્ત \nહોય તેવા શબ્દો-આખા લખવામાં આવ્યા છે. નામો કે શબ્દોની જુદી જુદી જોડણી સુધારવામાં \nઆવી છે.",
                "lines": [
                    "ગુજરાતી લખાણ ફરીથી પ્રગટ કરતી વખતે મૂળને વધુમાં વધુ વફાદાર રહેવાની પ્રયત્ન",
                    "કરવામાં આવ્યો છે. મુદ્રણના દેખીતા દોષો દૂર કરવામાં આવ્યા છે અને મૂળ લખાણમાં સંક્ષિપ્ત",
                    "હોય તેવા શબ્દો-આખા લખવામાં આવ્યા છે. નામો કે શબ્દોની જુદી જુદી જોડણી સુધારવામાં",
                    "આવી છે."
                ]
            },
            {
                "block_text": "મોટા કૌંસમાં આપેલી પ્રાસ્તાવિક નોંધો તથા લેખોની અંદર આપેલી તેવા જ કૌંસમાં \nમૂકેલી સામગ્રી સંપાદકોએ લખેલી છે. મૂળમાં આવતા ગોળ કૌંસો કાયમ રાખવામાં આવ્યા છે. \nગાંધીજીએ ટાંકેલા ભાષણો, અવતરણો વગેરેનાં મૂળ લખાણો હાંસિયો છોડી ચાલુ ટાઇપમાં જ \nછાપવામાં આવ્યાં છે. ગાંધીજીના શબ્દોમાં ન હોય તેવાં લખાણો, ભાષણો તથા અદાલતના \nકામકાજ વગેરેના પરોક્ષ હેવાલો ચાલુ ટાઇપ અને ચાલુ માપમાં પણ પાતળા લેડમાં, એટલે કે \nલીટીઓ વચ્ચે ચાલુ અંતર કરતા ઓછું અંતર રાખીને છાપ્યા છે. અંગ્રેજી અને હિંદી લખાણનો \nતરજુમો, અસલ લખાણને વફાદાર રહીને, સરળતાથી સમજી શકાય એ રીતે કરવામાં આવ્યો છે.",
                "lines": [
                    "મોટા કૌંસમાં આપેલી પ્રાસ્તાવિક નોંધો તથા લેખોની અંદર આપેલી તેવા જ કૌંસમાં",
                    "મૂકેલી સામગ્રી સંપાદકોએ લખેલી છે. મૂળમાં આવતા ગોળ કૌંસો કાયમ રાખવામાં આવ્યા છે.",
                    "ગાંધીજીએ ટાંકેલા ભાષણો, અવતરણો વગેરેનાં મૂળ લખાણો હાંસિયો છોડી ચાલુ ટાઇપમાં જ",
                    "છાપવામાં આવ્યાં છે. ગાંધીજીના શબ્દોમાં ન હોય તેવાં લખાણો, ભાષણો તથા અદાલતના",
                    "કામકાજ વગેરેના પરોક્ષ હેવાલો ચાલુ ટાઇપ અને ચાલુ માપમાં પણ પાતળા લેડમાં, એટલે કે",
                    "લીટીઓ વચ્ચે ચાલુ અંતર કરતા ઓછું અંતર રાખીને છાપ્યા છે. અંગ્રેજી અને હિંદી લખાણનો",
                    "તરજુમો, અસલ લખાણને વફાદાર રહીને, સરળતાથી સમજી શકાય એ રીતે કરવામાં આવ્યો છે."
                ]
            },
            {
                "block_text": "લખાણની તારીખ, ઉપલબ્ધ હોય અથવા અનુમાનથી નક્કી કરેલી હોય ત્યાં પાનાને મથાળે \nજમણા હાથ પરના ખૂણામાં દર્શાવવામાં આવી છે. જો મૂળ લખાણ તારીખ વિનાનું મળ્યું હોય \nતો અનુમાનથી નક્કી કરેલી તારીખ, જરૂર મુજબ કારણો સાથે મોટા કૌંસમાં આપવામાં આવી \nછે. લખાણને અંતે લખાણનાં મૂળ તથા તારીખ આપવામાં આવ્યાં છે. એ તારીખ લખાણની \nપ્રસિદ્ધિની તારીખ છે. ગાંધીજીનાં જે લખાણો તારીખ વિનાનાં હોય અથવા જેની તારીખ \nખાસ સંજોેગો પ્રમાણે નક્કી થઈ શકી ન હોય તે પ્રગટ થયાની તારીખો પ્રમાણે ગોઠવવામાં \nઆવ્યાં છે.",
                "lines": [
                    "લખાણની તારીખ, ઉપલબ્ધ હોય અથવા અનુમાનથી નક્કી કરેલી હોય ત્યાં પાનાને મથાળે",
                    "જમણા હાથ પરના ખૂણામાં દર્શાવવામાં આવી છે. જો મૂળ લખાણ તારીખ વિનાનું મળ્યું હોય",
                    "તો અનુમાનથી નક્કી કરેલી તારીખ, જરૂર મુજબ કારણો સાથે મોટા કૌંસમાં આપવામાં આવી",
                    "છે. લખાણને અંતે લખાણનાં મૂળ તથા તારીખ આપવામાં આવ્યાં છે. એ તારીખ લખાણની",
                    "પ્રસિદ્ધિની તારીખ છે. ગાંધીજીનાં જે લખાણો તારીખ વિનાનાં હોય અથવા જેની તારીખ",
                    "ખાસ સંજોેગો પ્રમાણે નક્કી થઈ શકી ન હોય તે પ્રગટ થયાની તારીખો પ્રમાણે ગોઠવવામાં",
                    "આવ્યાં છે."
                ]
            },
            {
                "block_text": "सत्यना प्रयोगोઅથવાआत्मकथाનો ઉલ્લેખ ગ્રંથની જુદી જુદી આવૃત્તિનાં જુદાં \nજુદાં પાનાંને લક્ષમાં લેતાં તે ગ્રંથના ભાગ અને પ્રકરણ પૂરતો મર્યાદિત છે.",
                "lines": [
                    "सत्यना प्रयोगोઅથવાआत्मकथाનો ઉલ્લેખ ગ્રંથની જુદી જુદી આવૃત્તિનાં જુદાં",
                    "જુદાં પાનાંને લક્ષમાં લેતાં તે ગ્રંથના ભાગ અને પ્રકરણ પૂરતો મર્યાદિત છે."
                ]
            },
            {
                "block_text": "મૂળ લખાણનાં ટૂંકાક્ષરી લખાણોમાં એસ. એન. એટલે સાબરમતી સંગ્રહાલય, અમદાવાદના \nઉપલબ્ધ દસ્તાવેજો; જી. એન. એટલે ગાંધી સ્મારક નિધિ અને સંગ્રહાલય, નવી દિલ્હીના \nદસ્તાવેજો; સી. ડબલ્યુ. એટલે “કલેક્ટેડ વર્ક્સ ઑફ મહાત્મા ગાંધી”એ છૂટક વ્યક્તિઓ પાસેથી \nમેળવેલા પત્રો.",
                "lines": [
                    "મૂળ લખાણનાં ટૂંકાક્ષરી લખાણોમાં એસ. એન. એટલે સાબરમતી સંગ્રહાલય, અમદાવાદના",
                    "ઉપલબ્ધ દસ્તાવેજો; જી. એન. એટલે ગાંધી સ્મારક નિધિ અને સંગ્રહાલય, નવી દિલ્હીના",
                    "દસ્તાવેજો; સી. ડબલ્યુ. એટલે “કલેક્ટેડ વર્ક્સ ઑફ મહાત્મા ગાંધી”એ છૂટક વ્યક્તિઓ પાસેથી",
                    "મેળવેલા પત્રો."
                ]
            },
            {
                "block_text": "આ ગ્રંથને પ્રસ્તુત હોય તેવી સામગ્રી પરિશિષ્ટમાં આપવામાં આવી છે. લખાણોના આધારરૂપ \nસાહિત્યની યાદી તથા આ ગ્રંથ જે સમયને આવરે છે તેની તારીખવાર નોંધ ગ્રંથના અંતભાગમાં \nઆપવામાં આવી છે.",
                "lines": [
                    "આ ગ્રંથને પ્રસ્તુત હોય તેવી સામગ્રી પરિશિષ્ટમાં આપવામાં આવી છે. લખાણોના આધારરૂપ",
                    "સાહિત્યની યાદી તથા આ ગ્રંથ જે સમયને આવરે છે તેની તારીખવાર નોંધ ગ્રંથના અંતભાગમાં",
                    "આપવામાં આવી છે."
                ]
            },
            {
                "block_text": "આ ગ્રંથમાં મૂળ અંગ્રેજી લખાણની જગ્યાએ, ગાંધીજીએ જાતે લખ્યા હોય એવા લેખો મૂળ \nગુજરાતી તરીકે સામેલ કર્યા છે. એ લેખોની ક્રમસંખ્યા નીચે આપી છે :",
                "lines": [
                    "આ ગ્રંથમાં મૂળ અંગ્રેજી લખાણની જગ્યાએ, ગાંધીજીએ જાતે લખ્યા હોય એવા લેખો મૂળ",
                    "ગુજરાતી તરીકે સામેલ કર્યા છે. એ લેખોની ક્રમસંખ્યા નીચે આપી છે :"
                ]
            },
            {
                "block_text": "૧૭, ૧૭૩, ૨૭૩, ૩૭૬, ૪૩૪, ૫૩૯, ૬૮૪, અને ૬૯૧.",
                "lines": [
                    "૧૭, ૧૭૩, ૨૭૩, ૩૭૬, ૪૩૪, ૫૩૯, ૬૮૪, અને ૬૯૧."
                ]
            },
            {
                "block_text": "૮",
                "lines": [
                    "૮"
                ]
            }
        ]
    }
}