{
    "page_number": 3010,
    "right_column": {
        "blocks": [
            {
                "block_text": "૪ગાંધીજીનો અક્ષરદેહ",
                "lines": [
                    "૪ગાંધીજીનો અક્ષરદેહ"
                ]
            },
            {
                "block_text": "એ સજ્જને પેલા લેખમાંથી જે ઉતારાનું ભાષાંતર કરીને મોકલ્યું છે તે આ રહ્યું :",
                "lines": [
                    "એ સજ્જને પેલા લેખમાંથી જે ઉતારાનું ભાષાંતર કરીને મોકલ્યું છે તે આ રહ્યું :"
                ]
            },
            {
                "block_text": "ગાંધીના ધર્માંધ આધ્યાત્મિક સામ્રાજ્યવાદ અને પાશ્ચાત્ય સુધારાનો દ્વેષ એ બે \nવસ્તુમાં પાછા હઠતા હિંદુસ્તાનનું ચિહ્ન રહેલું છે. એનો આદર્શ એટલે અસલની \nગ્રામપંચાયતો, — જેની આર્થિક સ્વતંત્રતા એ બાહ્ય જગતથી અલિપ્ત રહેવામાં જ હતી, અને \nઆને માટે ગાંધી કાંતવાની હિમાયત કરે છે. છતાં સાથે સાથે રોજી આપનાર રાજકાજ \nએ ચલાવી રહ્યો છે. સરકારી નોકરીમાંથી અંગ્રેજને સાફ હાંકી કાઢવા માગે છે અને \nરાજયવહીવટની તમામ લગામ, લશ્કર અને પરદેશનીતિ સુધ્ધાં, દેશીઓના જ હાથમાં હોય એમ \nમાગે છે. આ બધું મેળવવા માગવું એ પોતાના મૂળ સિદ્ધાંતોને ઉલટાવવા સરખું છે … \nઆવો પ્રભાવશાળી પુરુષ જે રીતે પોતાની લડત ચલાવી રહેલ છે તેનું અવલોકન કરનારને \nપાશ્ચાત્ય સુધારા વિશેના તેના વિચારો ભ્રમિત લાગે છે. જ્યારે હિંદુસ્તાનમાં જે કંઈ \nરાજકીય જાગૃતિ છે તે પાશ્ચાત્ય સુધારા ઉપર જ એટલે કે રેલવે ઉપર અવલંબી રહેલી \nછે ત્યારે આ વિચાર કેવળ વિચિત્ર જણાશે! રેલવે વિના ગાંધી ખાદીપ્રચાર શી રીતે કરી \nશકે? અનેક મહાસભાઓ શી રીતે થઈ શકે? ઠેરઠેર મોટા જલસાઓ શી રીતે થઈ શકે? \nએટલે ગાંધી પાશ્ચાત્ય સુધારાને વખોડતાં તેને જ પાછા વળગે છે. આમાં ગાંધીને ત્યાગ \nઅને આત્મજ્ઞાનના આદર્શ રાખવા છે છતાં રોટી માટે લડવું છે, અને જે સાધનોને તે \nનિંદે છે તે જ સાધનો દ્વારા તેમને પોતાનો સત્યુગ પાછો લાવવો છે!",
                "lines": [
                    "ગાંધીના ધર્માંધ આધ્યાત્મિક સામ્રાજ્યવાદ અને પાશ્ચાત્ય સુધારાનો દ્વેષ એ બે",
                    "વસ્તુમાં પાછા હઠતા હિંદુસ્તાનનું ચિહ્ન રહેલું છે. એનો આદર્શ એટલે અસલની",
                    "ગ્રામપંચાયતો, — જેની આર્થિક સ્વતંત્રતા એ બાહ્ય જગતથી અલિપ્ત રહેવામાં જ હતી, અને",
                    "આને માટે ગાંધી કાંતવાની હિમાયત કરે છે. છતાં સાથે સાથે રોજી આપનાર રાજકાજ",
                    "એ ચલાવી રહ્યો છે. સરકારી નોકરીમાંથી અંગ્રેજને સાફ હાંકી કાઢવા માગે છે અને",
                    "રાજયવહીવટની તમામ લગામ, લશ્કર અને પરદેશનીતિ સુધ્ધાં, દેશીઓના જ હાથમાં હોય એમ",
                    "માગે છે. આ બધું મેળવવા માગવું એ પોતાના મૂળ સિદ્ધાંતોને ઉલટાવવા સરખું છે …",
                    "આવો પ્રભાવશાળી પુરુષ જે રીતે પોતાની લડત ચલાવી રહેલ છે તેનું અવલોકન કરનારને",
                    "પાશ્ચાત્ય સુધારા વિશેના તેના વિચારો ભ્રમિત લાગે છે. જ્યારે હિંદુસ્તાનમાં જે કંઈ",
                    "રાજકીય જાગૃતિ છે તે પાશ્ચાત્ય સુધારા ઉપર જ એટલે કે રેલવે ઉપર અવલંબી રહેલી",
                    "છે ત્યારે આ વિચાર કેવળ વિચિત્ર જણાશે! રેલવે વિના ગાંધી ખાદીપ્રચાર શી રીતે કરી",
                    "શકે? અનેક મહાસભાઓ શી રીતે થઈ શકે? ઠેરઠેર મોટા જલસાઓ શી રીતે થઈ શકે?",
                    "એટલે ગાંધી પાશ્ચાત્ય સુધારાને વખોડતાં તેને જ પાછા વળગે છે. આમાં ગાંધીને ત્યાગ",
                    "અને આત્મજ્ઞાનના આદર્શ રાખવા છે છતાં રોટી માટે લડવું છે, અને જે સાધનોને તે",
                    "નિંદે છે તે જ સાધનો દ્વારા તેમને પોતાનો સત્યુગ પાછો લાવવો છે!"
                ]
            },
            {
                "block_text": "હવે પોતાના સિદ્ધાંતનો ત્રીજો ભંગ. જૂની ગ્રામપંચાયતો ગાંધીને જોઈએ છીએ \nએટલે જે જૂની વર્ણવ્યવસ્થા ઉપર તે રચાયેલી છે તે પણ તેમને જોઈએ જ. પણ તેવું \nનથી. અનેક બાબતમાં — ખાસ કરીને અસ્પૃશ્યતાની બાબતમાં — ગાંધીએ સનાતનીઓનો \nવિરોધ કર્યો છે. આવી અનેક પરસ્પરવિરોધોથી ભરેલી પ્રવૃત્તિમાંથી ઝાઝું નીપજી નહીં શકે એ \nસ્પષ્ટ છે. બધા બહિષ્કારો તો નિષ્ફળ નીવડ્યા જ છે. અમારા અભિપ્રાય પ્રમાણે આ \nપ્રવૃત્તિ બરોબર નથી. એ કેવળ નિષ્ફળ છે એમ નહીં કહી શકાય, છતાં ઇચ્છેલાં પરિણામ \nતે નથી આણી શકી. પશ્ચિમની દુનિયાથી અલગ રહેવાનો આ સ્વતંત્રતાની લડતનો હેતુ \nછે, પણ હિંદુસ્તાનમાં જેમ સરકારી નોકરીમાં હિંદીઓ દાખલ થતા જશે, ઉદ્યોગ હુન્નર ખીલતા \nજશે, અસ્પૃશ્યો શાળાઓમાં દાખલ થતા જશે તેમ તેમ પશ્ચિમનો સંસર્ગ ઓછો થતો \nજવાને બદલે વધતો જવાનો.",
                "lines": [
                    "હવે પોતાના સિદ્ધાંતનો ત્રીજો ભંગ. જૂની ગ્રામપંચાયતો ગાંધીને જોઈએ છીએ",
                    "એટલે જે જૂની વર્ણવ્યવસ્થા ઉપર તે રચાયેલી છે તે પણ તેમને જોઈએ જ. પણ તેવું",
                    "નથી. અનેક બાબતમાં — ખાસ કરીને અસ્પૃશ્યતાની બાબતમાં — ગાંધીએ સનાતનીઓનો",
                    "વિરોધ કર્યો છે. આવી અનેક પરસ્પરવિરોધોથી ભરેલી પ્રવૃત્તિમાંથી ઝાઝું નીપજી નહીં શકે એ",
                    "સ્પષ્ટ છે. બધા બહિષ્કારો તો નિષ્ફળ નીવડ્યા જ છે. અમારા અભિપ્રાય પ્રમાણે આ",
                    "પ્રવૃત્તિ બરોબર નથી. એ કેવળ નિષ્ફળ છે એમ નહીં કહી શકાય, છતાં ઇચ્છેલાં પરિણામ",
                    "તે નથી આણી શકી. પશ્ચિમની દુનિયાથી અલગ રહેવાનો આ સ્વતંત્રતાની લડતનો હેતુ",
                    "છે, પણ હિંદુસ્તાનમાં જેમ સરકારી નોકરીમાં હિંદીઓ દાખલ થતા જશે, ઉદ્યોગ હુન્નર ખીલતા",
                    "જશે, અસ્પૃશ્યો શાળાઓમાં દાખલ થતા જશે તેમ તેમ પશ્ચિમનો સંસર્ગ ઓછો થતો",
                    "જવાને બદલે વધતો જવાનો."
                ]
            },
            {
                "block_text": "પત્રમાં પૂછેલા સવાલના જવાબમાં મારે આ સ્થાને અગાઉ અનેક વાર કહ્યું છે એ ફરી \nકહેવું પડશે. અસહકારના મૂળ કાર્યક્રમમાં મારી શ્રદ્ધા પ્રથમના જેટલી જ છે. હું એમ પણ \nમાનું છું કે એ કાર્યક્રમથી દેશની સ્પષ્ટ સેવા થઈ છે. જે જે સંસ્થાઓની વિરુદ્ધ એ બહિષ્કાર \nપોકારવામાં આવ્યો હતો તે સંસ્થાઓની અગાઉની ઝમક રહી નથી; પણ મારે કબૂલ કરવું \nજોઈએ કે દેશ પાછો પણ ઘણો હઠ્યો છે અને જે લોકોએ પેલી સંસ્થાઓ છોડેલી તેઓમાંના \nઘણા પાછા ગયા છે. પણ મને શ્રદ્ધા છે કે યોગ્ય અવસરે આખો કાર્યક્રમ પાછો સજીવન થયા \nવિના રહેવાનો જ નથી. કદાચ તેનું રૂપ સહેજ બદલાય, પણ તેનું તત્ત્વ તો તેનું તે જ રહેશે. \nદરમિયાન આજે એક વ્યવહારકુશળ માણસ તરીકે હું મારા પુરાણા સાથીઓને મારી અલ્પશક્તિ \nપ્રમાણે મારા સિદ્ધાંતો અથવા મારા આચારમાં કાંઈ પણ ક્ષતિ આણ્યા વિના મદદ કરી રહ્યો છું.",
                "lines": [
                    "પત્રમાં પૂછેલા સવાલના જવાબમાં મારે આ સ્થાને અગાઉ અનેક વાર કહ્યું છે એ ફરી",
                    "કહેવું પડશે. અસહકારના મૂળ કાર્યક્રમમાં મારી શ્રદ્ધા પ્રથમના જેટલી જ છે. હું એમ પણ",
                    "માનું છું કે એ કાર્યક્રમથી દેશની સ્પષ્ટ સેવા થઈ છે. જે જે સંસ્થાઓની વિરુદ્ધ એ બહિષ્કાર",
                    "પોકારવામાં આવ્યો હતો તે સંસ્થાઓની અગાઉની ઝમક રહી નથી; પણ મારે કબૂલ કરવું",
                    "જોઈએ કે દેશ પાછો પણ ઘણો હઠ્યો છે અને જે લોકોએ પેલી સંસ્થાઓ છોડેલી તેઓમાંના",
                    "ઘણા પાછા ગયા છે. પણ મને શ્રદ્ધા છે કે યોગ્ય અવસરે આખો કાર્યક્રમ પાછો સજીવન થયા",
                    "વિના રહેવાનો જ નથી. કદાચ તેનું રૂપ સહેજ બદલાય, પણ તેનું તત્ત્વ તો તેનું તે જ રહેશે.",
                    "દરમિયાન આજે એક વ્યવહારકુશળ માણસ તરીકે હું મારા પુરાણા સાથીઓને મારી અલ્પશક્તિ",
                    "પ્રમાણે મારા સિદ્ધાંતો અથવા મારા આચારમાં કાંઈ પણ ક્ષતિ આણ્યા વિના મદદ કરી રહ્યો છું."
                ]
            },
            {
                "block_text": "સ્વીડનના પેલા વર્તમાનપત્રમાંના ઉતારા વિશે એટલું કહું કે તેમાં મારા હેતુઓ અને મારા \nકાર્ય વિશેનું સામાન્ય અજ્ઞાન પ્રગટ થાય છે. રેલવેને કાઢી નાખવા સાથે મારે કશો સંબંધ નથી.",
                "lines": [
                    "સ્વીડનના પેલા વર્તમાનપત્રમાંના ઉતારા વિશે એટલું કહું કે તેમાં મારા હેતુઓ અને મારા",
                    "કાર્ય વિશેનું સામાન્ય અજ્ઞાન પ્રગટ થાય છે. રેલવેને કાઢી નાખવા સાથે મારે કશો સંબંધ નથી."
                ]
            }
        ]
    }
}