{
    "page_number": 304,
    "right_column": {
        "blocks": [
            {
                "block_text": "૭",
                "lines": [
                    "૭"
                ]
            },
            {
                "block_text": "ગાંધીજીનો જવાબ બહુ જ નિશ્ચયાત્મક હતો : “જો આપણે પ્રગતિ કરવી હોય તો આપણે \nઇતિહાસની પુનરુક્તિ ન કરતાં ઇતિહાસ નવો રચવો જોઈશે. આપણા વડવાઓએ મૂકેલો વારસો \nઆપણે વધારવો જોઈએ. જો ભૌતિક જગતમાં આપણે નવી નવી શોધો કરી શકીએ તો આધ્યાત્મિક \nજગતમાં આપણે દેવાળું શાને જાહેર કરીએ? અપવાદો વધારી વધારીને નિયમ ન બનાવી \nશકાય શું? શું હમેશાં માણસે માણસ બનવા માટે પહેલું પશુની દશામાંથી પસાર થવું જ જોઈએ” \n(પા.૪૦૩)?",
                "lines": [
                    "ગાંધીજીનો જવાબ બહુ જ નિશ્ચયાત્મક હતો : “જો આપણે પ્રગતિ કરવી હોય તો આપણે",
                    "ઇતિહાસની પુનરુક્તિ ન કરતાં ઇતિહાસ નવો રચવો જોઈશે. આપણા વડવાઓએ મૂકેલો વારસો",
                    "આપણે વધારવો જોઈએ. જો ભૌતિક જગતમાં આપણે નવી નવી શોધો કરી શકીએ તો આધ્યાત્મિક",
                    "જગતમાં આપણે દેવાળું શાને જાહેર કરીએ? અપવાદો વધારી વધારીને નિયમ ન બનાવી",
                    "શકાય શું? શું હમેશાં માણસે માણસ બનવા માટે પહેલું પશુની દશામાંથી પસાર થવું જ જોઈએ”",
                    "(પા.૪૦૩)?"
                ]
            },
            {
                "block_text": "સ્વીડનના એક જિજ્ઞાસુએ અસહકારની ચળવળ વિશે ટીકા કરતો એક લેખ મોકલેલો. એને \nજવાબ આપતાં ગાંધીજીએ લખ્યું હતું : “અહિંસાત્મક અસહકારની પ્રવૃત્તિને પશ્ચિમમાં સ્વતંત્રતાને \nમાટે ચાલેલી ઐતિહાસિક લડતોની સાથે કશું સામ્ય નથી. આ પ્રવૃત્તિના મૂળમાં પશુબળ \nકે દ્વેષ જેવી વસ્તુ જ નથી. એ જાલિમનો નાશ ઇચ્છતી નથી; એ તો આત્મશુદ્ધિની પ્રવૃત્તિ \nછે. એટલે જાલિમને પણ વશ કરી મિત્ર બનાવવા માગે છે” (પા.૫). એમણે કહ્યું કે \nહિંદુસ્તાનની ચળવળ નિષ્ફળ ગઈ છે એમ માનવું ખોટું છે, કેમ કે “હિંદુસ્તાનની સ્વતંત્રતાની \nલડતમાં અહિંસાને કાયમનું સ્થાન મળ્યું છે” (પા.૫). એ કથન સાચું હતું એ વાત તે \nપછીના બનાવોએ મોટે ભાગે બતાવી આપી હતી.",
                "lines": [
                    "સ્વીડનના એક જિજ્ઞાસુએ અસહકારની ચળવળ વિશે ટીકા કરતો એક લેખ મોકલેલો. એને",
                    "જવાબ આપતાં ગાંધીજીએ લખ્યું હતું : “અહિંસાત્મક અસહકારની પ્રવૃત્તિને પશ્ચિમમાં સ્વતંત્રતાને",
                    "માટે ચાલેલી ઐતિહાસિક લડતોની સાથે કશું સામ્ય નથી. આ પ્રવૃત્તિના મૂળમાં પશુબળ",
                    "કે દ્વેષ જેવી વસ્તુ જ નથી. એ જાલિમનો નાશ ઇચ્છતી નથી; એ તો આત્મશુદ્ધિની પ્રવૃત્તિ",
                    "છે. એટલે જાલિમને પણ વશ કરી મિત્ર બનાવવા માગે છે” (પા.૫). એમણે કહ્યું કે",
                    "હિંદુસ્તાનની ચળવળ નિષ્ફળ ગઈ છે એમ માનવું ખોટું છે, કેમ કે “હિંદુસ્તાનની સ્વતંત્રતાની",
                    "લડતમાં અહિંસાને કાયમનું સ્થાન મળ્યું છે” (પા.૫). એ કથન સાચું હતું એ વાત તે",
                    "પછીના બનાવોએ મોટે ભાગે બતાવી આપી હતી."
                ]
            },
            {
                "block_text": "આ ગ્રંથમાં પત્રરૂપી રત્નો મોટી સંખ્યામાં જડાયેલાં પડ્યાં છે. એ પત્રો આશ્રમનાં બાળકો \nઅને અંતેવાસીઓને, દૂર દૂર વસતા અજાણ્યા લોકોને, સહકાર્યકરોને તથા નિકટના સાથીઓને \nઉદ્દેશીને લખાયેલા છે. એમાં ચર્ચેલા વિષયોનું ક્ષેત્ર વિવિધ અને વ્યાપક છે. એમાં ટીકા કરનારા \nઅને પ્રશંસા કરનારા, જુવાનો અને વૃદ્ધો, તમામ પ્રકારના મનુષ્યોના કલ્યાણ માટે ઊંડી \nચિંતા જોવામાં આવે છે.",
                "lines": [
                    "આ ગ્રંથમાં પત્રરૂપી રત્નો મોટી સંખ્યામાં જડાયેલાં પડ્યાં છે. એ પત્રો આશ્રમનાં બાળકો",
                    "અને અંતેવાસીઓને, દૂર દૂર વસતા અજાણ્યા લોકોને, સહકાર્યકરોને તથા નિકટના સાથીઓને",
                    "ઉદ્દેશીને લખાયેલા છે. એમાં ચર્ચેલા વિષયોનું ક્ષેત્ર વિવિધ અને વ્યાપક છે. એમાં ટીકા કરનારા",
                    "અને પ્રશંસા કરનારા, જુવાનો અને વૃદ્ધો, તમામ પ્રકારના મનુષ્યોના કલ્યાણ માટે ઊંડી",
                    "ચિંતા જોવામાં આવે છે."
                ]
            },
            {
                "block_text": "નિષ્ફળતા મળી હોય, અશાંતિ વ્યાપી હોય કે આફત ઊતરી આવી હોય, એ બધા \nસંજોગોમાં શાંતિ મેળવવા માટે એમની પાસે તો અમોઘ ઉપાય હતો : “શાંતિ તો અંદરથી જ \nઆવી શકે અને તે પણ મનને પ્રભુમાં પરોવીએ અને એનામાં આંધળી શ્રદ્ધા રાખી વિશ્વાસ \nમૂકીએ ત્યારે. જેને એમ અનુભવ થતો હોય કે ઈશ્વર મારી પાસે અને મારા હૃદયમાં \nહાજરાહજૂર છે એને એકલવાયું કદી લાગવું જ ન જોઈએ. મેં જે કંઈ શાંતિ ભોગવી છે તે રોજ \nવધતા જતા એવા વિશ્વાસને કારણે છે કે દરેક વસ્તુમાં ઈશ્વરનો હાથ હોય છે. આવો વિશ્વાસ \nવધે ત્યારે આપત્તિઓ આપત્તિઓ રહેતી નથી. એ તો આપણી આસ્થા અને મક્કમતાની પરીક્ષા \nકરતી હોય છે” (પા.૫૪૩–૪).",
                "lines": [
                    "નિષ્ફળતા મળી હોય, અશાંતિ વ્યાપી હોય કે આફત ઊતરી આવી હોય, એ બધા",
                    "સંજોગોમાં શાંતિ મેળવવા માટે એમની પાસે તો અમોઘ ઉપાય હતો : “શાંતિ તો અંદરથી જ",
                    "આવી શકે અને તે પણ મનને પ્રભુમાં પરોવીએ અને એનામાં આંધળી શ્રદ્ધા રાખી વિશ્વાસ",
                    "મૂકીએ ત્યારે. જેને એમ અનુભવ થતો હોય કે ઈશ્વર મારી પાસે અને મારા હૃદયમાં",
                    "હાજરાહજૂર છે એને એકલવાયું કદી લાગવું જ ન જોઈએ. મેં જે કંઈ શાંતિ ભોગવી છે તે રોજ",
                    "વધતા જતા એવા વિશ્વાસને કારણે છે કે દરેક વસ્તુમાં ઈશ્વરનો હાથ હોય છે. આવો વિશ્વાસ",
                    "વધે ત્યારે આપત્તિઓ આપત્તિઓ રહેતી નથી. એ તો આપણી આસ્થા અને મક્કમતાની પરીક્ષા",
                    "કરતી હોય છે” (પા.૫૪૩–૪)."
                ]
            },
            {
                "block_text": "ખાનગીમાં હોય કે જાહેરમાં હોય તેઓ આત્મબળ પર ભાર મૂકતા. ગૂજરાત મહાવિદ્યાલયના \nવિદ્યાર્થીઓ સમક્ષ બોલતાં એમણે કહેલું : “સંખ્યાબળની ઉપર તો બીકણો નાચે. આત્મબળવાળા \nએકલા ઝૂઝે. આ પીઠમાં આપણે આત્મબળ કેળવવા એકઠા થયા છીએ — તેમાં ભલે \nએક સાથી હો કે અનેક. આત્મબળ એ જ ખરું બળ છે. એ બળ તપશ્ચર્યા, ત્યાગ, દૃઢતા, \nશ્રદ્ધા, નમ્રતા વિના આવતું નથી એ ખચીત માનજો” (પા.૫૫૯). એવો જ ભાર “સત્ય \nવિ. બ્રહ્મચર્ય” (પા.૧૪–૬) નામના લેખમાં ખાનગી જીવન અને જાહેર જીવનમાં ચારિત્ર્યની \nએકરૂપતા જાળવવા ઉપર મૂકવામાં આવ્યો છે. વીસ વરસ પછી ગાંધીજીએ કરેલાં ભાષણોનું \nતથા એમના જીવનમાં બનેલા બનાવોનું મૂળ આ લેખમાં મળી આવે છે.",
                "lines": [
                    "ખાનગીમાં હોય કે જાહેરમાં હોય તેઓ આત્મબળ પર ભાર મૂકતા. ગૂજરાત મહાવિદ્યાલયના",
                    "વિદ્યાર્થીઓ સમક્ષ બોલતાં એમણે કહેલું : “સંખ્યાબળની ઉપર તો બીકણો નાચે. આત્મબળવાળા",
                    "એકલા ઝૂઝે. આ પીઠમાં આપણે આત્મબળ કેળવવા એકઠા થયા છીએ — તેમાં ભલે",
                    "એક સાથી હો કે અનેક. આત્મબળ એ જ ખરું બળ છે. એ બળ તપશ્ચર્યા, ત્યાગ, દૃઢતા,",
                    "શ્રદ્ધા, નમ્રતા વિના આવતું નથી એ ખચીત માનજો” (પા.૫૫૯). એવો જ ભાર “સત્ય",
                    "વિ. બ્રહ્મચર્ય” (પા.૧૪–૬) નામના લેખમાં ખાનગી જીવન અને જાહેર જીવનમાં ચારિત્ર્યની",
                    "એકરૂપતા જાળવવા ઉપર મૂકવામાં આવ્યો છે. વીસ વરસ પછી ગાંધીજીએ કરેલાં ભાષણોનું",
                    "તથા એમના જીવનમાં બનેલા બનાવોનું મૂળ આ લેખમાં મળી આવે છે."
                ]
            }
        ]
    }
}