{
    "page_number": 3048,
    "right_column": {
        "blocks": [
            {
                "block_text": "૫૬૨ગાંધીજીનો અક્ષરદેહ",
                "lines": [
                    "૫૬૨ગાંધીજીનો અક્ષરદેહ"
                ]
            },
            {
                "block_text": "આથી નીચે સહીઓ કરનારા વચ્ચે મહાસમિતિની બહાલી મળવાની શરતે કરાર કરવામાં આવે \nછે કે મિનિસ્ટરોને પોતાની ફરજો સારી રીતે બજાવવા માટે જે સત્તા, જવાબદારી અને પહેલ કરવાની છૂટ \nજોઈએ તે જો સરકાર એમને આપશે તો ૧૯૨૬ના માર્ચ માસની ૬ઠ્ઠી અને ૭મી તારીખોએ મહાસમિતિએ \nપસાર કરેલા ઠરાવ નં. ૨–ख(૪)ની કલમો (क) અને (ख)ના હેતુઓ માટે સરકારે આપેલો સહકાર \nપ્રાંતો પૂરતો સંતોષકારક ગણાશે. દરેક પ્રાંતમાં આ રીતે અપાયેલી સત્તા, જવાબદારી અને પહેલ કરવાની \nછૂટ પૂરતી છે કે નહીં તેનો નિર્ણય પ્રથમ તો જે તે પ્રાંતની ધારાસભાના કૉંગ્રેસી સભ્યો કરશે, અને \nપછી એમનો નિર્ણય પંડિત મોતીલાલ નેહરુ અને શ્રી એમ. આર. જયકરની બનેલી એક સમિતિએ \nબહાલ રાખવાનો રહેશે.",
                "lines": [
                    "આથી નીચે સહીઓ કરનારા વચ્ચે મહાસમિતિની બહાલી મળવાની શરતે કરાર કરવામાં આવે",
                    "છે કે મિનિસ્ટરોને પોતાની ફરજો સારી રીતે બજાવવા માટે જે સત્તા, જવાબદારી અને પહેલ કરવાની છૂટ",
                    "જોઈએ તે જો સરકાર એમને આપશે તો ૧૯૨૬ના માર્ચ માસની ૬ઠ્ઠી અને ૭મી તારીખોએ મહાસમિતિએ",
                    "પસાર કરેલા ઠરાવ નં. ૨–ख(૪)ની કલમો (क) અને (ख)ના હેતુઓ માટે સરકારે આપેલો સહકાર",
                    "પ્રાંતો પૂરતો સંતોષકારક ગણાશે. દરેક પ્રાંતમાં આ રીતે અપાયેલી સત્તા, જવાબદારી અને પહેલ કરવાની",
                    "છૂટ પૂરતી છે કે નહીં તેનો નિર્ણય પ્રથમ તો જે તે પ્રાંતની ધારાસભાના કૉંગ્રેસી સભ્યો કરશે, અને",
                    "પછી એમનો નિર્ણય પંડિત મોતીલાલ નેહરુ અને શ્રી એમ. આર. જયકરની બનેલી એક સમિતિએ",
                    "બહાલ રાખવાનો રહેશે."
                ]
            },
            {
                "block_text": "બીજું એમ ઠરાવવામાં આવે છે કે કૉંગ્રેસ પક્ષની બહુમતીવાળા પ્રાંતો—મુંબઈ મહારાષ્ટ્ર, બિહાર અને \nમધ્ય પ્રાંત–મરાઠી, એટલા પ્રાંતોમાં જે કંઈ વિખવાદો હશે તે બધાનો નિકાલ ઉક્ત સમિતિ કરશે. નીચે \nસહી કરનારાઓએ આ કરાર પર પોતપોતાની અંગત હેસિયતથી સહી કરેલી છે; એટલે એને બહાલી \nમાટે સ્વરાજ્ય પક્ષની તથા પ્રતિસહકાર પક્ષ (રિસ્પૉન્સિવ કૉ-ઑપરેશન) પાર્ટી)ની કારોબારી સમિતિ \nસમક્ષ રજૂ કરવામાં આવશે. મહાસમિતિની બહાલી માટે આ કરાર સાબરમતી મુકામે આવતા મે માસની \n૫મી અને ૬ઠ્ઠી તારીખોએ બોલાવવામાં આવનાર એની બેઠક સમક્ષ રજૂ કરવામાં આવશે.",
                "lines": [
                    "બીજું એમ ઠરાવવામાં આવે છે કે કૉંગ્રેસ પક્ષની બહુમતીવાળા પ્રાંતો—મુંબઈ મહારાષ્ટ્ર, બિહાર અને",
                    "મધ્ય પ્રાંત–મરાઠી, એટલા પ્રાંતોમાં જે કંઈ વિખવાદો હશે તે બધાનો નિકાલ ઉક્ત સમિતિ કરશે. નીચે",
                    "સહી કરનારાઓએ આ કરાર પર પોતપોતાની અંગત હેસિયતથી સહી કરેલી છે; એટલે એને બહાલી",
                    "માટે સ્વરાજ્ય પક્ષની તથા પ્રતિસહકાર પક્ષ (રિસ્પૉન્સિવ કૉ-ઑપરેશન) પાર્ટી)ની કારોબારી સમિતિ",
                    "સમક્ષ રજૂ કરવામાં આવશે. મહાસમિતિની બહાલી માટે આ કરાર સાબરમતી મુકામે આવતા મે માસની",
                    "૫મી અને ૬ઠ્ઠી તારીખોએ બોલાવવામાં આવનાર એની બેઠક સમક્ષ રજૂ કરવામાં આવશે."
                ]
            },
            {
                "block_text": "આ સમાધાન પર સાબરમતી મુકામે ૧૯૨૬ના એપ્રિલ માસની ૨૧મી તારીખે સરોજિની નાયડુ, \nમોતીલાલ નેહરુ, લજપતરાય, એમ. આર. જયકર, એન. સી. કેળકર, બી. એસ. મુંજે, એમ. એસ. અણે, \nડી. વી. ગોખલે, જી. એ. ઓગલે, — એટલા જણે સહીઓ કરી છે.",
                "lines": [
                    "આ સમાધાન પર સાબરમતી મુકામે ૧૯૨૬ના એપ્રિલ માસની ૨૧મી તારીખે સરોજિની નાયડુ,",
                    "મોતીલાલ નેહરુ, લજપતરાય, એમ. આર. જયકર, એન. સી. કેળકર, બી. એસ. મુંજે, એમ. એસ. અણે,",
                    "ડી. વી. ગોખલે, જી. એ. ઓગલે, — એટલા જણે સહીઓ કરી છે."
                ]
            },
            {
                "block_text": "૨. મહાસમિતિનો દિલ્હીનો ઠરાવ",
                "lines": [
                    "૨. મહાસમિતિનો દિલ્હીનો ઠરાવ"
                ]
            },
            {
                "block_text": "દિલ્હીમાં મળેલી મહાસમિતિની બેઠકે પસાર કરેલા ઠરાવ નં. ૨ख(૪)ની જે કલમોનો ઉપરના કરારમાં \nઉલ્લેખ થયો છે તેમાં લખ્યું છે કે",
                "lines": [
                    "દિલ્હીમાં મળેલી મહાસમિતિની બેઠકે પસાર કરેલા ઠરાવ નં. ૨ख(૪)ની જે કલમોનો ઉપરના કરારમાં",
                    "ઉલ્લેખ થયો છે તેમાં લખ્યું છે કે"
                ]
            },
            {
                "block_text": "(क) જ્યાં સુધી કૉંગ્રેસને એમ ન લાગે કે આપણા સહકારના જવાબમાં સરકારે આપણને સંતોષકારક \nસહકાર આપ્યો છે ત્યાં સુધી સરકાર જે હોદ્દા આપે તે કૉંગ્રેસીઓએ સ્વીકારવા નહીં;",
                "lines": [
                    "(क) જ્યાં સુધી કૉંગ્રેસને એમ ન લાગે કે આપણા સહકારના જવાબમાં સરકારે આપણને સંતોષકારક",
                    "સહકાર આપ્યો છે ત્યાં સુધી સરકાર જે હોદ્દા આપે તે કૉંગ્રેસીઓએ સ્વીકારવા નહીં;"
                ]
            },
            {
                "block_text": "(ख) જ્યાં સુધી સરકાર આવો પ્રતિસહકાર આપે નહીં ત્યાં સુધી એની આપેલી કોઈ ચીજ કૉંગ્રેસીઓએ \nસ્વીકારવી નહીં અને એણે રજૂ કરેલાં બજેટો ફગાવી દેવાં. કૉંગ્રેસ કારોબારી એથી જુદો આદેશ \nઆપે ત્યારે એના આદેશ પ્રમાણે વર્તવું.",
                "lines": [
                    "(ख) જ્યાં સુધી સરકાર આવો પ્રતિસહકાર આપે નહીં ત્યાં સુધી એની આપેલી કોઈ ચીજ કૉંગ્રેસીઓએ",
                    "સ્વીકારવી નહીં અને એણે રજૂ કરેલાં બજેટો ફગાવી દેવાં. કૉંગ્રેસ કારોબારી એથી જુદો આદેશ",
                    "આપે ત્યારે એના આદેશ પ્રમાણે વર્તવું."
                ]
            },
            {
                "block_text": "૩. પ્રતિસહકારવાદીઓએ અકોલાથી બહાર પાડેલો મેનિફેસ્ટો",
                "lines": [
                    "૩. પ્રતિસહકારવાદીઓએ અકોલાથી બહાર પાડેલો મેનિફેસ્ટો"
                ]
            },
            {
                "block_text": "પ્રતિસહકારવાદી પક્ષની ગયા ફેબ્રુઆરી માસમાં અકોલા મુકામે મળેલી પરિષદે પોતાના કાઉન્સિલ \nકાર્યક્રમ સંબંધમાં બહાર પાડેલા મેનિફેસ્ટોમાં જાહેર કરવામાં આવ્યું હતું કે :",
                "lines": [
                    "પ્રતિસહકારવાદી પક્ષની ગયા ફેબ્રુઆરી માસમાં અકોલા મુકામે મળેલી પરિષદે પોતાના કાઉન્સિલ",
                    "કાર્યક્રમ સંબંધમાં બહાર પાડેલા મેનિફેસ્ટોમાં જાહેર કરવામાં આવ્યું હતું કે :"
                ]
            },
            {
                "block_text": "અમે માનીએ છીએ કે બધે એકસરખા, સતત અને એકબીજાના વિરોધી ન હોય એવા વાંધા નાખવાની \nનીતિનો આશરો લઈને બંધારણીય મડાગાંઠ ઊભી કરવાનો કોઈ પણ કાર્યક્રમ, જ્યાં સુધી તે મોટા \nપાયા પર અજમાવવામાં આવે નહીં અને જ્યાં સુધી એની પાછળ કોઈ પીઠબળ હોય નહીં, ત્યાં સુધી \nસફળ થઈ શકે નહીં.",
                "lines": [
                    "અમે માનીએ છીએ કે બધે એકસરખા, સતત અને એકબીજાના વિરોધી ન હોય એવા વાંધા નાખવાની",
                    "નીતિનો આશરો લઈને બંધારણીય મડાગાંઠ ઊભી કરવાનો કોઈ પણ કાર્યક્રમ, જ્યાં સુધી તે મોટા",
                    "પાયા પર અજમાવવામાં આવે નહીં અને જ્યાં સુધી એની પાછળ કોઈ પીઠબળ હોય નહીં, ત્યાં સુધી",
                    "સફળ થઈ શકે નહીં."
                ]
            },
            {
                "block_text": "અમે માનીએ છીએ કે અત્યારના સંજોગોમાં સારામાં સારો રસ્તો પ્રતિસહકાર કરવો એ છે. એનો \nઅર્થ એ થાય કે જે સુધારા આપવામાં આવ્યા છે તે અસંતોષકારક, નિરાશાજનક અને અધૂરા હોવા \nછતાં, એનાથી જે લાભ મળી શકતો હોય તે લેવાની દૃષ્ટિ રાખી એ સુધારાનો અમલ કરવો. બીજું, \nઆપણને સંપૂર્ણ જવાબદારીવાળું રાજ્યતંત્ર જલદી મળે તે માટે એ સુધારાનો ઉપયોગ કરવો, અને એવું \nરાજ્યતંત્ર મળતાં સુધી લોકોને માટે એવી તકો ઊભી કરવી જે વડે તેઓ પોતાનું હિત સાધી શકે અને \nઅન્યાય અને અરાજકતાનો સામનો કરવાની એમની તાકાત વધારી શકે.",
                "lines": [
                    "અમે માનીએ છીએ કે અત્યારના સંજોગોમાં સારામાં સારો રસ્તો પ્રતિસહકાર કરવો એ છે. એનો",
                    "અર્થ એ થાય કે જે સુધારા આપવામાં આવ્યા છે તે અસંતોષકારક, નિરાશાજનક અને અધૂરા હોવા",
                    "છતાં, એનાથી જે લાભ મળી શકતો હોય તે લેવાની દૃષ્ટિ રાખી એ સુધારાનો અમલ કરવો. બીજું,",
                    "આપણને સંપૂર્ણ જવાબદારીવાળું રાજ્યતંત્ર જલદી મળે તે માટે એ સુધારાનો ઉપયોગ કરવો, અને એવું",
                    "રાજ્યતંત્ર મળતાં સુધી લોકોને માટે એવી તકો ઊભી કરવી જે વડે તેઓ પોતાનું હિત સાધી શકે અને",
                    "અન્યાય અને અરાજકતાનો સામનો કરવાની એમની તાકાત વધારી શકે."
                ]
            },
            {
                "block_text": "સુધારાનો અમલ કરવાની નીતિનો અનિવાર્ય રીતે એવો પણ અર્થ થાય છે કે જે હોદ્દાથી સત્તા, \nજવાબદારી અને પહેલ કરવાની છૂટ મળતી હોય અને આવા જે હોદ્દા ચૂંટણીથી મેળવી શકાતા હોય અથવા \nધારાસભામાં બેસતા પક્ષને બીજી રીતે જવાબદાર હોય તે તમામ હોદ્દા આપણે કબજે કરવા જોઈએ.",
                "lines": [
                    "સુધારાનો અમલ કરવાની નીતિનો અનિવાર્ય રીતે એવો પણ અર્થ થાય છે કે જે હોદ્દાથી સત્તા,",
                    "જવાબદારી અને પહેલ કરવાની છૂટ મળતી હોય અને આવા જે હોદ્દા ચૂંટણીથી મેળવી શકાતા હોય અથવા",
                    "ધારાસભામાં બેસતા પક્ષને બીજી રીતે જવાબદાર હોય તે તમામ હોદ્દા આપણે કબજે કરવા જોઈએ."
                ]
            }
        ]
    }
}