{
    "page_number": 307,
    "right_column": {
        "blocks": [
            {
                "block_text": "૧.નોંધ",
                "lines": [
                    "૧.નોંધ"
                ]
            },
            {
                "block_text": "વિશ્વાસભંગ",
                "lines": [
                    "વિશ્વાસભંગ"
                ]
            },
            {
                "block_text": "જે એશિયાઈ બિલ પેશ થવાનો ભય સેવવામાં આવે છે તે સમસ્ત દક્ષિણ આફ્રિકા \nસંબંધમાં થયેલા સ્મટ્સ-ગાંધી કરારનો ભંગ કરે છે, અને નાતાલ સંબંધમાં પણ વિશ્વાસભંગ \nકરે છે. એ વિશ્વાસનો ભંગ કેવી રીતનો છે તે દક્ષિણ આફ્રિકામાં અખબારો જોગ લખેલા \nપોતાના એક પત્રમાં મિ. ઍન્ડ્રૂઝે સાબિત કરી બતાવ્યું છે. આ પત્ર હમણાં જ આવેલાइन्डियन \nओपीनियनમાં પણ છપાયો છે. એનો પ્રસંગોચિત અંશ નીચે પ્રમાણે છે :",
                "lines": [
                    "જે એશિયાઈ બિલ પેશ થવાનો ભય સેવવામાં આવે છે તે સમસ્ત દક્ષિણ આફ્રિકા",
                    "સંબંધમાં થયેલા સ્મટ્સ-ગાંધી કરારનો ભંગ કરે છે, અને નાતાલ સંબંધમાં પણ વિશ્વાસભંગ",
                    "કરે છે. એ વિશ્વાસનો ભંગ કેવી રીતનો છે તે દક્ષિણ આફ્રિકામાં અખબારો જોગ લખેલા",
                    "પોતાના એક પત્રમાં મિ. ઍન્ડ્રૂઝે સાબિત કરી બતાવ્યું છે. આ પત્ર હમણાં જ આવેલાइन्डियन",
                    "ओपीनियनમાં પણ છપાયો છે. એનો પ્રસંગોચિત અંશ નીચે પ્રમાણે છે :"
                ]
            },
            {
                "block_text": "દક્ષિણ આફ્રિકામાં ઊતરી આવેલા ઘણા મોટા ભાગના હિંદીઓને નાતાલની સરકારે \n૧૮૬૦ની સાલથી કરાર હેઠળ દાખલ કરેલા છે. આ લોકો હિંદુસ્તાનથી નીકળ્યા તે પહેલાં \nબંને સરકારો વચ્ચે એવો કરાર થયેલો કે જો આ લોકો શેરડીનાં ખેતરોમાં મજૂરી કરવાના \nતેમના પાંચ વર્ષના કરારનું બરાબર પાલન કરે તો તેમને નાતાલમાં કેટલાક અધિકારો આપવા \nજોઈએ. આમાં જમીન તથા સ્થાવર મિલકતની મુક્ત ખરીદી ઉપરાંત રહેવાસી તરીકેના \nઅધિકારોનો પણ સમાવેશ થતો હતો. નાતાલની સરકાર આ પ્રકારના ગિરમીટિયા હિંદી \nમજૂરો મેળવવા આતુર હતી, એટલે એણે એવું પણ કબૂલ રાખ્યું હતું કે મજૂરો સાથે \nહિંદી વેપારીઓને પણ મુક્ત હિંદીઓ તરીકે આવવા દેવા જોઈએ.",
                "lines": [
                    "દક્ષિણ આફ્રિકામાં ઊતરી આવેલા ઘણા મોટા ભાગના હિંદીઓને નાતાલની સરકારે",
                    "૧૮૬૦ની સાલથી કરાર હેઠળ દાખલ કરેલા છે. આ લોકો હિંદુસ્તાનથી નીકળ્યા તે પહેલાં",
                    "બંને સરકારો વચ્ચે એવો કરાર થયેલો કે જો આ લોકો શેરડીનાં ખેતરોમાં મજૂરી કરવાના",
                    "તેમના પાંચ વર્ષના કરારનું બરાબર પાલન કરે તો તેમને નાતાલમાં કેટલાક અધિકારો આપવા",
                    "જોઈએ. આમાં જમીન તથા સ્થાવર મિલકતની મુક્ત ખરીદી ઉપરાંત રહેવાસી તરીકેના",
                    "અધિકારોનો પણ સમાવેશ થતો હતો. નાતાલની સરકાર આ પ્રકારના ગિરમીટિયા હિંદી",
                    "મજૂરો મેળવવા આતુર હતી, એટલે એણે એવું પણ કબૂલ રાખ્યું હતું કે મજૂરો સાથે",
                    "હિંદી વેપારીઓને પણ મુક્ત હિંદીઓ તરીકે આવવા દેવા જોઈએ."
                ]
            },
            {
                "block_text": "આ હિંદી મજૂરોએ એ અધિકારો ભારે કિંમત ચૂકવીને ખરીદ્યા હતા. કારણ કે આ \nપંચવર્ષીય ગિરમીટ પ્રથા સાથે એવાં ગંભીર નૈતિક દૂષણો સંકળાયેલાં હતાં કે એને એક \nદૂષિત મજૂર-પ્રથા ગણીને હવે સદંતર બંધ કરી દેવામાં આવી છે. છેક હમણાં સુધી \nનાતાલની સરકારે આ કરાર અંગેની પોતાની ફરજો વફાદારીથી અદા કરવા પ્રયત્ન કર્યો છે. \nદક્ષિણ આફ્રિકા ધારાની કલમ ૧૪૮ સ્પષ્ટ રીતે જણાવે છે કે નાતાલની સાંસ્થાનિક સરકારે \nકરેલા કરારો સંઘ સરકારને પણ બંધનકર્તા છે. (इयर बुक,પા. ૭૪)",
                "lines": [
                    "આ હિંદી મજૂરોએ એ અધિકારો ભારે કિંમત ચૂકવીને ખરીદ્યા હતા. કારણ કે આ",
                    "પંચવર્ષીય ગિરમીટ પ્રથા સાથે એવાં ગંભીર નૈતિક દૂષણો સંકળાયેલાં હતાં કે એને એક",
                    "દૂષિત મજૂર-પ્રથા ગણીને હવે સદંતર બંધ કરી દેવામાં આવી છે. છેક હમણાં સુધી",
                    "નાતાલની સરકારે આ કરાર અંગેની પોતાની ફરજો વફાદારીથી અદા કરવા પ્રયત્ન કર્યો છે.",
                    "દક્ષિણ આફ્રિકા ધારાની કલમ ૧૪૮ સ્પષ્ટ રીતે જણાવે છે કે નાતાલની સાંસ્થાનિક સરકારે",
                    "કરેલા કરારો સંઘ સરકારને પણ બંધનકર્તા છે. (इयर बुक,પા. ૭૪)"
                ]
            },
            {
                "block_text": "આર્થિક તર્કદોષ",
                "lines": [
                    "આર્થિક તર્કદોષ"
                ]
            },
            {
                "block_text": "હિંદી વસાહતીની વિરુદ્ધમાં આર્થિક દૃષ્ટિએ વારંવાર જે દલીલ કરવામાં આવે છે તેનો રદિયો \nએ જ પત્રમાં આ પ્રમાણે આપવામાં આવ્યો છે :",
                "lines": [
                    "હિંદી વસાહતીની વિરુદ્ધમાં આર્થિક દૃષ્ટિએ વારંવાર જે દલીલ કરવામાં આવે છે તેનો રદિયો",
                    "એ જ પત્રમાં આ પ્રમાણે આપવામાં આવ્યો છે :"
                ]
            },
            {
                "block_text": "આર્થિક દૃષ્ટિબિંદુથી, હિંદીઓનો ખુદ પ્રશ્ન દક્ષિણ આફ્રિકામાંના મોટા ભાગના લોકોને \nઠસાવવામાં આવ્યું છે એટલો બધો ગંભીર બિલકુલ નથી. વાસ્તવમાં આ પ્રશ્ન ખરેખર \nઊકલી ગયેલો છે, કેમ કે હિંદીઓની હરીફાઈ વધી રહી નથી પણ ઘટી રહી છે. છતાં \nડરબન જેવા શહેરમાં, જ્યાં હિંદીઓની વસ્તી સૌથી વધારે છે ત્યાં પણ, સને ૧૯૨૧ અને \n૧૯૨૫ વચ્ચેના ગાળા દરમિયાન હિંદીઓને નામે ચડેલી મિલકતોની કિંમતમાં ચોખ્ખો \nવધારો, અંદાજે માત્ર અઢી લાખ પાઉંડ જેટલો થયો છે, જ્યારે યુરોપિયનોને નામે ચડેલી \nમિલકતોની કિંમતમાં એ વધારો ચાળીસ લાખનો છે. તેમ છતાં ડરબન અને એનાં \nઉપનગરોમાં હિંદીઓ અને યુરોપિયનોની વસ્તીનું પ્રમાણ ૪ઃ૫નું છે. હું એક વાર કહી ચૂક્યો \nછું અને ફરીથી કહું છું કે ૧૯૨૧ની વસ્તી ગણતરીમાં બતાવ્યું છે કે યુરોપિયનોની વસ્તીમાં \n૩૯.૮ ટકાનો વધારો થયો છે, ત્યારે હિંદીઓની વસ્તી માત્ર ૬.૧ ટકા વધી છે. દર વર્ષે",
                "lines": [
                    "આર્થિક દૃષ્ટિબિંદુથી, હિંદીઓનો ખુદ પ્રશ્ન દક્ષિણ આફ્રિકામાંના મોટા ભાગના લોકોને",
                    "ઠસાવવામાં આવ્યું છે એટલો બધો ગંભીર બિલકુલ નથી. વાસ્તવમાં આ પ્રશ્ન ખરેખર",
                    "ઊકલી ગયેલો છે, કેમ કે હિંદીઓની હરીફાઈ વધી રહી નથી પણ ઘટી રહી છે. છતાં",
                    "ડરબન જેવા શહેરમાં, જ્યાં હિંદીઓની વસ્તી સૌથી વધારે છે ત્યાં પણ, સને ૧૯૨૧ અને",
                    "૧૯૨૫ વચ્ચેના ગાળા દરમિયાન હિંદીઓને નામે ચડેલી મિલકતોની કિંમતમાં ચોખ્ખો",
                    "વધારો, અંદાજે માત્ર અઢી લાખ પાઉંડ જેટલો થયો છે, જ્યારે યુરોપિયનોને નામે ચડેલી",
                    "મિલકતોની કિંમતમાં એ વધારો ચાળીસ લાખનો છે. તેમ છતાં ડરબન અને એનાં",
                    "ઉપનગરોમાં હિંદીઓ અને યુરોપિયનોની વસ્તીનું પ્રમાણ ૪ઃ૫નું છે. હું એક વાર કહી ચૂક્યો",
                    "છું અને ફરીથી કહું છું કે ૧૯૨૧ની વસ્તી ગણતરીમાં બતાવ્યું છે કે યુરોપિયનોની વસ્તીમાં",
                    "૩૯.૮ ટકાનો વધારો થયો છે, ત્યારે હિંદીઓની વસ્તી માત્ર ૬.૧ ટકા વધી છે. દર વર્ષે"
                ]
            },
            {
                "block_text": "૧",
                "lines": [
                    "૧"
                ]
            }
        ]
    }
}