{
    "page_number": 3022,
    "right_column": {
        "blocks": [
            {
                "block_text": "૧૬ગાંધીજીનો અક્ષરદેહ",
                "lines": [
                    "૧૬ગાંધીજીનો અક્ષરદેહ"
                ]
            },
            {
                "block_text": "સત્યનો સૂરજ ઝાંખો થાય. મારા બ્રહ્મચર્યના મિથ્યા દાવાથી બ્રહ્મચર્યની કિંમતને હું કેમ ઘટાડું? \nઅત્યારે તો હું જોઈ શકું છું કે બ્રહ્મચર્યપાલનના જે ઉપાયો હું બતાવું છું તે સંપૂર્ણ નથી, \nબધાને સારુ તે સંપૂર્ણતાએ સફળ નથી થતા, કેમ કે હું પોતે સંપૂર્ણ બ્રહ્મચારી નથી. જગત \nમાને કે હું સંપૂર્ણ બ્રહ્મચારી છું ને મારાથી તેની જડીબુટ્ટી ન બતાવી શકાય એ કેવી ભયાનક \nઊણપ ગણાય?",
                "lines": [
                    "સત્યનો સૂરજ ઝાંખો થાય. મારા બ્રહ્મચર્યના મિથ્યા દાવાથી બ્રહ્મચર્યની કિંમતને હું કેમ ઘટાડું?",
                    "અત્યારે તો હું જોઈ શકું છું કે બ્રહ્મચર્યપાલનના જે ઉપાયો હું બતાવું છું તે સંપૂર્ણ નથી,",
                    "બધાને સારુ તે સંપૂર્ણતાએ સફળ નથી થતા, કેમ કે હું પોતે સંપૂર્ણ બ્રહ્મચારી નથી. જગત",
                    "માને કે હું સંપૂર્ણ બ્રહ્મચારી છું ને મારાથી તેની જડીબુટ્ટી ન બતાવી શકાય એ કેવી ભયાનક",
                    "ઊણપ ગણાય?"
                ]
            },
            {
                "block_text": "હું સાચો સાધક છું, હું જાગ્રત રહું છું, મારો પ્રયત્ન કટ્ટર છે એટલું કાં બસ ન ગણાય? \nએટલી વાત જ કાં બીજાઓને મદદ ન કરે? હું પણ વિચારના વિકારોથી દૂર ન રહી શકું \nતો બીજાઓનું શું કહેવું? એવી ખોટી ત્રિરાશી જોડવાને બદલે આવી સીધી ત્રિરાશી કાં ન \nજોડાય કે “જો ગાંધી જે એક વખતે વિકારી અને વ્યભિચારી હતો તે જો આજે પોતાની સ્ત્રીની \nસાથે અવિકારી મિત્રતા રાખી શકે છે અને તે આજે રંભા જેવી યુવતીની સાથે પણ પોતાની \nદીકરી કે બહેન સમાન રહી શકે છે તો આપણે બધા એટલું કાં ન કરી શકીએ? આપણા \nસ્વપ્નદોષને, વિચારવિકારોને ઈશ્વર દૂર કરશે જ.” આ સીધો મેળ છે.",
                "lines": [
                    "હું સાચો સાધક છું, હું જાગ્રત રહું છું, મારો પ્રયત્ન કટ્ટર છે એટલું કાં બસ ન ગણાય?",
                    "એટલી વાત જ કાં બીજાઓને મદદ ન કરે? હું પણ વિચારના વિકારોથી દૂર ન રહી શકું",
                    "તો બીજાઓનું શું કહેવું? એવી ખોટી ત્રિરાશી જોડવાને બદલે આવી સીધી ત્રિરાશી કાં ન",
                    "જોડાય કે “જો ગાંધી જે એક વખતે વિકારી અને વ્યભિચારી હતો તે જો આજે પોતાની સ્ત્રીની",
                    "સાથે અવિકારી મિત્રતા રાખી શકે છે અને તે આજે રંભા જેવી યુવતીની સાથે પણ પોતાની",
                    "દીકરી કે બહેન સમાન રહી શકે છે તો આપણે બધા એટલું કાં ન કરી શકીએ? આપણા",
                    "સ્વપ્નદોષને, વિચારવિકારોને ઈશ્વર દૂર કરશે જ.” આ સીધો મેળ છે."
                ]
            },
            {
                "block_text": "લખનારના મિત્રો જે મારી સ્વપ્નદોષની કબૂલાતથી પાછા હઠ્યા તે આગળ વધ્યા જ \nન હતા. તેમને ખોટો નશો હતો તે ઊતર્યો. બ્રહ્મચર્યાદિ મહાવ્રતોની સત્યતા કે સિદ્ધિ મારા \nજેવા કોઈની ઉપર અવલંબિત નથી. એની પાછળ લાખોએ તેજસ્વી તપશ્ચર્યાઓ કરી છે, ને \nકેટલાકે સંપૂર્ણ વિજય મેળવ્યો છે.",
                "lines": [
                    "લખનારના મિત્રો જે મારી સ્વપ્નદોષની કબૂલાતથી પાછા હઠ્યા તે આગળ વધ્યા જ",
                    "ન હતા. તેમને ખોટો નશો હતો તે ઊતર્યો. બ્રહ્મચર્યાદિ મહાવ્રતોની સત્યતા કે સિદ્ધિ મારા",
                    "જેવા કોઈની ઉપર અવલંબિત નથી. એની પાછળ લાખોએ તેજસ્વી તપશ્ચર્યાઓ કરી છે, ને",
                    "કેટલાકે સંપૂર્ણ વિજય મેળવ્યો છે."
                ]
            },
            {
                "block_text": "તે ચક્રવર્તીઓની પંક્તિમાં ઊભવાનો મને અધિકાર મળશે ત્યારે મારી ભાષામાં આજ છે \nતેના કરતાં વધારે નિશ્ચય જોવામાં આવશે. જેના વિચારમાં વિકાર નથી, જેની નિદ્રામાં ભંગ નથી, જે સૂતો છતો જાગ્રત રહી શકે છે, તે નીરોગી હોય છે. તેને ક્વિનાઇનના સેવનની \nજરૂર નથી પડતી. તેના નિર્વિકારી રક્તમાં જ એવી શુદ્ધિ હોય છે કે તેને મલેરિયા ઇત્યાદિનાં \nજતું દુઃખ દઈ શકતાં નથી. એ સ્થિતિ મેળવવાને સારુ હું મથી રહ્યો છું. તેમાં હાર જેવી \nવસ્તુ છે જ નહીં. તે પ્રયત્નમાં લખનારને, તેના શ્રદ્ધાહીન મિત્રોને અને બીજા વાંચનારાઓને \nસાથી થવા હું નિમંત્રણ કરું છું અને ઇચ્છું છું કે લખનારની જેમ તેઓ મારા કરતાં વધારે \nતીવ્ર વેગથી આગળ વધે. જેઓ પાછળ હોય તે મારા જેવાના દૃષ્ટાંતથી આત્મવિશ્વાસુ બને. \nમને જે કંઈ સફળતા મળી હોય તે હું નિર્બળ હોવા છતાં, વિકારવશ હોવા છતાં, — પ્રયત્નથી, \nશ્રદ્ધાથી ને ઈશ્વરકૃપાથી મેળવી શકું છું.",
                "lines": [
                    "તે ચક્રવર્તીઓની પંક્તિમાં ઊભવાનો મને અધિકાર મળશે ત્યારે મારી ભાષામાં આજ છે",
                    "તેના કરતાં વધારે નિશ્ચય જોવામાં આવશે. જેના વિચારમાં વિકાર નથી, જેની નિદ્રામાં ભંગ નથી, જે સૂતો છતો જાગ્રત રહી શકે છે, તે નીરોગી હોય છે. તેને ક્વિનાઇનના સેવનની",
                    "જરૂર નથી પડતી. તેના નિર્વિકારી રક્તમાં જ એવી શુદ્ધિ હોય છે કે તેને મલેરિયા ઇત્યાદિનાં",
                    "જતું દુઃખ દઈ શકતાં નથી. એ સ્થિતિ મેળવવાને સારુ હું મથી રહ્યો છું. તેમાં હાર જેવી",
                    "વસ્તુ છે જ નહીં. તે પ્રયત્નમાં લખનારને, તેના શ્રદ્ધાહીન મિત્રોને અને બીજા વાંચનારાઓને",
                    "સાથી થવા હું નિમંત્રણ કરું છું અને ઇચ્છું છું કે લખનારની જેમ તેઓ મારા કરતાં વધારે",
                    "તીવ્ર વેગથી આગળ વધે. જેઓ પાછળ હોય તે મારા જેવાના દૃષ્ટાંતથી આત્મવિશ્વાસુ બને.",
                    "મને જે કંઈ સફળતા મળી હોય તે હું નિર્બળ હોવા છતાં, વિકારવશ હોવા છતાં, — પ્રયત્નથી,",
                    "શ્રદ્ધાથી ને ઈશ્વરકૃપાથી મેળવી શકું છું."
                ]
            },
            {
                "block_text": "એટલે કોઈને નિરાશ થવાનું કારણ જ નથી. મારું માહાત્મ્ય મિથ્યા ઉચ્ચાર છે. તે પદ તો \nમારી બાહ્ય પ્રવૃત્તિને — મારા રાજપ્રકરણને — આભારી છે. તે ક્ષણિક છે. માર સત્યનો, અહિંસાનો, \nબ્રહ્મચર્યાદિનો આગ્રહ એ જ મારું અવિભાજ્ય ને કીમતીમાં કીમતી અંગ છે. તેમાંનું જે કંઈ \nમને ઈશ્વરદત્ત થયું છે તેની ભૂલ્યેચૂક્યે પણ કોઈ અવગણના ન કરો. તેમાં મારું સર્વસ્વ છે. \nતેમાં રહેલી નિષ્ફળતા પણ સફળતાનાં પગથિયાં છે. તેથી નિષ્ફળતાઓ પણ મને પ્રિય છે.",
                "lines": [
                    "એટલે કોઈને નિરાશ થવાનું કારણ જ નથી. મારું માહાત્મ્ય મિથ્યા ઉચ્ચાર છે. તે પદ તો",
                    "મારી બાહ્ય પ્રવૃત્તિને — મારા રાજપ્રકરણને — આભારી છે. તે ક્ષણિક છે. માર સત્યનો, અહિંસાનો,",
                    "બ્રહ્મચર્યાદિનો આગ્રહ એ જ મારું અવિભાજ્ય ને કીમતીમાં કીમતી અંગ છે. તેમાંનું જે કંઈ",
                    "મને ઈશ્વરદત્ત થયું છે તેની ભૂલ્યેચૂક્યે પણ કોઈ અવગણના ન કરો. તેમાં મારું સર્વસ્વ છે.",
                    "તેમાં રહેલી નિષ્ફળતા પણ સફળતાનાં પગથિયાં છે. તેથી નિષ્ફળતાઓ પણ મને પ્રિય છે."
                ]
            },
            {
                "block_text": "[મૂળ ગુજરાતી]",
                "lines": [
                    "[મૂળ ગુજરાતી]"
                ]
            },
            {
                "block_text": "नवजीवन,૧૪–૨–૧૯૨૬",
                "lines": [
                    "नवजीवन,૧૪–૨–૧૯૨૬"
                ]
            }
        ]
    }
}