{
    "page_number": 303,
    "right_column": {
        "blocks": [
            {
                "block_text": "૬",
                "lines": [
                    "૬"
                ]
            },
            {
                "block_text": "ગોઝારી પ્રથા”ને કાયદાનું સમર્થન મળતું હતું (પા.૫૦૦). ભારત સરકારે એના જાહેરનામામાં \nઆપેલી બાંયધરીઓને એમણે “નર્યો ઢોંગ” (પા.૫૩૬) માન્યો.",
                "lines": [
                    "ગોઝારી પ્રથા”ને કાયદાનું સમર્થન મળતું હતું (પા.૫૦૦). ભારત સરકારે એના જાહેરનામામાં",
                    "આપેલી બાંયધરીઓને એમણે “નર્યો ઢોંગ” (પા.૫૩૬) માન્યો."
                ]
            },
            {
                "block_text": "અસ્પૃશ્યતાનો પ્રશ્ન હિંદુસ્તાનમાંનો એક એવો જ અન્યાયનો પ્રશ્ન હતો. ગાંધીજી પોતાનાં \nલખાણોમાં તેમ જ રચનાત્મક કાર્ય દ્વારા એના પર તીવ્ર પ્રહારો કરતા રહ્યા. અસ્પૃશ્યોની દુર્દશા \nવિશેयंग इन्डियाમાં લખતાં એમણે કહ્યું કે માનવ અધિકારો છીનવી લેવા બાબતમાં અસ્પૃશ્યોની \nદશા, દક્ષિણ આફ્રિકામાં વસતા હિંદીઓની દશા જેવી જ છે (પા.૩૭૦).",
                "lines": [
                    "અસ્પૃશ્યતાનો પ્રશ્ન હિંદુસ્તાનમાંનો એક એવો જ અન્યાયનો પ્રશ્ન હતો. ગાંધીજી પોતાનાં",
                    "લખાણોમાં તેમ જ રચનાત્મક કાર્ય દ્વારા એના પર તીવ્ર પ્રહારો કરતા રહ્યા. અસ્પૃશ્યોની દુર્દશા",
                    "વિશેयंग इन्डियाમાં લખતાં એમણે કહ્યું કે માનવ અધિકારો છીનવી લેવા બાબતમાં અસ્પૃશ્યોની",
                    "દશા, દક્ષિણ આફ્રિકામાં વસતા હિંદીઓની દશા જેવી જ છે (પા.૩૭૦)."
                ]
            },
            {
                "block_text": "દારૂ અને કેફી પદાર્થોના વ્યસન જેવાં સામાજિક દૂષણોનો પોતાનો વિરોધ પણ ગાંધીજી \nજાહેર કરતા રહ્યા. હરબર્ટ એંડરસનના ત્રિમાસિક પત્રप्रोहिबिशनને મોકલેલા પોતાના સંદેશામાં \nએમણે પિકેટિંગનો બચાવ કર્યો અને લખ્યું કે : “કાયમ ટકે એવો એકમાત્ર ઉપાય સંપૂર્ણ \nદારૂનિષેધ છે, કેમ કે દારૂડિયો તો એક રોગગ્રસ્ત માણસ છે, જે પોતાની મેળે દારૂ છોડે એ \nબિલકુલ અસંભવિત છે. સંપૂર્ણ દારૂનિષેધના રૂપમાં બહારની મદદ મળે તો એમનામાંના ઘણા એને \nખુશીથી આવકારશે …” (પા.૨૬૧–૭).",
                "lines": [
                    "દારૂ અને કેફી પદાર્થોના વ્યસન જેવાં સામાજિક દૂષણોનો પોતાનો વિરોધ પણ ગાંધીજી",
                    "જાહેર કરતા રહ્યા. હરબર્ટ એંડરસનના ત્રિમાસિક પત્રप्रोहिबिशनને મોકલેલા પોતાના સંદેશામાં",
                    "એમણે પિકેટિંગનો બચાવ કર્યો અને લખ્યું કે : “કાયમ ટકે એવો એકમાત્ર ઉપાય સંપૂર્ણ",
                    "દારૂનિષેધ છે, કેમ કે દારૂડિયો તો એક રોગગ્રસ્ત માણસ છે, જે પોતાની મેળે દારૂ છોડે એ",
                    "બિલકુલ અસંભવિત છે. સંપૂર્ણ દારૂનિષેધના રૂપમાં બહારની મદદ મળે તો એમનામાંના ઘણા એને",
                    "ખુશીથી આવકારશે …” (પા.૨૬૧–૭)."
                ]
            },
            {
                "block_text": "દેશમાં પ્રવર્તતા કોમી અવિશ્વાસ અને કુસંપે ગાંધીજીને અનંત દુઃખી કર્યા. બે મોટી \nકોમો વચ્ચેની વધતી જતી ખાઈને પોતે પૂરી શકે એમ નથી એવું એમને લાગ્યા કરતું હતું. \nએટલે એમણે લખ્યું કે : “આજે મારું બોલેલું નકામું છે” (પા.૩૬૨). દેશમાં પડેલા ભાગલાએ \nકૉંગ્રેસ સંસ્થામાં પણ ડોકું કાઢ્યું. તેમનો પોતાનો અભિપ્રાય તો નિઃસંદેહ કાઉન્સિલપ્રવેશની \nવિરુદ્ધ હતો (પા.૩૬૧). પણ તેઓ સૌથી વધારે દુઃખી તો ત્યારે થયા જ્યારે મહાસમિતિની \n૪થી અને ૫મી મેની બેઠકમાં સ્વરાજ્યવાદીઓ અને પ્રતિ–સહકારવાદીઓ વચ્ચેનો  \n“સાબરમતી કરાર” ભાંગી પડ્યો. મૌલાના અબુલ કલામ આઝાદ ઉપરના પત્રમાં એમણે લખ્યું : \n“આપણામાંના સર્વોચ્ચ નેતાઓ પણ એકબીજા પ્રત્યે અવિશ્વાસ રાખે છે …” (પા.૪૦૬).",
                "lines": [
                    "દેશમાં પ્રવર્તતા કોમી અવિશ્વાસ અને કુસંપે ગાંધીજીને અનંત દુઃખી કર્યા. બે મોટી",
                    "કોમો વચ્ચેની વધતી જતી ખાઈને પોતે પૂરી શકે એમ નથી એવું એમને લાગ્યા કરતું હતું.",
                    "એટલે એમણે લખ્યું કે : “આજે મારું બોલેલું નકામું છે” (પા.૩૬૨). દેશમાં પડેલા ભાગલાએ",
                    "કૉંગ્રેસ સંસ્થામાં પણ ડોકું કાઢ્યું. તેમનો પોતાનો અભિપ્રાય તો નિઃસંદેહ કાઉન્સિલપ્રવેશની",
                    "વિરુદ્ધ હતો (પા.૩૬૧). પણ તેઓ સૌથી વધારે દુઃખી તો ત્યારે થયા જ્યારે મહાસમિતિની",
                    "૪થી અને ૫મી મેની બેઠકમાં સ્વરાજ્યવાદીઓ અને પ્રતિ–સહકારવાદીઓ વચ્ચેનો",
                    "“સાબરમતી કરાર” ભાંગી પડ્યો. મૌલાના અબુલ કલામ આઝાદ ઉપરના પત્રમાં એમણે લખ્યું :",
                    "“આપણામાંના સર્વોચ્ચ નેતાઓ પણ એકબીજા પ્રત્યે અવિશ્વાસ રાખે છે …” (પા.૪૦૬)."
                ]
            },
            {
                "block_text": "આમ ચોતરફ નિષ્ફળતા અને નિરાશા વ્યાપેલી જોઈ ગાંધીજી પોતાના રચનાત્મક કાર્યક્રમ \nતરફ વળ્યા અને એમાં એમનો ઉત્સાહ દિન-પ્રતિ-દિન વધતો જ ગયો એમાં નવાઈ પામવા \nજેવું નથી. હિંદુસ્તાનની ગરીબી ફેડવાનો ઉપાય રેંટિયો જ છે એ વાત તેઓनवजीवनઅનેयंग इन्डियाમાં ફરી ફરીને સમજાવતા રહ્યા. માર્ચની ૧૭મીએ થયેલી કેથેરાઈન મેયો સાથેની \nવાતચીતમાં (પા૧૧૭–૨૨) તથા ૨૬મી માર્ચના એ બહેન ઉપરના પત્રમાં (પા.૧૭૩–૪) \nસમજાવ્યું છે તે રીતે એમણે રેંટિયાનું અર્થશાસ્ત્ર વિસ્તારથી સમજાવવાની તસ્દી લીધી. ડગી \nગયેલા સાથીઓને આપેલા એમના જવાબમાં આપણે જોઈએ છીએ કે એમના હૃદયના ઊંડાણમાં \nએક એવી આસ્થા બેઠેલી હતી કે : “કોઈ પણ સુધારો શરૂઆતમાં ગમે તેટલો અસંભવિત \nલાગતો હોય તોપણ એ કરવા માટે એક સાચો માણસ બસ થાય છે.” સંભવ છે કે આવા \nમાણસને બદલામાં હાંસી, તિરસ્કાર અને મૃત્યુ જ મળે. અને ઘણી વાર એવું બને છે પણ ખરું. \nએ માણસ ખતમ થઈ જાય તોપણ એણે આદરેલા સુધારા ટકી રહે છે અને આગળ વધે છે. \nતે પોતાના લોહી વડે એ સુધારાને ચિરંજીવ બનાવતો જાય છે” (પા.૩૬૮).",
                "lines": [
                    "આમ ચોતરફ નિષ્ફળતા અને નિરાશા વ્યાપેલી જોઈ ગાંધીજી પોતાના રચનાત્મક કાર્યક્રમ",
                    "તરફ વળ્યા અને એમાં એમનો ઉત્સાહ દિન-પ્રતિ-દિન વધતો જ ગયો એમાં નવાઈ પામવા",
                    "જેવું નથી. હિંદુસ્તાનની ગરીબી ફેડવાનો ઉપાય રેંટિયો જ છે એ વાત તેઓनवजीवनઅનેयंग इन्डियाમાં ફરી ફરીને સમજાવતા રહ્યા. માર્ચની ૧૭મીએ થયેલી કેથેરાઈન મેયો સાથેની",
                    "વાતચીતમાં (પા૧૧૭–૨૨) તથા ૨૬મી માર્ચના એ બહેન ઉપરના પત્રમાં (પા.૧૭૩–૪)",
                    "સમજાવ્યું છે તે રીતે એમણે રેંટિયાનું અર્થશાસ્ત્ર વિસ્તારથી સમજાવવાની તસ્દી લીધી. ડગી",
                    "ગયેલા સાથીઓને આપેલા એમના જવાબમાં આપણે જોઈએ છીએ કે એમના હૃદયના ઊંડાણમાં",
                    "એક એવી આસ્થા બેઠેલી હતી કે : “કોઈ પણ સુધારો શરૂઆતમાં ગમે તેટલો અસંભવિત",
                    "લાગતો હોય તોપણ એ કરવા માટે એક સાચો માણસ બસ થાય છે.” સંભવ છે કે આવા",
                    "માણસને બદલામાં હાંસી, તિરસ્કાર અને મૃત્યુ જ મળે. અને ઘણી વાર એવું બને છે પણ ખરું.",
                    "એ માણસ ખતમ થઈ જાય તોપણ એણે આદરેલા સુધારા ટકી રહે છે અને આગળ વધે છે.",
                    "તે પોતાના લોહી વડે એ સુધારાને ચિરંજીવ બનાવતો જાય છે” (પા.૩૬૮)."
                ]
            },
            {
                "block_text": "અહિંસા વિશે પણ તેઓ એટલા જ મક્કમ હતા. તેઓ માનતા કે અહિંસક બનવા માટે \nલોકોએ મથામણ કર્યા જ કરવી જોઈએ. આ સિદ્ધાંતના ટીકાકારોએ “દૂર દૂર આવેલા અમે­\nરિકાથી” નામના લેખમાં દર્શાવ્યા પ્રમાણે એના વ્યવહારુપણા વિશે શંકાના અવાજ ઉઠાવ્યા ત્યારે",
                "lines": [
                    "અહિંસા વિશે પણ તેઓ એટલા જ મક્કમ હતા. તેઓ માનતા કે અહિંસક બનવા માટે",
                    "લોકોએ મથામણ કર્યા જ કરવી જોઈએ. આ સિદ્ધાંતના ટીકાકારોએ “દૂર દૂર આવેલા અમે­",
                    "રિકાથી” નામના લેખમાં દર્શાવ્યા પ્રમાણે એના વ્યવહારુપણા વિશે શંકાના અવાજ ઉઠાવ્યા ત્યારે"
                ]
            }
        ]
    }
}