{
    "page_number": 3049,
    "right_column": {
        "blocks": [
            {
                "block_text": "પરિશિષ્ટો૫૬૩",
                "lines": [
                    "પરિશિષ્ટો૫૬૩"
                ]
            },
            {
                "block_text": "આવા હોદ્દા લેનારે નીતિ, કાર્યક્રમ અને એવી બાબતોમાં વખતોવખત જે શરતો લાદવાની જરૂર લાગે તે પાળવા બંધાવું જોઈશ૧.",
                "lines": [
                    "આવા હોદ્દા લેનારે નીતિ, કાર્યક્રમ અને એવી બાબતોમાં વખતોવખત જે શરતો લાદવાની જરૂર લાગે તે પાળવા બંધાવું જોઈશ૧."
                ]
            },
            {
                "block_text": "૪. કરાર પડી ભાંગ્યો",
                "lines": [
                    "૪. કરાર પડી ભાંગ્યો"
                ]
            },
            {
                "block_text": "૪થી મેએ અમદાવાદમાં મળેલી મહાસમિતિની સભામાં પંડિત મોતીલાલ નેહરુએ જાહેર કર્યું કે \nસાબરમતી કરારની શરતોનો અર્થ ઘટાવવામાં એ કરાર પર સહી કરનારા વચ્ચે તીવ્ર મતભેદ પડવાથી \nછેલ્લા થોડા દિવસોથી પ્રતિસહકારવાદીઓ સાથે હું જે વાટાઘાટો ચલાવી રહ્યો હતો તે પડી ભાંગી છે, \nઅને તે કારણે કરાર નકામો નીવડ્યો છે અને એનું હવે અસ્તિત્વ રહ્યું નથી. પંડિત મોતીલાલના આ \nનિવેદનને મોટે ભાગે બહાલ રાખતો એક પત્ર પ્રતિસહકારવાદીઓ તરફથી આવેલો તે સેક્રેટરીએ વાંચી \nસંભળાવ્યો હતો.",
                "lines": [
                    "૪થી મેએ અમદાવાદમાં મળેલી મહાસમિતિની સભામાં પંડિત મોતીલાલ નેહરુએ જાહેર કર્યું કે",
                    "સાબરમતી કરારની શરતોનો અર્થ ઘટાવવામાં એ કરાર પર સહી કરનારા વચ્ચે તીવ્ર મતભેદ પડવાથી",
                    "છેલ્લા થોડા દિવસોથી પ્રતિસહકારવાદીઓ સાથે હું જે વાટાઘાટો ચલાવી રહ્યો હતો તે પડી ભાંગી છે,",
                    "અને તે કારણે કરાર નકામો નીવડ્યો છે અને એનું હવે અસ્તિત્વ રહ્યું નથી. પંડિત મોતીલાલના આ",
                    "નિવેદનને મોટે ભાગે બહાલ રાખતો એક પત્ર પ્રતિસહકારવાદીઓ તરફથી આવેલો તે સેક્રેટરીએ વાંચી",
                    "સંભળાવ્યો હતો."
                ]
            },
            {
                "block_text": "૫. મોતીલાલ નેહરુએ રજૂ કરેલી બીજી ફૉર્મ્યુલા",
                "lines": [
                    "૫. મોતીલાલ નેહરુએ રજૂ કરેલી બીજી ફૉર્મ્યુલા"
                ]
            },
            {
                "block_text": "૪થી તારીખે પ્રતિસહકારવાદી નેતાઓને બીજી ફૉર્મ્યુલા આપવામાં આવી તેનો પાઠ આ પ્રમાણે છે :",
                "lines": [
                    "૪થી તારીખે પ્રતિસહકારવાદી નેતાઓને બીજી ફૉર્મ્યુલા આપવામાં આવી તેનો પાઠ આ પ્રમાણે છે :"
                ]
            },
            {
                "block_text": "૨૧મી એપ્રિલ, ૧૯૨૬ના રોજ સાબરમતી મુકામે શ્રીમતી સરોજિની નાયડુ, સર્વશ્રી લજપતરાય, \nએમ. એસ. અણે, એમ. આર. જયકર, એન. સી. કેળકર, જી. એ. ઓગલે અને પંડિત મોતીલાલ નેહરુ \nવચ્ચે થયેલા કરારનો સાચો અર્થ શો થાય એ બાબતમાં શંકાઓ ઊઠી છે અને મતભેદો ઊભા થયા છે. \nતે જોતાં તથા કાનપુર કૉંગ્રેસના ઠરાવ નં. ૭માં તથા ૬ઠ્ઠી અને ૭મી માર્ચ, ૧૯૨૬ના રોજ દિલ્હીમાં \nમહાસમિતિએ પસાર કરેલા ઠરાવ નં. ૨ (ख)માં નક્કી કરેલા સિદ્ધાંતો, નીતિ અને કાર્યક્રમ સાથે પોતે પૂરેપૂરી \nસંમત હોવાને કારણે તથા સારામાં સારા સંજોગોમાં પણ દ્વિમુખી રાજ્યપદ્ધતિ કોઈ પણ સ્વરૂપે ચલાવી \nશકાય તેમ છે જ નહીં એવી પોતાની દૃઢ માન્યતા હોવાથી, મહાસમિતિની આ સભા માને છે કે તમામ \nશંકાઓ અને મતભેદો દૂર કરવાના તથા સરકાર પાસેથી માગવામાં આવેલા સહકારના મુદ્દાનું સાચું સ્વરૂપ \nશું છે તે દેશ સમક્ષ રજૂ કરવાના હેતુથી ઉક્ત ઠરાવમાં જેનો ઉલ્લેખ છે તે સંતોષકારક જવાબ શેને \nગણવામાં આવશે તે જણાવવું લાભદાયી છે.",
                "lines": [
                    "૨૧મી એપ્રિલ, ૧૯૨૬ના રોજ સાબરમતી મુકામે શ્રીમતી સરોજિની નાયડુ, સર્વશ્રી લજપતરાય,",
                    "એમ. એસ. અણે, એમ. આર. જયકર, એન. સી. કેળકર, જી. એ. ઓગલે અને પંડિત મોતીલાલ નેહરુ",
                    "વચ્ચે થયેલા કરારનો સાચો અર્થ શો થાય એ બાબતમાં શંકાઓ ઊઠી છે અને મતભેદો ઊભા થયા છે.",
                    "તે જોતાં તથા કાનપુર કૉંગ્રેસના ઠરાવ નં. ૭માં તથા ૬ઠ્ઠી અને ૭મી માર્ચ, ૧૯૨૬ના રોજ દિલ્હીમાં",
                    "મહાસમિતિએ પસાર કરેલા ઠરાવ નં. ૨ (ख)માં નક્કી કરેલા સિદ્ધાંતો, નીતિ અને કાર્યક્રમ સાથે પોતે પૂરેપૂરી",
                    "સંમત હોવાને કારણે તથા સારામાં સારા સંજોગોમાં પણ દ્વિમુખી રાજ્યપદ્ધતિ કોઈ પણ સ્વરૂપે ચલાવી",
                    "શકાય તેમ છે જ નહીં એવી પોતાની દૃઢ માન્યતા હોવાથી, મહાસમિતિની આ સભા માને છે કે તમામ",
                    "શંકાઓ અને મતભેદો દૂર કરવાના તથા સરકાર પાસેથી માગવામાં આવેલા સહકારના મુદ્દાનું સાચું સ્વરૂપ",
                    "શું છે તે દેશ સમક્ષ રજૂ કરવાના હેતુથી ઉક્ત ઠરાવમાં જેનો ઉલ્લેખ છે તે સંતોષકારક જવાબ શેને",
                    "ગણવામાં આવશે તે જણાવવું લાભદાયી છે."
                ]
            },
            {
                "block_text": "તેથી એવું ઠરાવવામાં આવે છે કે :",
                "lines": [
                    "તેથી એવું ઠરાવવામાં આવે છે કે :"
                ]
            },
            {
                "block_text": "(૧) ૮મી ફેબ્રુઆરી, ૧૯૨૫ને રોજ વડી ધારાસભાએ પસાર કરેલા ઠરાવમાં રહેલા સિદ્ધાંતનો જો \nસરકાર સ્વીકાર કરે, તો સંપૂર્ણ જવાબદાર રાજ્યતંત્રની રાષ્ટ્રીય માગણીનો સરકારે સંતોષકારક જવાબ \nઆપ્યો ગણાશે. અને ૮મી સપ્ટેમ્બર, ૧૯૨૫ને રોજ વડી ધારાસભાએ પસાર કરેલા ઠરાવમાં સૂચવેલાં \nવિવિધ પગલાંનો જો સરકાર તાત્કાલિક અમલ કરે, તો તે હાલ તુરત સદર સિદ્ધાંતનો પૂરતો અમલ થયો \nમાનવામાં આવશે.",
                "lines": [
                    "(૧) ૮મી ફેબ્રુઆરી, ૧૯૨૫ને રોજ વડી ધારાસભાએ પસાર કરેલા ઠરાવમાં રહેલા સિદ્ધાંતનો જો",
                    "સરકાર સ્વીકાર કરે, તો સંપૂર્ણ જવાબદાર રાજ્યતંત્રની રાષ્ટ્રીય માગણીનો સરકારે સંતોષકારક જવાબ",
                    "આપ્યો ગણાશે. અને ૮મી સપ્ટેમ્બર, ૧૯૨૫ને રોજ વડી ધારાસભાએ પસાર કરેલા ઠરાવમાં સૂચવેલાં",
                    "વિવિધ પગલાંનો જો સરકાર તાત્કાલિક અમલ કરે, તો તે હાલ તુરત સદર સિદ્ધાંતનો પૂરતો અમલ થયો",
                    "માનવામાં આવશે."
                ]
            },
            {
                "block_text": "(૨) ૮મી સપ્ટેમ્બર, ૧૯૨૫ને રોજ વડી ધારાસભાએ પસાર કરેલા ઠરાવમાં જણાવેલાં પગલાં ઉપરાંત \nબીજાં પગલાં લઈને સરકાર જો એવી ગૅરંટી આપતી હોય કે નજીકના ભવિષ્યમાં જવાબદાર રાજ્યતંત્ર એના \nપૂરેપૂરા અર્થમાં આપોઆપ આવી જશે, અને તે દરમિયાન, જો પ્રાંતોમાં તત્ત્વતઃ સંપૂર્ણ જવાબદાર \nરાજ્યતંત્ર આપવામાં આવે, તો આ રીતે સરકારે આપેલો પ્રત્યુત્તર પ્રાંતોમાં પ્રધાનપદાં સ્વીકારવા તથા \nપ્રાંતિક બજેટો ઉપર એમના ગુણદોષની દૃષ્ટિથી વિચાર કરવા માટે પ્રાંતો પૂરતો પર્યાપ્ત માનવામાં આવશે. \nપરંતુ એમાં એવી શરત રહેશે કે સરકારે લીધેલાં પગલાંમાં જો નીચેની બાબતોનો સમાવેશ નહીં થાય તો \nએ પ્રત્યુત્તર પર્યાપ્ત નહીં ગણાય :",
                "lines": [
                    "(૨) ૮મી સપ્ટેમ્બર, ૧૯૨૫ને રોજ વડી ધારાસભાએ પસાર કરેલા ઠરાવમાં જણાવેલાં પગલાં ઉપરાંત",
                    "બીજાં પગલાં લઈને સરકાર જો એવી ગૅરંટી આપતી હોય કે નજીકના ભવિષ્યમાં જવાબદાર રાજ્યતંત્ર એના",
                    "પૂરેપૂરા અર્થમાં આપોઆપ આવી જશે, અને તે દરમિયાન, જો પ્રાંતોમાં તત્ત્વતઃ સંપૂર્ણ જવાબદાર",
                    "રાજ્યતંત્ર આપવામાં આવે, તો આ રીતે સરકારે આપેલો પ્રત્યુત્તર પ્રાંતોમાં પ્રધાનપદાં સ્વીકારવા તથા",
                    "પ્રાંતિક બજેટો ઉપર એમના ગુણદોષની દૃષ્ટિથી વિચાર કરવા માટે પ્રાંતો પૂરતો પર્યાપ્ત માનવામાં આવશે.",
                    "પરંતુ એમાં એવી શરત રહેશે કે સરકારે લીધેલાં પગલાંમાં જો નીચેની બાબતોનો સમાવેશ નહીં થાય તો",
                    "એ પ્રત્યુત્તર પર્યાપ્ત નહીં ગણાય :"
                ]
            },
            {
                "block_text": "(ક) કાયદેસર સ્થપાયેલી અદાલતમાં ગુનેગાર ઠરાવ્યા સિવાય અત્યારે અટકમાં રાખવામાં આવેલા \nતમામ રાજદ્વારી કેદીઓને છોડી મૂકવા અથવા એમના પર કાયદેસર કામ ચલાવવું.",
                "lines": [
                    "(ક) કાયદેસર સ્થપાયેલી અદાલતમાં ગુનેગાર ઠરાવ્યા સિવાય અત્યારે અટકમાં રાખવામાં આવેલા",
                    "તમામ રાજદ્વારી કેદીઓને છોડી મૂકવા અથવા એમના પર કાયદેસર કામ ચલાવવું."
                ]
            },
            {
                "block_text": "(ખ) તમામ દમનકારી કાયદાઓ રદ કરવા.",
                "lines": [
                    "(ખ) તમામ દમનકારી કાયદાઓ રદ કરવા."
                ]
            },
            {
                "block_text": "૧.ભાગ ૧, ૨ અને ૩ ૧૯૨૬ના એપ્રિલइन्डियन रिव्यूमांथीલેવામાં આવ્યા છે; અને ભાગ ૪, ૫, \nઅને ૬ એ જ માસિકના મે, ૧૯૨૬ના અંકમાંથી લેવામાં આવ્યા છે.",
                "lines": [
                    "૧.ભાગ ૧, ૨ અને ૩ ૧૯૨૬ના એપ્રિલइन्डियन रिव्यूमांथीલેવામાં આવ્યા છે; અને ભાગ ૪, ૫,",
                    "અને ૬ એ જ માસિકના મે, ૧૯૨૬ના અંકમાંથી લેવામાં આવ્યા છે."
                ]
            }
        ]
    }
}