{
    "page_number": 13,
    "right_column": {
        "blocks": [
            {
                "block_text": "બા બાપુની વિદાય૧૩",
                "lines": [
                    "બા બાપુની વિદાય૧૩"
                ]
            },
            {
                "block_text": "ફરજ પડે. તારા મનમાં એમ હશે કે એક લોટો ઓછો માંજવો.\nજો એમ હોય તો મોટી આળસની નિશાની ગણાય. હવે આજથી\nબરાબર પાણી ભરીને જમવા બેસજે.”",
                "lines": [
                    "ફરજ પડે. તારા મનમાં એમ હશે કે એક લોટો ઓછો માંજવો.",
                    "જો એમ હોય તો મોટી આળસની નિશાની ગણાય. હવે આજથી",
                    "બરાબર પાણી ભરીને જમવા બેસજે.”"
                ]
            },
            {
                "block_text": "બા ઝીણી ઝીણી ટેવો કેટલી સૂક્ષ્મતાથી અને ટૂંકમાં સમજાવી\nશકતાં તેનો મને આ પ્રત્યક્ષ પાઠ મળ્યો.",
                "lines": [
                    "બા ઝીણી ઝીણી ટેવો કેટલી સૂક્ષ્મતાથી અને ટૂંકમાં સમજાવી",
                    "શકતાં તેનો મને આ પ્રત્યક્ષ પાઠ મળ્યો."
                ]
            },
            {
                "block_text": "૩",
                "lines": [
                    "૩"
                ]
            },
            {
                "block_text": "બા-બાપુની વિદાય",
                "lines": [
                    "બા-બાપુની વિદાય"
                ]
            },
            {
                "block_text": "૧૯૪૨નો જુલાઈ મહિનો બહુ યાદગાર બની ગયો. દરરોજ\nછાપામાં આવે કે બાપુ ઉપવાસ કરશે કે અનશન? બધી\nમસલતો બાપુના ઝૂંપડામાં જ થતી હતી. બા ધારત તો તેઓ\nઆ બધી મસલતોમાં હાજર રહે એમાં કોઈ વિરોધ ન ઉઠાવત. પણ\nબા કદીય ખાનગી મસલતો સાંભળવાની જિજ્ઞાસા નહોતાં રાખતાં,\nએ મેં જોયું, કારણ કે બા એ સંબંધ ભૂલી જ ગયાં હતાં કે બાપુની\nઉપર મારો પતિ તરીકે વધારે હક છે; કારણ, બાપુ સૌના બાપુ\nઅને બાનાય બાપુ બન્યા હતા. અને બા પણ સૌનાં બા અને\nબાપુનાંય બા બન્યાં હતાં. એટલે જ આમજનતા જો છાપાથી સંતોષ\nમાને, તો બાએ પણ એનાથી જ સંતોષ માનવો રહ્યો ને?",
                "lines": [
                    "૧૯૪૨નો જુલાઈ મહિનો બહુ યાદગાર બની ગયો. દરરોજ",
                    "છાપામાં આવે કે બાપુ ઉપવાસ કરશે કે અનશન? બધી",
                    "મસલતો બાપુના ઝૂંપડામાં જ થતી હતી. બા ધારત તો તેઓ",
                    "આ બધી મસલતોમાં હાજર રહે એમાં કોઈ વિરોધ ન ઉઠાવત. પણ",
                    "બા કદીય ખાનગી મસલતો સાંભળવાની જિજ્ઞાસા નહોતાં રાખતાં,",
                    "એ મેં જોયું, કારણ કે બા એ સંબંધ ભૂલી જ ગયાં હતાં કે બાપુની",
                    "ઉપર મારો પતિ તરીકે વધારે હક છે; કારણ, બાપુ સૌના બાપુ",
                    "અને બાનાય બાપુ બન્યા હતા. અને બા પણ સૌનાં બા અને",
                    "બાપુનાંય બા બન્યાં હતાં. એટલે જ આમજનતા જો છાપાથી સંતોષ",
                    "માને, તો બાએ પણ એનાથી જ સંતોષ માનવો રહ્યો ને?"
                ]
            },
            {
                "block_text": "આથી બાને આ બધી હિલચાલની ખૂબ જ ચિંતા રહેતી.हरिजनबंधुમાં બાપુનો લેખ આવ્યો કે, “હિંદમાંથી અંગ્રેજો ચાલ્યા\nજાય” તે મેં બાને સંભળાવ્યો. બાએ લેખ બહુ આતુરતાપૂર્વક\nઅને કાળજીપૂર્વક સાંભળ્યો. પણ એમને કદાચ એ લેખ મારા સંભ­ળાવ્યાથીસંતોષ ન વળ્યો હોય એટલે એમણે પોતે જ એ લેખ\nધીમે ધીમે વાંચ્યો. (બાहरिजनबंधुના લેખ પણ આગળથી નહોતાં",
                "lines": [
                    "આથી બાને આ બધી હિલચાલની ખૂબ જ ચિંતા રહેતી.हरिजनबंधुમાં બાપુનો લેખ આવ્યો કે, “હિંદમાંથી અંગ્રેજો ચાલ્યા",
                    "જાય” તે મેં બાને સંભળાવ્યો. બાએ લેખ બહુ આતુરતાપૂર્વક",
                    "અને કાળજીપૂર્વક સાંભળ્યો. પણ એમને કદાચ એ લેખ મારા સંભ­ળાવ્યાથીસંતોષ ન વળ્યો હોય એટલે એમણે પોતે જ એ લેખ",
                    "ધીમે ધીમે વાંચ્યો. (બાहरिजनबंधुના લેખ પણ આગળથી નહોતાં"
                ]
            }
        ]
    }
}