{
    "page_number": 12,
    "right_column": {
        "blocks": [
            {
                "block_text": "૧૨બા-બાપુની શીળી છાયામાં",
                "lines": [
                    "૧૨બા-બાપુની શીળી છાયામાં"
                ]
            },
            {
                "block_text": "તેવામાં મને આશ્રમમાં પ્રાર્થના પછી એક વખત વીંછી\nકરડ્યો. એનું અસહ્ય દર્દ ૨૪ કલાક તો રહે જ. રોજ બાની પથારી,\nખાવાપીવાનું તથા બીજી કેટલીક સેવા હું કરતી. બાના ઓરડામાં આ\nદિવસોમાં હું એક જ હતી. બાએ મને પ્રેમથી પંપાળી. અમારા રોજના\nપ્રાર્થના પછીના કાર્યક્રમમાં અમે બધી છોકરીઓ મળી અંતકડી\nરમીએ કે બાની પાસે કાશીકાકી બા (પ્રભુદાસ ગાંધી, જેમણેजीवननुं\nपरोढ*લખ્યું છે તેમનાં માતુશ્રી) ભજનો ગાય, શકરીમામી બાનો વાંસો\nદાબે, શકરીમાસી (આશ્રમના વ્યવસ્થાપક ચીમનલાલભાઈ શાહનાં\nપત્ની), દુર્ગામાસી (મહાદેવભાઈ દેસાઈનાં પત્ની), ગોમતીકાકી,\n(શ્રી કિશોરલાલભાઈ મશરૂવાળાનાં પત્ની) એ બધાં જો જમી પરવાર્યાં\nહોય તો બેસે. આમ રાત પડ્યે આશ્રમનું કુટુંબ કિલ્લોલ કરે, એટલે\nતે રાતે અમારા રંગમાં ભંગ પડ્યો. જ્યારે બાપુજી સૂવા માટે\nઆવ્યા ત્યારે મારી પાસે આવ્યા. બા કહે : “જોને બિચારી\nછોકરીઓ રમતી હતી ત્યાં વીંછીડાએ ચટકાવી.”",
                "lines": [
                    "તેવામાં મને આશ્રમમાં પ્રાર્થના પછી એક વખત વીંછી",
                    "કરડ્યો. એનું અસહ્ય દર્દ ૨૪ કલાક તો રહે જ. રોજ બાની પથારી,",
                    "ખાવાપીવાનું તથા બીજી કેટલીક સેવા હું કરતી. બાના ઓરડામાં આ",
                    "દિવસોમાં હું એક જ હતી. બાએ મને પ્રેમથી પંપાળી. અમારા રોજના",
                    "પ્રાર્થના પછીના કાર્યક્રમમાં અમે બધી છોકરીઓ મળી અંતકડી",
                    "રમીએ કે બાની પાસે કાશીકાકી બા (પ્રભુદાસ ગાંધી, જેમણેजीवननुं",
                    "परोढ*લખ્યું છે તેમનાં માતુશ્રી) ભજનો ગાય, શકરીમામી બાનો વાંસો",
                    "દાબે, શકરીમાસી (આશ્રમના વ્યવસ્થાપક ચીમનલાલભાઈ શાહનાં",
                    "પત્ની), દુર્ગામાસી (મહાદેવભાઈ દેસાઈનાં પત્ની), ગોમતીકાકી,",
                    "(શ્રી કિશોરલાલભાઈ મશરૂવાળાનાં પત્ની) એ બધાં જો જમી પરવાર્યાં",
                    "હોય તો બેસે. આમ રાત પડ્યે આશ્રમનું કુટુંબ કિલ્લોલ કરે, એટલે",
                    "તે રાતે અમારા રંગમાં ભંગ પડ્યો. જ્યારે બાપુજી સૂવા માટે",
                    "આવ્યા ત્યારે મારી પાસે આવ્યા. બા કહે : “જોને બિચારી",
                    "છોકરીઓ રમતી હતી ત્યાં વીંછીડાએ ચટકાવી.”"
                ]
            },
            {
                "block_text": "આશ્રમમાં બા-બાપુજી તથા અમે છોકરીઓ પ્રાર્થનાસ્થાન પર\nરેતીમાં ખુલ્લા આકાશ નીચે સૂઈએ. બા ઘણી વાર સુધી મારી પાસે\nબેઠાં. બીજે દહાડે પણ કંઈ કામ ન થઈ શક્યું. રોજ બાની થાળી\nહું પીરસું એને બદલે બા મારી થાળી પીરસીને લાવ્યાં અને પાણીનો\nલોટો મને ભરીને આપ્યો. “હંમેશાં લોટો ભરીને જમવા બેસવાની\nતને ટેવ નથી, એ વાત રોજ તને કહેવી ભૂલી જાઉં છું. જેમ મારે\nમાટે કાળજીપૂર્વક ભરીને રાખે છે એવી જ કાળજી પોતાના કામમાં\nહોવી જોઈએ. એમ નહીં કે બાનું કામ બરાબર અને પોતાનું ફાવે\nતેમ કરવાની છુટ્ટી છે. એવા માણસો તો કદી આગળ ન વધે. જમતાં\nજમતાં કોઈ વખત પાણી પીવાની જરૂર પડી તો તેવે વખતે કાં તો\nતારે પોતાને એઠા હાથે ઊઠવું પડે અથવા બીજા પાસે માગવાની",
                "lines": [
                    "આશ્રમમાં બા-બાપુજી તથા અમે છોકરીઓ પ્રાર્થનાસ્થાન પર",
                    "રેતીમાં ખુલ્લા આકાશ નીચે સૂઈએ. બા ઘણી વાર સુધી મારી પાસે",
                    "બેઠાં. બીજે દહાડે પણ કંઈ કામ ન થઈ શક્યું. રોજ બાની થાળી",
                    "હું પીરસું એને બદલે બા મારી થાળી પીરસીને લાવ્યાં અને પાણીનો",
                    "લોટો મને ભરીને આપ્યો. “હંમેશાં લોટો ભરીને જમવા બેસવાની",
                    "તને ટેવ નથી, એ વાત રોજ તને કહેવી ભૂલી જાઉં છું. જેમ મારે",
                    "માટે કાળજીપૂર્વક ભરીને રાખે છે એવી જ કાળજી પોતાના કામમાં",
                    "હોવી જોઈએ. એમ નહીં કે બાનું કામ બરાબર અને પોતાનું ફાવે",
                    "તેમ કરવાની છુટ્ટી છે. એવા માણસો તો કદી આગળ ન વધે. જમતાં",
                    "જમતાં કોઈ વખત પાણી પીવાની જરૂર પડી તો તેવે વખતે કાં તો",
                    "તારે પોતાને એઠા હાથે ઊઠવું પડે અથવા બીજા પાસે માગવાની"
                ]
            },
            {
                "block_text": "*નવજીવન પ્રકાશન મંદિર કિં રૂ. ૮–૦–૦.",
                "lines": [
                    "*નવજીવન પ્રકાશન મંદિર કિં રૂ. ૮–૦–૦."
                ]
            }
        ]
    }
}