{
    "page_number": 3,
    "right_column": {
        "blocks": [
            {
                "block_text": "૧",
                "lines": [
                    "૧"
                ]
            },
            {
                "block_text": "શીળી છાયામાં",
                "lines": [
                    "શીળી છાયામાં"
                ]
            },
            {
                "block_text": "૧૯૪૨ના મે માસમાં બાપુજી ઍન્ડ્રૂઝ ફંડ ઉઘરાવવા મુંબઈ\nઆવેલા. બાપુજી મને પોતાની પાસે આવવા લલચાવી રહ્યા હતા, અને\nછેવટે બાપુજીના “ચાર બહેનોમાંથી કોઈક તો સેવિકા થાઓ” એ\nવાક્યે મને જવા લલચાવી. મેં મે વૅકેશન પૂરતું જવા કબૂલ્યું અને\nહું કરાંચીથી મુંબઈ ગઈ. મુંબઈથી ૨૩મી મેના રોજ બાપુજી સાથે હું\nસેવાગ્રામ ગઈ.",
                "lines": [
                    "૧૯૪૨ના મે માસમાં બાપુજી ઍન્ડ્રૂઝ ફંડ ઉઘરાવવા મુંબઈ",
                    "આવેલા. બાપુજી મને પોતાની પાસે આવવા લલચાવી રહ્યા હતા, અને",
                    "છેવટે બાપુજીના “ચાર બહેનોમાંથી કોઈક તો સેવિકા થાઓ” એ",
                    "વાક્યે મને જવા લલચાવી. મેં મે વૅકેશન પૂરતું જવા કબૂલ્યું અને",
                    "હું કરાંચીથી મુંબઈ ગઈ. મુંબઈથી ૨૩મી મેના રોજ બાપુજી સાથે હું",
                    "સેવાગ્રામ ગઈ."
                ]
            },
            {
                "block_text": "અમે બીજે દહાડે લગભગ ૧૧।। વાગ્યે સેવાગ્રામ પહોંચ્યાં.\nબાપુજી મારો ખભો પકડી મને પહેલાં સીધા બાની પાસે જ લઈ\nગયા. અને તેમના ભણી હડસેલી બાને કહે : “લે, તારા માટે એક દીકરીને\nલાવ્યો છું. હવે એને બરાબર સાણસામાં રાખજે કે છટકી ન શકે.”",
                "lines": [
                    "અમે બીજે દહાડે લગભગ ૧૧।। વાગ્યે સેવાગ્રામ પહોંચ્યાં.",
                    "બાપુજી મારો ખભો પકડી મને પહેલાં સીધા બાની પાસે જ લઈ",
                    "ગયા. અને તેમના ભણી હડસેલી બાને કહે : “લે, તારા માટે એક દીકરીને",
                    "લાવ્યો છું. હવે એને બરાબર સાણસામાં રાખજે કે છટકી ન શકે.”"
                ]
            },
            {
                "block_text": "ઉપલા શબ્દો આજે જ્યારે મારી નોંધપોથીમાંથી મને વાંચવા\nમળે છે ત્યારે જાણે કે એકેએક શબ્દની આગાહી બાપુએ તે વખતે\nકહી દીધી હતી એમ લાગે છે. હું બે મહિનાનું વૅકેશન ગાળવા પૂરતી\nજ સેવાગ્રામ ગયેલી, પણ કોઈ પૂર્વજોના પુણ્યના પ્રતાપે બંનેની આખરી\nસેવા કરવાનું મને મળ્યું.",
                "lines": [
                    "ઉપલા શબ્દો આજે જ્યારે મારી નોંધપોથીમાંથી મને વાંચવા",
                    "મળે છે ત્યારે જાણે કે એકેએક શબ્દની આગાહી બાપુએ તે વખતે",
                    "કહી દીધી હતી એમ લાગે છે. હું બે મહિનાનું વૅકેશન ગાળવા પૂરતી",
                    "જ સેવાગ્રામ ગયેલી, પણ કોઈ પૂર્વજોના પુણ્યના પ્રતાપે બંનેની આખરી",
                    "સેવા કરવાનું મને મળ્યું."
                ]
            },
            {
                "block_text": "બા મને પોતાની ઓરડીની અંદર લઈ ગયાં. મારો સામાન\nપોતે જ સરખો મુકાવ્યો. પ્રેમાળ શબ્દોમાં મને કહ્યું : “બહેન, હવે\nતને ભૂખ પણ લાગી હશે, માટે પહેલાં નાહી લે. પણ તું આ ફ્રૉક\nપહેરે છે તે મને નથી ગમતું. તારી ઉંમર ૧૩–૧૪ વર્ષની તો\nખરી ને? તારી પાસે સાડલો નહીં હોય. લે આ મારો પહેરી લે,",
                "lines": [
                    "બા મને પોતાની ઓરડીની અંદર લઈ ગયાં. મારો સામાન",
                    "પોતે જ સરખો મુકાવ્યો. પ્રેમાળ શબ્દોમાં મને કહ્યું : “બહેન, હવે",
                    "તને ભૂખ પણ લાગી હશે, માટે પહેલાં નાહી લે. પણ તું આ ફ્રૉક",
                    "પહેરે છે તે મને નથી ગમતું. તારી ઉંમર ૧૩–૧૪ વર્ષની તો",
                    "ખરી ને? તારી પાસે સાડલો નહીં હોય. લે આ મારો પહેરી લે,"
                ]
            },
            {
                "block_text": "૩",
                "lines": [
                    "૩"
                ]
            }
        ]
    }
}