{
    "page_number": 16,
    "right_column": {
        "blocks": [
            {
                "block_text": "૧૬બા-બાપુની શીળી છાયામાં",
                "lines": [
                    "૧૬બા-બાપુની શીળી છાયામાં"
                ]
            },
            {
                "block_text": "મળતો રહે એ માટે રસોડાના વ્યવસ્થાપક શ્રી કૃષ્ણચંદ્રને બધી\nભલામણો કરી.",
                "lines": [
                    "મળતો રહે એ માટે રસોડાના વ્યવસ્થાપક શ્રી કૃષ્ણચંદ્રને બધી",
                    "ભલામણો કરી."
                ]
            },
            {
                "block_text": "એ દરમિયાન એક બહેને બાને માટે થેપલાં કરીને મોકલ્યાં.\nબાને ફરસાણનો શોખ ખરો. બાએ એને લખાવ્યું કે, “તમે આશ્રમના\nબધા નિયમો જાણો છો. પછી શા માટે થેપલાં મોકલ્યાં? મારે ખાવાં\nહોય તો અહીં મને કોણ ના પાડે છે? પણ આમ બહારથી હું ખાઈ\nજ કેમ શકું? બાપુ પાસે પણ કેવી ચોર ઠરું?”",
                "lines": [
                    "એ દરમિયાન એક બહેને બાને માટે થેપલાં કરીને મોકલ્યાં.",
                    "બાને ફરસાણનો શોખ ખરો. બાએ એને લખાવ્યું કે, “તમે આશ્રમના",
                    "બધા નિયમો જાણો છો. પછી શા માટે થેપલાં મોકલ્યાં? મારે ખાવાં",
                    "હોય તો અહીં મને કોણ ના પાડે છે? પણ આમ બહારથી હું ખાઈ",
                    "જ કેમ શકું? બાપુ પાસે પણ કેવી ચોર ઠરું?”"
                ]
            },
            {
                "block_text": "બાએ એ થેપલાંના ટુકડા ટુકડા કરાવી છેલ્લી વખતે બધાના\nભાણામાં મુકાવી દીધા; પોતે બટકુંય ન ચાખ્યું. આમ બા, બાપુના\nબધા નિયમો ખૂબ જ સમજપૂર્વક પાળતાં. બાપુની પાછળ ભલે શરૂના\nજીવનમાં જાણ્યેઅજાણ્યે ઢસડાયાં હશે, પણ એ નિયમો સમજમાં\nઆવ્યા પછી આટલે સુધી પાળી બતાવતાં. ધારત તો એ થેપલાં\nપોતાના ઓરડામાં રખાવી બીજે દહાડે ભાથામાં લઈ જાત. પણ બા\nકંઈ પાપને પોષે? તો તો બા બા ન બની શક્યાં હોત ને?",
                "lines": [
                    "બાએ એ થેપલાંના ટુકડા ટુકડા કરાવી છેલ્લી વખતે બધાના",
                    "ભાણામાં મુકાવી દીધા; પોતે બટકુંય ન ચાખ્યું. આમ બા, બાપુના",
                    "બધા નિયમો ખૂબ જ સમજપૂર્વક પાળતાં. બાપુની પાછળ ભલે શરૂના",
                    "જીવનમાં જાણ્યેઅજાણ્યે ઢસડાયાં હશે, પણ એ નિયમો સમજમાં",
                    "આવ્યા પછી આટલે સુધી પાળી બતાવતાં. ધારત તો એ થેપલાં",
                    "પોતાના ઓરડામાં રખાવી બીજે દહાડે ભાથામાં લઈ જાત. પણ બા",
                    "કંઈ પાપને પોષે? તો તો બા બા ન બની શક્યાં હોત ને?"
                ]
            },
            {
                "block_text": "બા-બાપુએ આશ્રમની વિદાય બહુ ગંભીર વાતાવરણમાં લીધી.\nવાદળાં સખત ઘેરાયાં હતાં. રાજકીય વાદળાં તો હતાં જ, સાથે આ\nકુદરતી વાદળાંય હતાં. દિવસ અળખામણો લાગતો હતો. કાં તો\nએકદમ સૂર્યપ્રકાશ આનંદિત લાગે અથવા વરસાદ પડી રહ્યો હોય તે\nપણ ગમે. પણ આ તો નહીં વરસાદ નહીં તડકો. મને લાગે છે કે,\nઆપણામાં શુકન જે જોવાય છે તેના ઉપર મારી શ્રદ્ધા આ કિસ્સા\nપછી વધુ બેઠી. બાના મોઢામાંથી એવા જ શબ્દો નીકળતા હતા :\n“હવે ક્યાં આશ્રમમાં આવવું છે? મને નથી સૂઝતું કે હવે આશ્રમને\nહું જોઉં.”",
                "lines": [
                    "બા-બાપુએ આશ્રમની વિદાય બહુ ગંભીર વાતાવરણમાં લીધી.",
                    "વાદળાં સખત ઘેરાયાં હતાં. રાજકીય વાદળાં તો હતાં જ, સાથે આ",
                    "કુદરતી વાદળાંય હતાં. દિવસ અળખામણો લાગતો હતો. કાં તો",
                    "એકદમ સૂર્યપ્રકાશ આનંદિત લાગે અથવા વરસાદ પડી રહ્યો હોય તે",
                    "પણ ગમે. પણ આ તો નહીં વરસાદ નહીં તડકો. મને લાગે છે કે,",
                    "આપણામાં શુકન જે જોવાય છે તેના ઉપર મારી શ્રદ્ધા આ કિસ્સા",
                    "પછી વધુ બેઠી. બાના મોઢામાંથી એવા જ શબ્દો નીકળતા હતા :",
                    "“હવે ક્યાં આશ્રમમાં આવવું છે? મને નથી સૂઝતું કે હવે આશ્રમને",
                    "હું જોઉં.”"
                ]
            },
            {
                "block_text": "અને બાએ સેવાગ્રામ આશ્રમ પછી ફરી વાર ન જ નિહાળ્યું!\nછેલ્લી વિદાય તે છેલ્લી જ નીવડી!",
                "lines": [
                    "અને બાએ સેવાગ્રામ આશ્રમ પછી ફરી વાર ન જ નિહાળ્યું!",
                    "છેલ્લી વિદાય તે છેલ્લી જ નીવડી!"
                ]
            }
        ]
    }
}