{
    "page_number": 10,
    "right_column": {
        "blocks": [
            {
                "block_text": "૧૦બા-બાપુની શીળી છાયામાં",
                "lines": [
                    "૧૦બા-બાપુની શીળી છાયામાં"
                ]
            },
            {
                "block_text": "લઈ લીધું : “કેમ, તારે બદલે પરીક્ષામાં મને બેસાડવાની કે? બિચારીને\nવાંચતાં કંટાળો આવ્યો લાગે છે તે અહીં આવીને બેસી ગઈ. પછી\nમોટીબા જો ચિડાય તો બહાનાં કઢાયને કે હું તો રોટલી વણવા\nગઈ હતી. તારે મને પૂછવું જોઈતું હતું કે હું રોટલી વણવા જાઉં?”\nએમ ભોળાં બાએ મીઠો ઠપકો આપવો શરૂ કર્યો. હું ઘડીભર હેબતાઈ\nગઈ. મેં કહ્યું : “પણ સાડાચાર વાગી ગયા હતા અને આટલાં બધાં\nજમનારાં હોવાથી મને બોલાવી, હું આવી. મેં મારું વાંચવાનું તો\nવાંચી લીધું છે અને તમે અહીં રોટલી વણશો તો થાકી જશો. હું\nથોડીક વણીને હમણાં ચાલી જઈશ.”",
                "lines": [
                    "લઈ લીધું : “કેમ, તારે બદલે પરીક્ષામાં મને બેસાડવાની કે? બિચારીને",
                    "વાંચતાં કંટાળો આવ્યો લાગે છે તે અહીં આવીને બેસી ગઈ. પછી",
                    "મોટીબા જો ચિડાય તો બહાનાં કઢાયને કે હું તો રોટલી વણવા",
                    "ગઈ હતી. તારે મને પૂછવું જોઈતું હતું કે હું રોટલી વણવા જાઉં?”",
                    "એમ ભોળાં બાએ મીઠો ઠપકો આપવો શરૂ કર્યો. હું ઘડીભર હેબતાઈ",
                    "ગઈ. મેં કહ્યું : “પણ સાડાચાર વાગી ગયા હતા અને આટલાં બધાં",
                    "જમનારાં હોવાથી મને બોલાવી, હું આવી. મેં મારું વાંચવાનું તો",
                    "વાંચી લીધું છે અને તમે અહીં રોટલી વણશો તો થાકી જશો. હું",
                    "થોડીક વણીને હમણાં ચાલી જઈશ.”"
                ]
            },
            {
                "block_text": "આટલું કેટલીય હિંમત એકઠી કરીને હું બોલી તો ખરી, પણ\nએનો જવાબ સાંભળીને ઊલટાની પસ્તાઈ.",
                "lines": [
                    "આટલું કેટલીય હિંમત એકઠી કરીને હું બોલી તો ખરી, પણ",
                    "એનો જવાબ સાંભળીને ઊલટાની પસ્તાઈ."
                ]
            },
            {
                "block_text": "“હા હું તમને છોકરાંઓને — ભણવાના ચોરોને સારી પેઠે જાણું\nછું. તારે એમ કરીને છટકવું છે એમ જ કહે ને? ચાલ અહીંથી ચાલી\nજા અને સીધી વાંચવા બેસી જા. હમણાં જ ભણસાળીને કહી દઉં છું\nકે, ખૂબ અઘરા અઘરા સવાલો પૂછજો. અને પછી જો ઓછા માર્ક\nલાવી તો તારી વાત તું જાણે.”",
                "lines": [
                    "“હા હું તમને છોકરાંઓને — ભણવાના ચોરોને સારી પેઠે જાણું",
                    "છું. તારે એમ કરીને છટકવું છે એમ જ કહે ને? ચાલ અહીંથી ચાલી",
                    "જા અને સીધી વાંચવા બેસી જા. હમણાં જ ભણસાળીને કહી દઉં છું",
                    "કે, ખૂબ અઘરા અઘરા સવાલો પૂછજો. અને પછી જો ઓછા માર્ક",
                    "લાવી તો તારી વાત તું જાણે.”"
                ]
            },
            {
                "block_text": "હું કશુંયે બોલ્યા વગર ચુપચાપ ચાલી ગઈ. બા પોતે જેની\nજવાબદારી લેતાં તેમાં પોતાના શરીરનો ભોગ આપીને પણ તેની\nસંભાળ રાખતાં.",
                "lines": [
                    "હું કશુંયે બોલ્યા વગર ચુપચાપ ચાલી ગઈ. બા પોતે જેની",
                    "જવાબદારી લેતાં તેમાં પોતાના શરીરનો ભોગ આપીને પણ તેની",
                    "સંભાળ રાખતાં."
                ]
            },
            {
                "block_text": "મારી આંખ બગડી હતી. ચશ્માં હતાં પણ પહેરતી નહીં, પણ\nબાને ખબર ન હતી કે મારી આંખ બગડેલી છે.",
                "lines": [
                    "મારી આંખ બગડી હતી. ચશ્માં હતાં પણ પહેરતી નહીં, પણ",
                    "બાને ખબર ન હતી કે મારી આંખ બગડેલી છે."
                ]
            },
            {
                "block_text": "બાના ઓરડામાં એક ગોખલો છે. તેમાં કંકુનો ૐ કરેલો\nછે. આજે પણ સેવાગ્રામમાં છે. ત્યાં સવારસાંજ બા ઘીનો દીવો કરે,\nમાળા કરે, ગીતા વાંચે, એકાદ બે ફૂલ ચડાવે. એ ઓમ્ ભૂંસાઈ\nજવા લાગ્યો. બાએ મને ફરી વખત કાઢવાનું સૂચવ્યું. મેં ૐ કાઢ્યો,\nપણ જરા નીચેનું પાંખડું બરાબર નહોતું થયું તેની મને તો ખાસ",
                "lines": [
                    "બાના ઓરડામાં એક ગોખલો છે. તેમાં કંકુનો ૐ કરેલો",
                    "છે. આજે પણ સેવાગ્રામમાં છે. ત્યાં સવારસાંજ બા ઘીનો દીવો કરે,",
                    "માળા કરે, ગીતા વાંચે, એકાદ બે ફૂલ ચડાવે. એ ઓમ્ ભૂંસાઈ",
                    "જવા લાગ્યો. બાએ મને ફરી વખત કાઢવાનું સૂચવ્યું. મેં ૐ કાઢ્યો,",
                    "પણ જરા નીચેનું પાંખડું બરાબર નહોતું થયું તેની મને તો ખાસ"
                ]
            }
        ]
    }
}