{
    "page_number": 7,
    "right_column": {
        "blocks": [
            {
                "block_text": "શીળી છાયામાં૭",
                "lines": [
                    "શીળી છાયામાં૭"
                ]
            },
            {
                "block_text": "તો બાપુજીનું કેટલુંય કામ ઝપાટાબંધ સુધરી જાય. આ લે, મારો બીજો\nરેંટિયો તને આપું છું, તેના ઉપર હવેથી કાંતજે.”",
                "lines": [
                    "તો બાપુજીનું કેટલુંય કામ ઝપાટાબંધ સુધરી જાય. આ લે, મારો બીજો",
                    "રેંટિયો તને આપું છું, તેના ઉપર હવેથી કાંતજે.”"
                ]
            },
            {
                "block_text": "આમ બાએ થોડા શબ્દોમાં મને રેંટિયાની ફિલસૂફી સમજાવી,\nઅને બાપુના રેંટિયાને વેગ આપવા માટે તેમના અંતરની લાગણી કેવી\nઉત્કટ છે તેનું મને ભાન કરાવ્યું. અડધો કલાક કાંતીને હું મારાં અને\nબાનાં કપડાં સુકાયાં તે લઈને ગડી કરવા લાગી. બાની તીક્ષ્ણ નજર\nમારા ફ્રૉક ઉપર પડી. તરત જ મને કહે : “બહેન! જરા ફ્રૉક બતાવ\nતો! આ ડાઘા ન રહેવા જોઈએ. કપડાં ધોતાં નથી આવડતું\nલાગતું. કરાંચીમાં તો નોકર ધોતાં હશે ને? અમે તારા જેવડાં\nહતાં ત્યારે પરણીને બેઠાં હતાં. હવેની છોકરીઓને માબાપ નોકરો\nરાખી પંગુ કરી દે છે. જો લાવ, હું કાઢી આપું, એમાં બહુ સાબુનું\nકામ નથી. હાથે ખૂબ ચોળવાં જોઈએ. તારે કપડાં ધોઈ દરરોજ મને\nબતાવવાં. બેત્રણ દિવસમાં બધું ફાવી જશે. આ બધું જ અહીં વધુ\nશીખવાનું છે. ભણતાંય આવડવું જોઈએ અને દરેક કામ પણ\nઆવડવું જોઈએ.”",
                "lines": [
                    "આમ બાએ થોડા શબ્દોમાં મને રેંટિયાની ફિલસૂફી સમજાવી,",
                    "અને બાપુના રેંટિયાને વેગ આપવા માટે તેમના અંતરની લાગણી કેવી",
                    "ઉત્કટ છે તેનું મને ભાન કરાવ્યું. અડધો કલાક કાંતીને હું મારાં અને",
                    "બાનાં કપડાં સુકાયાં તે લઈને ગડી કરવા લાગી. બાની તીક્ષ્ણ નજર",
                    "મારા ફ્રૉક ઉપર પડી. તરત જ મને કહે : “બહેન! જરા ફ્રૉક બતાવ",
                    "તો! આ ડાઘા ન રહેવા જોઈએ. કપડાં ધોતાં નથી આવડતું",
                    "લાગતું. કરાંચીમાં તો નોકર ધોતાં હશે ને? અમે તારા જેવડાં",
                    "હતાં ત્યારે પરણીને બેઠાં હતાં. હવેની છોકરીઓને માબાપ નોકરો",
                    "રાખી પંગુ કરી દે છે. જો લાવ, હું કાઢી આપું, એમાં બહુ સાબુનું",
                    "કામ નથી. હાથે ખૂબ ચોળવાં જોઈએ. તારે કપડાં ધોઈ દરરોજ મને",
                    "બતાવવાં. બેત્રણ દિવસમાં બધું ફાવી જશે. આ બધું જ અહીં વધુ",
                    "શીખવાનું છે. ભણતાંય આવડવું જોઈએ અને દરેક કામ પણ",
                    "આવડવું જોઈએ.”"
                ]
            },
            {
                "block_text": "મને બાપુજી સવારથી બા પાસે મૂકી ગયા પછી હું બાપુજી પાસે\nગઈ જ નહોતી. સાંજે જમવાના ઘંટ વખતે (પાંચ વાગ્યે) બાપુજીને\nલેવા બાએ પરાણે મને મોકલી. (બાપુજી બંને વખત સામૂહિક રસોડે\nજમવા આવતા.)",
                "lines": [
                    "મને બાપુજી સવારથી બા પાસે મૂકી ગયા પછી હું બાપુજી પાસે",
                    "ગઈ જ નહોતી. સાંજે જમવાના ઘંટ વખતે (પાંચ વાગ્યે) બાપુજીને",
                    "લેવા બાએ પરાણે મને મોકલી. (બાપુજી બંને વખત સામૂહિક રસોડે",
                    "જમવા આવતા.)"
                ]
            },
            {
                "block_text": "બાપુજી પાસે ગઈ એટલે બાપુજી કહે : “અરે, આ છોકરીમાંથી\nએકદમ સ્ત્રી ક્યારે બની ગઈ? આજ વળી સાડલો શું પહેર્યો છે?\nઅને આ સાડલો બાનો લાગે છે. તું તને પોતાનેય સંભાળી શકે એવી\nતારામાં શક્તિ નથી અને એમાં આટલું વજન શું કામ નાખે છે?\nતારે ફ્રૉક નથી શું? ન હોય તો સિવડાવી દઉં.”",
                "lines": [
                    "બાપુજી પાસે ગઈ એટલે બાપુજી કહે : “અરે, આ છોકરીમાંથી",
                    "એકદમ સ્ત્રી ક્યારે બની ગઈ? આજ વળી સાડલો શું પહેર્યો છે?",
                    "અને આ સાડલો બાનો લાગે છે. તું તને પોતાનેય સંભાળી શકે એવી",
                    "તારામાં શક્તિ નથી અને એમાં આટલું વજન શું કામ નાખે છે?",
                    "તારે ફ્રૉક નથી શું? ન હોય તો સિવડાવી દઉં.”"
                ]
            },
            {
                "block_text": "મેં કહ્યું : “બાપુજી, મોટીબાને ફ્રૉક નથી ગમતાં. તેમણે જ મને\nસાડી પહેરવા કહ્યું. અને પોતાની સાડી આપી. મેં તો સવારથી જ",
                "lines": [
                    "મેં કહ્યું : “બાપુજી, મોટીબાને ફ્રૉક નથી ગમતાં. તેમણે જ મને",
                    "સાડી પહેરવા કહ્યું. અને પોતાની સાડી આપી. મેં તો સવારથી જ"
                ]
            }
        ]
    }
}