{
    "page_number": 11,
    "right_column": {
        "blocks": [
            {
                "block_text": "પહેલા પાઠો૧૧",
                "lines": [
                    "પહેલા પાઠો૧૧"
                ]
            },
            {
                "block_text": "ખબર ન પડી, પણ બાની કળાપારખુ આંખે તરત જ જોયું અને મને\nકહ્યું : “મનુ, દૂરથી જો તો, ૐનું નીચેનું પાંખડું જરા બેડોળ લાગે\nછે.” મેં દૂરથી જોવા પ્રયત્ન કર્યો પણ દેખાય તો ને? એ વખતે\nકંઈક જવાબ દેવો જોઈએ એટલે હું એટલું જ બોલી કે, હમણાં હું\nસરખું કરી નાખું છું. બા પણ બહાર વરંડામાં ગયાં. એ દરમિયાન\nમેં ચશ્માં પહેરીને જોઈ લીધું. બાના ઓરડામાં એક જાળિયું છે,\nએમાંથી બાએ મને ચશ્માં પહેરતાં જોઈ. એ જ મિનિટે અંદર\nઆવ્યાં, “કેમ તનેય ચશ્માં છે ને? પહેરતી કેમ નથી? વધુ આંખ\nબગાડવી છે? પછી રામદાસની સુમી જેવા હાલ થશે, સુમી જેવા.\nઆજથી જો ચશ્માં નથી પહેર્યાં તો મારું કશું જ કામ નહીં કરવા\nદઉં. તું જોજે તો ખરી બાપુજીને જ કહી દઉં. અને તારે પણ બપોરે\nગરમીમાં ત્રણ સંતરાંનો રસ કાઢીને પી જવાનો. સુમીને એનાથી ઘણો\nફાયદો થયો.” (સુમી તે સુમિત્રા — રામદાસકાકાની મોટી દીકરી.)",
                "lines": [
                    "ખબર ન પડી, પણ બાની કળાપારખુ આંખે તરત જ જોયું અને મને",
                    "કહ્યું : “મનુ, દૂરથી જો તો, ૐનું નીચેનું પાંખડું જરા બેડોળ લાગે",
                    "છે.” મેં દૂરથી જોવા પ્રયત્ન કર્યો પણ દેખાય તો ને? એ વખતે",
                    "કંઈક જવાબ દેવો જોઈએ એટલે હું એટલું જ બોલી કે, હમણાં હું",
                    "સરખું કરી નાખું છું. બા પણ બહાર વરંડામાં ગયાં. એ દરમિયાન",
                    "મેં ચશ્માં પહેરીને જોઈ લીધું. બાના ઓરડામાં એક જાળિયું છે,",
                    "એમાંથી બાએ મને ચશ્માં પહેરતાં જોઈ. એ જ મિનિટે અંદર",
                    "આવ્યાં, “કેમ તનેય ચશ્માં છે ને? પહેરતી કેમ નથી? વધુ આંખ",
                    "બગાડવી છે? પછી રામદાસની સુમી જેવા હાલ થશે, સુમી જેવા.",
                    "આજથી જો ચશ્માં નથી પહેર્યાં તો મારું કશું જ કામ નહીં કરવા",
                    "દઉં. તું જોજે તો ખરી બાપુજીને જ કહી દઉં. અને તારે પણ બપોરે",
                    "ગરમીમાં ત્રણ સંતરાંનો રસ કાઢીને પી જવાનો. સુમીને એનાથી ઘણો",
                    "ફાયદો થયો.” (સુમી તે સુમિત્રા — રામદાસકાકાની મોટી દીકરી.)"
                ]
            },
            {
                "block_text": "મને કલ્પનાય ન હતી કે, બા મારી ચોરી આમ પકડી પાડશે.\nપણ તે દહાડે મને બાએ ચશ્માં ન પહેરાવ્યાં હોત તો કદાચ આજે\nતો હું આંધળી જ થઈને ફરત. અથવા આંખ અતિશય નબળી તો\nથઈ જ ગઈ હોત.",
                "lines": [
                    "મને કલ્પનાય ન હતી કે, બા મારી ચોરી આમ પકડી પાડશે.",
                    "પણ તે દહાડે મને બાએ ચશ્માં ન પહેરાવ્યાં હોત તો કદાચ આજે",
                    "તો હું આંધળી જ થઈને ફરત. અથવા આંખ અતિશય નબળી તો",
                    "થઈ જ ગઈ હોત."
                ]
            },
            {
                "block_text": "મારી એક કુટેવ હતી. જમવા બેસતી વખતે હું લોટો ન ભરતી.\nએનું કારણ એ પણ હતું કે, અમે ચારપાંચ છોકરીઓ સાથે જમવા\nબેસીએ અને વાસણ માંજવામાં હરીફાઈ થાય કે કોણ જલદી વાસણ\nમાંજી લે છે. મને વાસણ માંજવાની ઓછી આદત હતી, તેથી હું\nજેટલાં ઓછાં વાસણનો ઉપયોગ કરી શકું તેટલો કરતી, એટલે\nપાણી ભરીને ન બેસતી કે જેથી એક ગ્લાસ ઓછો માંજવો પડે.\nઆ પણ એક ચોરી મનમાં ખરી. છતાંયે મને યાદ છે કે, મારી એક\nમુસલમાન બહેનપણી ઝોહરાબહેન કરીને હતી તેની પાસે મારા કરતાં\nબમણાં વાસણો હોય તોયે એ મને જીતી જતી. આ દૃશ્ય તો બા\nપણ ઘણી વાર જોતાં. અને એમનેય અમારી આવી ગમ્મતોમાં રસ પડતો.",
                "lines": [
                    "મારી એક કુટેવ હતી. જમવા બેસતી વખતે હું લોટો ન ભરતી.",
                    "એનું કારણ એ પણ હતું કે, અમે ચારપાંચ છોકરીઓ સાથે જમવા",
                    "બેસીએ અને વાસણ માંજવામાં હરીફાઈ થાય કે કોણ જલદી વાસણ",
                    "માંજી લે છે. મને વાસણ માંજવાની ઓછી આદત હતી, તેથી હું",
                    "જેટલાં ઓછાં વાસણનો ઉપયોગ કરી શકું તેટલો કરતી, એટલે",
                    "પાણી ભરીને ન બેસતી કે જેથી એક ગ્લાસ ઓછો માંજવો પડે.",
                    "આ પણ એક ચોરી મનમાં ખરી. છતાંયે મને યાદ છે કે, મારી એક",
                    "મુસલમાન બહેનપણી ઝોહરાબહેન કરીને હતી તેની પાસે મારા કરતાં",
                    "બમણાં વાસણો હોય તોયે એ મને જીતી જતી. આ દૃશ્ય તો બા",
                    "પણ ઘણી વાર જોતાં. અને એમનેય અમારી આવી ગમ્મતોમાં રસ પડતો."
                ]
            }
        ]
    }
}