{
    "page_number": 5,
    "right_column": {
        "blocks": [
            {
                "block_text": "શીળી છાયામાં૫",
                "lines": [
                    "શીળી છાયામાં૫"
                ]
            },
            {
                "block_text": "જોઈને મારી વાત જાણી ગયાં. “આજનો દહાડો ખાઈ લે, પછી\nધીમે ધીમે ટેવાઈ જઈશ એટલે હું જ તને નહીં આપું.”",
                "lines": [
                    "જોઈને મારી વાત જાણી ગયાં. “આજનો દહાડો ખાઈ લે, પછી",
                    "ધીમે ધીમે ટેવાઈ જઈશ એટલે હું જ તને નહીં આપું.”"
                ]
            },
            {
                "block_text": "મને જમાડીને બા બાપુજીના ઓરડામાં ગયાં. મને કહેતાં ગયાં\nકે, “થાકીપાકી થોડો વખત સૂઈ જજે.” થોડી વારમાં બા આવ્યાં.\nહું સૂતી નહીં તેથી ઠપકા રૂપે કહે : “સૂતી કેમ નહીં? માંદા નથી\nપડવાનું. અહીં તો ભણીગણી હોશિયાર થવાનું છે.” થોડીક વાર\nબાએ ગાંધી કુટુંબની જૂની જૂની વાતો કહી : “તારી દાદી તે મારી\nજેઠાણી. મોતીભાભીએ તો બાપુજી જ્યારે વિલાયત ગયા ત્યારે મને બહુ\nસાચવી છે. અમે બંને ત્યારે એકબીજાનાં સુખદુઃખનાં સાથી હતાં.\nઅમારાં સાસુ અમને કોઈક દહાડો કંઈ કહે તો બંને જણાં એકબીજાને\nકહીને દુઃખ હળવું કરી આનંદ કરતાં. અમારી દેરાણીજેઠાણીની જોડ\nહતી. આજે તો ક્યાંય એવી જોડ મળે નહીં. અમારાં સાસુ કહેતાં :\n‘કસ્તૂરવહુને અને મોતીવહુને છ મહિના કાંઈ આપ્યા વગર એક\nઓરડીમાં સાથે જ પૂરી રાખી ખૂબ પેટ ભરીને વાતો કરવા દો અને\nછ મહિના પછી પાછાં બહાર કાઢો તોય એક મિનિટ એકબીજા વગર\nરહી નહીં શકે.’ આવી અમારી જોડલી હતી. અને તું અહીં આવી\nતેથી મને તો ખૂબ જ ગમ્યું છે. કેમ જાણે મોતીભાભીએ સ્વર્ગમાં બેઠાં\nબેઠાં આટલો પ્રેમ બતાવ્યો ન હોય! મને તો ક્યારેક ક્યારેક બહુ\nયાદ આવે છે. તારી મા પણ એવી જ સેવાભાવી હતી. બિચારી મારા\nમાથામાં તેલ ઘસવા કે પગ દાબવા ન આવે ત્યાં સુધી સૂએ જ નહીં!”",
                "lines": [
                    "મને જમાડીને બા બાપુજીના ઓરડામાં ગયાં. મને કહેતાં ગયાં",
                    "કે, “થાકીપાકી થોડો વખત સૂઈ જજે.” થોડી વારમાં બા આવ્યાં.",
                    "હું સૂતી નહીં તેથી ઠપકા રૂપે કહે : “સૂતી કેમ નહીં? માંદા નથી",
                    "પડવાનું. અહીં તો ભણીગણી હોશિયાર થવાનું છે.” થોડીક વાર",
                    "બાએ ગાંધી કુટુંબની જૂની જૂની વાતો કહી : “તારી દાદી તે મારી",
                    "જેઠાણી. મોતીભાભીએ તો બાપુજી જ્યારે વિલાયત ગયા ત્યારે મને બહુ",
                    "સાચવી છે. અમે બંને ત્યારે એકબીજાનાં સુખદુઃખનાં સાથી હતાં.",
                    "અમારાં સાસુ અમને કોઈક દહાડો કંઈ કહે તો બંને જણાં એકબીજાને",
                    "કહીને દુઃખ હળવું કરી આનંદ કરતાં. અમારી દેરાણીજેઠાણીની જોડ",
                    "હતી. આજે તો ક્યાંય એવી જોડ મળે નહીં. અમારાં સાસુ કહેતાં :",
                    "‘કસ્તૂરવહુને અને મોતીવહુને છ મહિના કાંઈ આપ્યા વગર એક",
                    "ઓરડીમાં સાથે જ પૂરી રાખી ખૂબ પેટ ભરીને વાતો કરવા દો અને",
                    "છ મહિના પછી પાછાં બહાર કાઢો તોય એક મિનિટ એકબીજા વગર",
                    "રહી નહીં શકે.’ આવી અમારી જોડલી હતી. અને તું અહીં આવી",
                    "તેથી મને તો ખૂબ જ ગમ્યું છે. કેમ જાણે મોતીભાભીએ સ્વર્ગમાં બેઠાં",
                    "બેઠાં આટલો પ્રેમ બતાવ્યો ન હોય! મને તો ક્યારેક ક્યારેક બહુ",
                    "યાદ આવે છે. તારી મા પણ એવી જ સેવાભાવી હતી. બિચારી મારા",
                    "માથામાં તેલ ઘસવા કે પગ દાબવા ન આવે ત્યાં સુધી સૂએ જ નહીં!”"
                ]
            },
            {
                "block_text": "મને આ જૂની વાતો સાંભળવાનો ખૂબ જ રસ આવ્યો. મને\nમારાં દાદાદાદી વિશે આવું જાણવાનું બીજે ક્યાં મળે? મેં તો એમને\nજોયાં જ નથી. બા કહે : “તારા દાદા તો બહુ શકરા હતા. કોઈએ\nજરા ખરાબ રોટલો ઘડ્યો હોય તો તરત ટોકતા. આ કઈ વહુએ\nરોટલો કર્યો છે? અને બાપુની ગેરહાજરીમાં મને કોઈ દુઃખ ન દે\nએનો ખાસ ખ્યાલ રાખતા. વળી મારા સસરા ઉપર તારા દાદાની\nખૂબ જ શ્રદ્ધા; એને પૂછીને જ પાણી પીએ.”",
                "lines": [
                    "મને આ જૂની વાતો સાંભળવાનો ખૂબ જ રસ આવ્યો. મને",
                    "મારાં દાદાદાદી વિશે આવું જાણવાનું બીજે ક્યાં મળે? મેં તો એમને",
                    "જોયાં જ નથી. બા કહે : “તારા દાદા તો બહુ શકરા હતા. કોઈએ",
                    "જરા ખરાબ રોટલો ઘડ્યો હોય તો તરત ટોકતા. આ કઈ વહુએ",
                    "રોટલો કર્યો છે? અને બાપુની ગેરહાજરીમાં મને કોઈ દુઃખ ન દે",
                    "એનો ખાસ ખ્યાલ રાખતા. વળી મારા સસરા ઉપર તારા દાદાની",
                    "ખૂબ જ શ્રદ્ધા; એને પૂછીને જ પાણી પીએ.”"
                ]
            }
        ]
    }
}