{
    "page_number": 8,
    "right_column": {
        "blocks": [
            {
                "block_text": "૮બા-બાપુની શીળી છાયામાં",
                "lines": [
                    "૮બા-બાપુની શીળી છાયામાં"
                ]
            },
            {
                "block_text": "પહેરી છે.” આમ વાતો કરતાં કરતાં અમે બાના વરંડા સુધી પહોંચ્યાં.\nબા બહાર આવ્યાં, એટલે બાપુજીએ વાત છેડી : “આને બિચારીને\nસાડી શું કામ પહેરાવી? હું તો એ ભલે ૧૪ વર્ષની છે, પણ ૧૧–૧૨\nવર્ષની માનું છું. એ છૂટથી રમી-દોડી શકે, એને બદલે આ તો એની\nસાડી ધોઈ પણ નહીં શકે. મને ખબર હોત તો સવારે જ\nકઢાવી નાખત.”",
                "lines": [
                    "પહેરી છે.” આમ વાતો કરતાં કરતાં અમે બાના વરંડા સુધી પહોંચ્યાં.",
                    "બા બહાર આવ્યાં, એટલે બાપુજીએ વાત છેડી : “આને બિચારીને",
                    "સાડી શું કામ પહેરાવી? હું તો એ ભલે ૧૪ વર્ષની છે, પણ ૧૧–૧૨",
                    "વર્ષની માનું છું. એ છૂટથી રમી-દોડી શકે, એને બદલે આ તો એની",
                    "સાડી ધોઈ પણ નહીં શકે. મને ખબર હોત તો સવારે જ",
                    "કઢાવી નાખત.”"
                ]
            },
            {
                "block_text": "બા બાપુજી ઉપર નારાજ થતાં બોલ્યાં : “હું ફ્રૉક તો નથી જ\nપહેરવા દેવાની. છોકરીઓની વાતમાં હું વધુ જાણું ને? સાડી તો\nઆજનો દિવસ છે પછી તો ઓઢણી આપીશ. છોકરીને મારી પાસે\nરાખી છે તો હું મને ગમશે એ જ પહેરાવીશ. હા, પણ એની ઇચ્છા\nહોય કે ફ્રૉક જ પહેરવું છે, તો પછી મારી એના ઉપર જબરદસ્તી\nજરાયે નથી.” હું હવે ધર્મસંકટમાં પડી. કોનું માનવું? બાનું કે બાપુનું?\nછેવટે મેં કહ્યું મારી પાસે છએક ફ્રૉક છે તે પહેરી ફાડું, પછી નવાં-\nનહીં સિવડાવું. અને એ વાતને બંને જણાંએ ઉત્સાહથી વધાવી લીધી.\nઅને બાએ એમાં જરાયે વાંધો ન ઉઠાવ્યો.",
                "lines": [
                    "બા બાપુજી ઉપર નારાજ થતાં બોલ્યાં : “હું ફ્રૉક તો નથી જ",
                    "પહેરવા દેવાની. છોકરીઓની વાતમાં હું વધુ જાણું ને? સાડી તો",
                    "આજનો દિવસ છે પછી તો ઓઢણી આપીશ. છોકરીને મારી પાસે",
                    "રાખી છે તો હું મને ગમશે એ જ પહેરાવીશ. હા, પણ એની ઇચ્છા",
                    "હોય કે ફ્રૉક જ પહેરવું છે, તો પછી મારી એના ઉપર જબરદસ્તી",
                    "જરાયે નથી.” હું હવે ધર્મસંકટમાં પડી. કોનું માનવું? બાનું કે બાપુનું?",
                    "છેવટે મેં કહ્યું મારી પાસે છએક ફ્રૉક છે તે પહેરી ફાડું, પછી નવાં-",
                    "નહીં સિવડાવું. અને એ વાતને બંને જણાંએ ઉત્સાહથી વધાવી લીધી.",
                    "અને બાએ એમાં જરાયે વાંધો ન ઉઠાવ્યો."
                ]
            },
            {
                "block_text": "આમ તા. ૨૪મી મે, ૧૯૪૨ના દિવસથી મને આ બંને મહા-આત્માઓની શીળી છાયામાં કાયમી રહેવાનું સદ્ભાગ્ય પ્રાપ્ત થયું. એ\nદિવસ તો જીવનમાં કોતરાઈ જ ગયો. અને આજે તો જાણે સ્વપ્નવત્\nજ બની ગયો. જ્યારે એ વિચારું છું ત્યારે થાય છે કે, શું એ બધાં\nસ્વપ્નો હતાં કે સાચા જીવતાજાગતા મહા-આત્મા હતા?",
                "lines": [
                    "આમ તા. ૨૪મી મે, ૧૯૪૨ના દિવસથી મને આ બંને મહા-આત્માઓની શીળી છાયામાં કાયમી રહેવાનું સદ્ભાગ્ય પ્રાપ્ત થયું. એ",
                    "દિવસ તો જીવનમાં કોતરાઈ જ ગયો. અને આજે તો જાણે સ્વપ્નવત્",
                    "જ બની ગયો. જ્યારે એ વિચારું છું ત્યારે થાય છે કે, શું એ બધાં",
                    "સ્વપ્નો હતાં કે સાચા જીવતાજાગતા મહા-આત્મા હતા?"
                ]
            },
            {
                "block_text": "બા મારા અભ્યાસની, ખાવાપીવાની વગેરે દરેક બાબતમાં ધ્યાન\nઆપતાં. અને મારા દિવસો પણ બાની સેવા કરવામાં, રમવા-ભણવામાં,\nઆશ્રમના જીવનમાં જીવવાના આનંદમાં, આનંદથી પસાર થતા ચાલ્યા.",
                "lines": [
                    "બા મારા અભ્યાસની, ખાવાપીવાની વગેરે દરેક બાબતમાં ધ્યાન",
                    "આપતાં. અને મારા દિવસો પણ બાની સેવા કરવામાં, રમવા-ભણવામાં,",
                    "આશ્રમના જીવનમાં જીવવાના આનંદમાં, આનંદથી પસાર થતા ચાલ્યા."
                ]
            }
        ]
    }
}