{
    "page_number": 6,
    "right_column": {
        "blocks": [
            {
                "block_text": "૬બા-બાપુની શીળી છાયામાં",
                "lines": [
                    "૬બા-બાપુની શીળી છાયામાં"
                ]
            },
            {
                "block_text": "આમ બાએ લગભગ કલાક સુધી મને મારાં દાદાદાદીનાં મીઠાં\nસંસ્મરણો કહ્યાં. જે સંસ્મરણો કદી કોઈએ નહોતાં કહ્યાં, એ ક્યારેક\nબાપુજી સંભળાવતા હતા. બાના પગ દબાવતી દબાવતી હું પણ બા\nપાસે જ ઊંઘી ગઈ. બા બપોરના અડધોએક કલાક સૂએ, એટલે એ\nતો અડધા કલાકમાં જાગી ગયાં. પણ મને ઉઠાડી નહીં. અમારા માટે\nપોતે કેરીની મોસમ હોવાથી રસોડામાંથી કેરી લાવી પાણીમાં પલાળી\nરાખી. તે વખતે રામદાસકાકાનો કાનો પણ બા પાસે જ હતો. અમને\nત્રણે જણાને બાએ નાસ્તો આપ્યો. હું ના પાડતી હતી. પણ બાની\nસાથે રહેનારાં બહેને મને બાના સ્વભાવનો પરિચય આપતાં કહ્યું :\n“કાંઈ પણ ખાવા કે પહેરવાની વસ્તુ બા આપે તે રુચિ હોય તોયે\nલેવી ને ન હોય તોપણ લેવી. બાને ખવડાવવાથી બહુ આનંદ અને\nસંતોષ થાય છે, માટે નહીં લેશો તો નારાજ થશે.” એટલે મેં પણ\nનાસ્તો કર્યો.",
                "lines": [
                    "આમ બાએ લગભગ કલાક સુધી મને મારાં દાદાદાદીનાં મીઠાં",
                    "સંસ્મરણો કહ્યાં. જે સંસ્મરણો કદી કોઈએ નહોતાં કહ્યાં, એ ક્યારેક",
                    "બાપુજી સંભળાવતા હતા. બાના પગ દબાવતી દબાવતી હું પણ બા",
                    "પાસે જ ઊંઘી ગઈ. બા બપોરના અડધોએક કલાક સૂએ, એટલે એ",
                    "તો અડધા કલાકમાં જાગી ગયાં. પણ મને ઉઠાડી નહીં. અમારા માટે",
                    "પોતે કેરીની મોસમ હોવાથી રસોડામાંથી કેરી લાવી પાણીમાં પલાળી",
                    "રાખી. તે વખતે રામદાસકાકાનો કાનો પણ બા પાસે જ હતો. અમને",
                    "ત્રણે જણાને બાએ નાસ્તો આપ્યો. હું ના પાડતી હતી. પણ બાની",
                    "સાથે રહેનારાં બહેને મને બાના સ્વભાવનો પરિચય આપતાં કહ્યું :",
                    "“કાંઈ પણ ખાવા કે પહેરવાની વસ્તુ બા આપે તે રુચિ હોય તોયે",
                    "લેવી ને ન હોય તોપણ લેવી. બાને ખવડાવવાથી બહુ આનંદ અને",
                    "સંતોષ થાય છે, માટે નહીં લેશો તો નારાજ થશે.” એટલે મેં પણ",
                    "નાસ્તો કર્યો."
                ]
            },
            {
                "block_text": "એવામાં છાપાં આવ્યાં. છાપાં બાને સંભળાવ્યાં. બાએ ટપાલ\nલખાવી અને એટલામાં ત્રણ વાગ્યા એટલે રેંટિયો લઈને બેઠાં.",
                "lines": [
                    "એવામાં છાપાં આવ્યાં. છાપાં બાને સંભળાવ્યાં. બાએ ટપાલ",
                    "લખાવી અને એટલામાં ત્રણ વાગ્યા એટલે રેંટિયો લઈને બેઠાં."
                ]
            },
            {
                "block_text": "રેંટિયો હાથમાં લેતાં લેતાં બાએ કહ્યું : “તું રેંટિયો નથી લાવી?”\nમને ખૂબ જ શરમ આવી. મેં ના તો પાડી, પણ એ વખતે એમ થઈ\nગયું કે બાની પાસે વગર રેંટિયે કેમ ઊભું રહેવાય? રેંટિયો નથી લાવી\nતો બા વઢશે એવો મનમાં ભય હતો. પણ બાએ મને એમના પ્રેમમય\nશબ્દોમાં રેંટિયાની મીઠી ફિલસૂફી સમજવી : “એ કેમ ચાલે? આપણે\nરોજ કાંતવું જ જોઈએ. તારે કપડાં રોજ પહેરવાં પડે છે ને? આપણે\nકપડાં શરીરની શરમ ઢાંકવા પહેરીએ છીએ, એ જ વાત નથી, પણ\nઠંડીમાં ગરમીમાં કપડાં આપણા શરીરનું રક્ષણ કરે છે અને આપણે માટે\nતે અતિ આવશ્યક ચીજ છે. એટલે જ તું છેક કરાંચીથી અહીં સુધી\nવગર ભૂલ્યે કપડાં પેટીમાં નાખીને લાવીને? ગમે ત્યાં જવું પણ કપડાંની\nજોડ લઈ જવી એવી ટેવ આપણને જાણ્યેઅજાણ્યે પડેલી જ છે.\nએવી જ ટેવ જો હિંદુસ્તાનના માણસોને રેંટિયો ફેરવવાની પડી જાય",
                "lines": [
                    "રેંટિયો હાથમાં લેતાં લેતાં બાએ કહ્યું : “તું રેંટિયો નથી લાવી?”",
                    "મને ખૂબ જ શરમ આવી. મેં ના તો પાડી, પણ એ વખતે એમ થઈ",
                    "ગયું કે બાની પાસે વગર રેંટિયે કેમ ઊભું રહેવાય? રેંટિયો નથી લાવી",
                    "તો બા વઢશે એવો મનમાં ભય હતો. પણ બાએ મને એમના પ્રેમમય",
                    "શબ્દોમાં રેંટિયાની મીઠી ફિલસૂફી સમજવી : “એ કેમ ચાલે? આપણે",
                    "રોજ કાંતવું જ જોઈએ. તારે કપડાં રોજ પહેરવાં પડે છે ને? આપણે",
                    "કપડાં શરીરની શરમ ઢાંકવા પહેરીએ છીએ, એ જ વાત નથી, પણ",
                    "ઠંડીમાં ગરમીમાં કપડાં આપણા શરીરનું રક્ષણ કરે છે અને આપણે માટે",
                    "તે અતિ આવશ્યક ચીજ છે. એટલે જ તું છેક કરાંચીથી અહીં સુધી",
                    "વગર ભૂલ્યે કપડાં પેટીમાં નાખીને લાવીને? ગમે ત્યાં જવું પણ કપડાંની",
                    "જોડ લઈ જવી એવી ટેવ આપણને જાણ્યેઅજાણ્યે પડેલી જ છે.",
                    "એવી જ ટેવ જો હિંદુસ્તાનના માણસોને રેંટિયો ફેરવવાની પડી જાય"
                ]
            }
        ]
    }
}