{
    "page_number": 17,
    "right_column": {
        "blocks": [
            {
                "block_text": "૪",
                "lines": [
                    "૪"
                ]
            },
            {
                "block_text": "ધરપકડ",
                "lines": [
                    "ધરપકડ"
                ]
            },
            {
                "block_text": "બાપુજી અને બા ગયાં એ દિવસે આશ્રમમાં જાણે ભેંકાર જેવું\nલાગવા માંડ્યું. કોઈને ક્યાંય ગમે નહીં. બધાંય જાણે કામધંધા\nવગરનાં થઈ પડ્યાં. બીજે દહાડે મેં બાનો ઓરડો સાફસૂફ કર્યો. બધો\nસામાન બાજુની ઓરડીમાં ભરી ત્યાં તાળું મારી, ચાવી આશ્રમના\nવ્યવસ્થાપક ચીમનલાલકાકાને સોંપી આવી.",
                "lines": [
                    "બાપુજી અને બા ગયાં એ દિવસે આશ્રમમાં જાણે ભેંકાર જેવું",
                    "લાગવા માંડ્યું. કોઈને ક્યાંય ગમે નહીં. બધાંય જાણે કામધંધા",
                    "વગરનાં થઈ પડ્યાં. બીજે દહાડે મેં બાનો ઓરડો સાફસૂફ કર્યો. બધો",
                    "સામાન બાજુની ઓરડીમાં ભરી ત્યાં તાળું મારી, ચાવી આશ્રમના",
                    "વ્યવસ્થાપક ચીમનલાલકાકાને સોંપી આવી."
                ]
            },
            {
                "block_text": "સૌ કોઈની મીટ મુંબઈના ખબર પર હતી. મેં આશ્રમમાં\nઆવ્યા પછી આશ્રમના નિયમ મુજબ હજી સુધી પાયખાના-સફાઈ\nકરી ન હતી, કારણ કે પૂજ્ય બાની સેવામાં સવારનો વખત જતો.\nપણ બા-બાપુજીના ગયા પછી મનેય એ લહાવો લેવાનું મન થયું.\nપૂજ્ય બાપુજીના આશ્રમમાં પાયખાના-સફાઈ કરવી એ પણ જીવનનો\nએક અમૂલ્ય લહાવો હતો, અને આજે પણ છે. એ લહાવા પાછળ\nજીવનના ઘડતરમાં કેટલો અમૂલ્ય લાભ થાય છે, તે તો જેણે અનુભવ\nકર્યો હોય તેને જ ખબર પડે. હું બહુ સુગાળવી હતી. કોઈ દહાડો\nકોઈને ઊલટી કરતાં જોઉં તો એ ઊલટી કરવાવાળાને તો ઊલટી થતાં\nથાય, પણ મને તો થઈ જ હોય. મેં એ સૂગ કાઢવા જ ઇરાદાપૂર્વક\nસફાઈની માગણી કરી અને આ બધી સૂગ ત્યાર પછી જ ગઈ. મને\nલાગે છે કે, જો પહેલાં જેટલી હું સુગાળવી હોત તો બા-બાપુજી પાસે\nટકી જ ન શકત. પણ એક સપ્તાહ સંડાસના ડબ્બા ઊંચકવાને\nકારણે મને ખૂબ જ લાભ થયો. ૮મી ઑગસ્ટ એ મારી સફાઈનો\nછેલ્લો દહાડો હતો. બા બાપુજી કાલે ચોક્કસ આવશે, એમ સૌ કોઈની\nમાન્યતા હતી. તેથી સફાઈથી પરવારી મેં બા-બાપુજીનો ઓરડો સાફ\nકર્યો, વરંડામાં ગાર પણ કરી, અને પૂજ્ય બાની બધી ચીજવસ્તુ\nજેમ હતી તેમ ગોઠવી. પણ, ‘ન જાણ્યું જાનકીનાથે સવારે શું",
                "lines": [
                    "સૌ કોઈની મીટ મુંબઈના ખબર પર હતી. મેં આશ્રમમાં",
                    "આવ્યા પછી આશ્રમના નિયમ મુજબ હજી સુધી પાયખાના-સફાઈ",
                    "કરી ન હતી, કારણ કે પૂજ્ય બાની સેવામાં સવારનો વખત જતો.",
                    "પણ બા-બાપુજીના ગયા પછી મનેય એ લહાવો લેવાનું મન થયું.",
                    "પૂજ્ય બાપુજીના આશ્રમમાં પાયખાના-સફાઈ કરવી એ પણ જીવનનો",
                    "એક અમૂલ્ય લહાવો હતો, અને આજે પણ છે. એ લહાવા પાછળ",
                    "જીવનના ઘડતરમાં કેટલો અમૂલ્ય લાભ થાય છે, તે તો જેણે અનુભવ",
                    "કર્યો હોય તેને જ ખબર પડે. હું બહુ સુગાળવી હતી. કોઈ દહાડો",
                    "કોઈને ઊલટી કરતાં જોઉં તો એ ઊલટી કરવાવાળાને તો ઊલટી થતાં",
                    "થાય, પણ મને તો થઈ જ હોય. મેં એ સૂગ કાઢવા જ ઇરાદાપૂર્વક",
                    "સફાઈની માગણી કરી અને આ બધી સૂગ ત્યાર પછી જ ગઈ. મને",
                    "લાગે છે કે, જો પહેલાં જેટલી હું સુગાળવી હોત તો બા-બાપુજી પાસે",
                    "ટકી જ ન શકત. પણ એક સપ્તાહ સંડાસના ડબ્બા ઊંચકવાને",
                    "કારણે મને ખૂબ જ લાભ થયો. ૮મી ઑગસ્ટ એ મારી સફાઈનો",
                    "છેલ્લો દહાડો હતો. બા બાપુજી કાલે ચોક્કસ આવશે, એમ સૌ કોઈની",
                    "માન્યતા હતી. તેથી સફાઈથી પરવારી મેં બા-બાપુજીનો ઓરડો સાફ",
                    "કર્યો, વરંડામાં ગાર પણ કરી, અને પૂજ્ય બાની બધી ચીજવસ્તુ",
                    "જેમ હતી તેમ ગોઠવી. પણ, ‘ન જાણ્યું જાનકીનાથે સવારે શું"
                ]
            },
            {
                "block_text": "૧૭",
                "lines": [
                    "૧૭"
                ]
            }
        ]
    }
}