{
    "page_number": 9,
    "right_column": {
        "blocks": [
            {
                "block_text": "૨",
                "lines": [
                    "૨"
                ]
            },
            {
                "block_text": "પહેલા પાઠો",
                "lines": [
                    "પહેલા પાઠો"
                ]
            },
            {
                "block_text": "મારા આવ્યા પછી મારી સાથે રહેનારાં બહેન માંદાં પડ્યાં.\nએ બહેનને સખત તાવ આવવા લાગ્યો, એટલે બાની બધી જ સેવા\nમારા હાથમાં આવી. બાએ એ બહેનનો ખાટલો આગ્રહપૂર્વક પોતાના\nઓરડામાં જ રખાવ્યો. એ બહેનનો તાવ ક્યારે વધીને કેટલો\nથાય છે, એને ખાવાપીવાનું, સ્પંજ, એનિમા, માટીના પાટા વગેરે\nબધી માંદગીની માવજતનું ધ્યાન બા બહુ જ પ્રેમથી રાખતાં. અને એ\nબહેનને રેંટિયાનો અવાજ ન ગમે એટલા ખાતર પોતે બાજુની નાનકડી\nઓરડીમાં કાંતતાં. આટલી બધી માંદગીની માવજત બીજાની દીકરીની\nકોઈક જ બહેનો એક માની પેઠે કરી શકે.",
                "lines": [
                    "મારા આવ્યા પછી મારી સાથે રહેનારાં બહેન માંદાં પડ્યાં.",
                    "એ બહેનને સખત તાવ આવવા લાગ્યો, એટલે બાની બધી જ સેવા",
                    "મારા હાથમાં આવી. બાએ એ બહેનનો ખાટલો આગ્રહપૂર્વક પોતાના",
                    "ઓરડામાં જ રખાવ્યો. એ બહેનનો તાવ ક્યારે વધીને કેટલો",
                    "થાય છે, એને ખાવાપીવાનું, સ્પંજ, એનિમા, માટીના પાટા વગેરે",
                    "બધી માંદગીની માવજતનું ધ્યાન બા બહુ જ પ્રેમથી રાખતાં. અને એ",
                    "બહેનને રેંટિયાનો અવાજ ન ગમે એટલા ખાતર પોતે બાજુની નાનકડી",
                    "ઓરડીમાં કાંતતાં. આટલી બધી માંદગીની માવજત બીજાની દીકરીની",
                    "કોઈક જ બહેનો એક માની પેઠે કરી શકે."
                ]
            },
            {
                "block_text": "મેં આગળ લખ્યું તેમ, બાએ મને ભણાવવાની વ્યવસ્થા\nભણસાળીભાઈ પાસે કરી દીધી. એમની પાસે અંગ્રેજી, ગુજરાતી,\nબીજગણિત, ભૂમિતિ, સંસ્કૃત, ઇતિહાસ, ભૂગોળ વગેરેનો અભ્યાસ\nનિયમિત ચાલતો. એક વખત બાએ સૂચવ્યું કે, ક્યારેક એની પરીક્ષા\nપણ લેતા રહો. એથી અમે બે ત્રણ બહેનો પાંચમી અંગ્રેજીનો\nઅભ્યાસ કરતાં હતાં તેમની પરીક્ષા લેવાનો ભણસાળીભાઈએ નિર્ણય\nકર્યો. બાને તો એની જાણ હતી જ. પરંતુ જે દહાડે પરીક્ષા હતી\nતે જ દહાડે સેવાગ્રામમાં વર્કિંગ કમિટીની મિટિંગ હોવાથી મહેમાનો\nઆવેલા હતા. અને સાંજના રોટલી કરવાની હતી. બહેનો આ વખતે\nઓછી હતી. જોકે મારી પરીક્ષા તો છેક સાંજના છ વાગ્યા પછી\nહતી, એટલે ચાર વાગ્યે હું રસોડામાં બીજી બહેનો સાથે રોટલી વણવા\nગઈ. હજુ પાંચ સાત રોટલી વણી ત્યાં બા આવ્યાં. મારા હાથમાંથી વેલણ",
                "lines": [
                    "મેં આગળ લખ્યું તેમ, બાએ મને ભણાવવાની વ્યવસ્થા",
                    "ભણસાળીભાઈ પાસે કરી દીધી. એમની પાસે અંગ્રેજી, ગુજરાતી,",
                    "બીજગણિત, ભૂમિતિ, સંસ્કૃત, ઇતિહાસ, ભૂગોળ વગેરેનો અભ્યાસ",
                    "નિયમિત ચાલતો. એક વખત બાએ સૂચવ્યું કે, ક્યારેક એની પરીક્ષા",
                    "પણ લેતા રહો. એથી અમે બે ત્રણ બહેનો પાંચમી અંગ્રેજીનો",
                    "અભ્યાસ કરતાં હતાં તેમની પરીક્ષા લેવાનો ભણસાળીભાઈએ નિર્ણય",
                    "કર્યો. બાને તો એની જાણ હતી જ. પરંતુ જે દહાડે પરીક્ષા હતી",
                    "તે જ દહાડે સેવાગ્રામમાં વર્કિંગ કમિટીની મિટિંગ હોવાથી મહેમાનો",
                    "આવેલા હતા. અને સાંજના રોટલી કરવાની હતી. બહેનો આ વખતે",
                    "ઓછી હતી. જોકે મારી પરીક્ષા તો છેક સાંજના છ વાગ્યા પછી",
                    "હતી, એટલે ચાર વાગ્યે હું રસોડામાં બીજી બહેનો સાથે રોટલી વણવા",
                    "ગઈ. હજુ પાંચ સાત રોટલી વણી ત્યાં બા આવ્યાં. મારા હાથમાંથી વેલણ"
                ]
            },
            {
                "block_text": "૯",
                "lines": [
                    "૯"
                ]
            }
        ]
    }
}