{
    "page_number": 14,
    "right_column": {
        "blocks": [
            {
                "block_text": "૧૪બા-બાપુની શીળી છાયામાં",
                "lines": [
                    "૧૪બા-બાપુની શીળી છાયામાં"
                ]
            },
            {
                "block_text": "વાંચતાં. જ્યારે એ દર અઠવાડિયે આવે ત્યારે નિયમિત વાંચતાં.)\nવાંચીને પછી કહે : “હજુ સુધી આટલી કડકાઈ બાપુજીએ નથી\nવાપરી, એટલે હવે કાં તો સરકાર આ છાપું બંધ કરાવશે અથવા\nકંઈક નવાજૂની જરૂર થવાની.” દરમિયાન ત્યાં ખોરશેદબહેન (દાદાભાઈ\nનવરોજીનાં પૌત્રી) પણ હતાં. એ રોજ બાના ઓરડામાં બહેનોની સભા\nભરતાં અને તેમાં બાપુજી જો લડત ઉપાડે તો બહેનોએ શું કરવું\nતેના ઉપર માર્ગદર્શન આપતાં.",
                "lines": [
                    "વાંચતાં. જ્યારે એ દર અઠવાડિયે આવે ત્યારે નિયમિત વાંચતાં.)",
                    "વાંચીને પછી કહે : “હજુ સુધી આટલી કડકાઈ બાપુજીએ નથી",
                    "વાપરી, એટલે હવે કાં તો સરકાર આ છાપું બંધ કરાવશે અથવા",
                    "કંઈક નવાજૂની જરૂર થવાની.” દરમિયાન ત્યાં ખોરશેદબહેન (દાદાભાઈ",
                    "નવરોજીનાં પૌત્રી) પણ હતાં. એ રોજ બાના ઓરડામાં બહેનોની સભા",
                    "ભરતાં અને તેમાં બાપુજી જો લડત ઉપાડે તો બહેનોએ શું કરવું",
                    "તેના ઉપર માર્ગદર્શન આપતાં."
                ]
            },
            {
                "block_text": "આખરે ઑગસ્ટ મહિનો આવ્યો. એ. આઈ સી. સી.ની સભા\nમાટે બાપુજીને બીજી તારીખે મુંબઈ જવાનું થયું. બાનું જવાનું નક્કી નહોતું\nથતું, કારણ કે બાની નબળી તબિયત અને બાપુજી માનતા હતા\nકે સરકાર આ વખતે એમને નહીં જ પકડે. “તું અહીં જ રહે, સરકાર\nમને ઓછી જ પકડવાની છે? સરકાર એવી ગાંડી થોડી છે?” આમ\nબાને બાપુજીએ સમજાવ્યાં.",
                "lines": [
                    "આખરે ઑગસ્ટ મહિનો આવ્યો. એ. આઈ સી. સી.ની સભા",
                    "માટે બાપુજીને બીજી તારીખે મુંબઈ જવાનું થયું. બાનું જવાનું નક્કી નહોતું",
                    "થતું, કારણ કે બાની નબળી તબિયત અને બાપુજી માનતા હતા",
                    "કે સરકાર આ વખતે એમને નહીં જ પકડે. “તું અહીં જ રહે, સરકાર",
                    "મને ઓછી જ પકડવાની છે? સરકાર એવી ગાંડી થોડી છે?” આમ",
                    "બાને બાપુજીએ સમજાવ્યાં."
                ]
            },
            {
                "block_text": "પણ બા ક્યાં માને એવાં હતાં? એમણે બાપુજીને જવાબ\nવાળ્યો કે, “મને શું કામ નથી લઈ જવી? હું તમારી રમત જાણું\nછું! આ વખતે કંઈ સરકાર તમને પકડ્યા વગર રહે? તમે કેટલું\nબધું આકરું લખો છો? મારે તો આવવું જ છે. જ્યાં તમે ત્યાં હું.”\nબાપુ એક પણ શબ્દ ન બોલ્યા. “બસ, થઈ જા તૈયાર, બીજું શું?”\nઅને બન્યું પણ એમ જ. બાપુજીએ પોતે જ ઠરાવો કર્યા, ભાષણો\nઆપ્યાં, છતાંયે બાપુજીની ગણતરી ખોટી પડી! અને માત્ર છાપાંઓ\nપરથી કરેલ અભણ બાનું અનુમાન તદ્દન સાચું પડ્યું અને બધાને\nજેલ જવું પડ્યું!",
                "lines": [
                    "પણ બા ક્યાં માને એવાં હતાં? એમણે બાપુજીને જવાબ",
                    "વાળ્યો કે, “મને શું કામ નથી લઈ જવી? હું તમારી રમત જાણું",
                    "છું! આ વખતે કંઈ સરકાર તમને પકડ્યા વગર રહે? તમે કેટલું",
                    "બધું આકરું લખો છો? મારે તો આવવું જ છે. જ્યાં તમે ત્યાં હું.”",
                    "બાપુ એક પણ શબ્દ ન બોલ્યા. “બસ, થઈ જા તૈયાર, બીજું શું?”",
                    "અને બન્યું પણ એમ જ. બાપુજીએ પોતે જ ઠરાવો કર્યા, ભાષણો",
                    "આપ્યાં, છતાંયે બાપુજીની ગણતરી ખોટી પડી! અને માત્ર છાપાંઓ",
                    "પરથી કરેલ અભણ બાનું અનુમાન તદ્દન સાચું પડ્યું અને બધાને",
                    "જેલ જવું પડ્યું!"
                ]
            },
            {
                "block_text": "મને બાએ તૈયારી કરવાનું કહ્યું. જાણે બાને ભાવીની ખબર\nહોય તેમ દરેક નાનીમોટી ચીજ મને સંભારી સંભારીને બતાવતાં\nહતાં કે, હવે ક્યાં સેવાગ્રામ પાછા આવવાનું છે? મેં કહ્યું :\n“મોટીબા, હું આવું?” મને કહે : “બહેન, તને લઈ જવી તો મને ગમે”\nપણ તારું બાપુજીને કહીશ તો મારુંય અટકી પડશે. વળી ત્યાં તો",
                "lines": [
                    "મને બાએ તૈયારી કરવાનું કહ્યું. જાણે બાને ભાવીની ખબર",
                    "હોય તેમ દરેક નાનીમોટી ચીજ મને સંભારી સંભારીને બતાવતાં",
                    "હતાં કે, હવે ક્યાં સેવાગ્રામ પાછા આવવાનું છે? મેં કહ્યું :",
                    "“મોટીબા, હું આવું?” મને કહે : “બહેન, તને લઈ જવી તો મને ગમે”",
                    "પણ તારું બાપુજીને કહીશ તો મારુંય અટકી પડશે. વળી ત્યાં તો"
                ]
            }
        ]
    }
}