{
    "page_number": 15,
    "right_column": {
        "blocks": [
            {
                "block_text": "બા બાપુની વિદાય૧૫",
                "lines": [
                    "બા બાપુની વિદાય૧૫"
                ]
            },
            {
                "block_text": "પ્રભા છે, એટલે મને અડચણ નહીં પડે.” (પ્રભાવતીબહેન તે જયપ્રકાશ\nનારાયણનાં પત્ની.)",
                "lines": [
                    "પ્રભા છે, એટલે મને અડચણ નહીં પડે.” (પ્રભાવતીબહેન તે જયપ્રકાશ",
                    "નારાયણનાં પત્ની.)"
                ]
            },
            {
                "block_text": "મેં બાની પેટી ગોઠવી. પેટીમાં સાડીઓ નાખતાં નાખતાં બોલ્યાં :\n“આ સાડી તો મને રાજકુમારીએ કાંતીને આપી છે, એટલે એ\nજરૂર પેટીમાં નાખ. એ બિચારી બહુ ખુશ થશે.” બામાં બીજાને\nખુશ કરવાના આવા મહા ગુણો હતા. એક લાલ પટ્ટાની સાડી બાપુના\nસૂતરની હતી, એ મારા હાથમાં મૂકી ગદ્ગદ અવાજે બોલ્યાં : “બહેન,\nકદાચ અમે પકડાઈએ તો અને આશ્રમમાં જપ્તી આવે તો મારી\nઆ સાડીને સાચવજે. આ સાડી જ્યારથી વણાઈને આવી ત્યારથી\nમારા મનમાં નિશ્ચય કર્યો છે કે, મરતી વખતે બાપુની આ સાડી ઓઢવી.\nએ જ એક મારી છેલ્લી ઇચ્છા છે, તે તું પૂરી કરજે. આ વાત\nતને જ કહું છું. બીજા કોઈને નથી કહી. બાકી ભલે જે લેવું હોય\nતે લઈ જાય, પણ આ સાડીની જવાબદારી તારી છે.”",
                "lines": [
                    "મેં બાની પેટી ગોઠવી. પેટીમાં સાડીઓ નાખતાં નાખતાં બોલ્યાં :",
                    "“આ સાડી તો મને રાજકુમારીએ કાંતીને આપી છે, એટલે એ",
                    "જરૂર પેટીમાં નાખ. એ બિચારી બહુ ખુશ થશે.” બામાં બીજાને",
                    "ખુશ કરવાના આવા મહા ગુણો હતા. એક લાલ પટ્ટાની સાડી બાપુના",
                    "સૂતરની હતી, એ મારા હાથમાં મૂકી ગદ્ગદ અવાજે બોલ્યાં : “બહેન,",
                    "કદાચ અમે પકડાઈએ તો અને આશ્રમમાં જપ્તી આવે તો મારી",
                    "આ સાડીને સાચવજે. આ સાડી જ્યારથી વણાઈને આવી ત્યારથી",
                    "મારા મનમાં નિશ્ચય કર્યો છે કે, મરતી વખતે બાપુની આ સાડી ઓઢવી.",
                    "એ જ એક મારી છેલ્લી ઇચ્છા છે, તે તું પૂરી કરજે. આ વાત",
                    "તને જ કહું છું. બીજા કોઈને નથી કહી. બાકી ભલે જે લેવું હોય",
                    "તે લઈ જાય, પણ આ સાડીની જવાબદારી તારી છે.”"
                ]
            },
            {
                "block_text": "બન્યું પણ એમ જ કે, જપ્તી તો આશ્રમમાં ન આવી, પણ\nજ્યારે કિશોરલાલભાઈ મશરૂવાળાને પકડવા રાતે પોલીસ આવી હતી\nત્યારે જપ્તીની પૂરી શંકા હતી. પણ એ સાડી તો જેવાં બા-બાપુ\nપકડાયાં તેવી જ મેં બજાજવાડી વર્ધામાં મોકલી આપી, અને મારા\nઆગાખાન મહેલમાં ગયા પછી એ સાડી મંગાવી લીધી અને મારે\nજ હાથે એ સાડી બાને ઓઢાડાઈ. એમની આટલી છેલ્લી ઇચ્છા હું\nપૂરી કરી શકી એ મારાં પુણ્યના બળે તો નહીં, પણ વડીલોનાં\nપુણ્યના બળે અને આશીર્વાદના બળે જ એ બન્યું. મને એનો અપાર\nસંતોષ આજે છે. સાડીની વાત પરથી બામાં પતિભક્તિ — બાપુભક્તિ\nકેટલી ઊંચી હતી, કેટલી ભવ્ય હતી, એ જણાય છે.",
                "lines": [
                    "બન્યું પણ એમ જ કે, જપ્તી તો આશ્રમમાં ન આવી, પણ",
                    "જ્યારે કિશોરલાલભાઈ મશરૂવાળાને પકડવા રાતે પોલીસ આવી હતી",
                    "ત્યારે જપ્તીની પૂરી શંકા હતી. પણ એ સાડી તો જેવાં બા-બાપુ",
                    "પકડાયાં તેવી જ મેં બજાજવાડી વર્ધામાં મોકલી આપી, અને મારા",
                    "આગાખાન મહેલમાં ગયા પછી એ સાડી મંગાવી લીધી અને મારે",
                    "જ હાથે એ સાડી બાને ઓઢાડાઈ. એમની આટલી છેલ્લી ઇચ્છા હું",
                    "પૂરી કરી શકી એ મારાં પુણ્યના બળે તો નહીં, પણ વડીલોનાં",
                    "પુણ્યના બળે અને આશીર્વાદના બળે જ એ બન્યું. મને એનો અપાર",
                    "સંતોષ આજે છે. સાડીની વાત પરથી બામાં પતિભક્તિ — બાપુભક્તિ",
                    "કેટલી ઊંચી હતી, કેટલી ભવ્ય હતી, એ જણાય છે."
                ]
            },
            {
                "block_text": "બીજી તારીખે સ્ટેશન પર જતાં જતાં મને ફરી ફરી ઘણી\nઘણી ભલામણો કરી, “ઘીનો દીવો નિયમિત કરજે. અમે પકડાઈએ\nતો કરાંચી ચાલી જજે. બરાબર શરીર સંભાળજે. મારા ઓરડામાં\nએકલું લાગે તો દુર્ગાને ત્યાં સૂવા જજે.” મને બરાબર નાસ્તો",
                "lines": [
                    "બીજી તારીખે સ્ટેશન પર જતાં જતાં મને ફરી ફરી ઘણી",
                    "ઘણી ભલામણો કરી, “ઘીનો દીવો નિયમિત કરજે. અમે પકડાઈએ",
                    "તો કરાંચી ચાલી જજે. બરાબર શરીર સંભાળજે. મારા ઓરડામાં",
                    "એકલું લાગે તો દુર્ગાને ત્યાં સૂવા જજે.” મને બરાબર નાસ્તો"
                ]
            }
        ]
    }
}