{
    "page_number": 4,
    "right_column": {
        "blocks": [
            {
                "block_text": "૪બા-બાપુની શીળી છાયામાં",
                "lines": [
                    "૪બા-બાપુની શીળી છાયામાં"
                ]
            },
            {
                "block_text": "પછી હું તને ઓઢણી ફાડી આપીશ.” એમ કહી પોતાનો ધોયેલો\nસાડલો મારા હાથમાં મૂક્યો. હું ઘડીક વાર હેબતાઈ ગઈ કે બા\nઆટલાં બધાં મોટાં (પ્રતિષ્ઠામાં) અને એમનો સાડલો એકદમ હું\nકેમ પહેરી શકું? પણ મારી મૂંઝવણ કળી ગયાં હોય તેમ તે બોલ્યાં :\n“એમાં સંકોચ કેમ રાખે છે? ફરી કાલે ધોવાઈ જશે, એટલે હું\nપહેરીશ.” છતાંયે બા-બાપુજીનું કપડું એ આપણા માટે તો પ્રસાદિયું\nજ હોય. એ પહેરી કેમ જ શકાય? હજારો લોકો એક યાદગીરી\nખાતર એમની પ્રસાદીને પ્રસાદ જેમ રાખે અને એને બદલે હું પહેરું\nતેનું પાપ તો નહીં લાગે ને? એવા એવા વિચારો પણ આવી ગયા;\nછતાંયે હું હિંમતપૂર્વક ના તો ન જ પાડી શકી એટલું જ નહીં, પણ\nનાહીને સાડી પહેરી લીધી.",
                "lines": [
                    "પછી હું તને ઓઢણી ફાડી આપીશ.” એમ કહી પોતાનો ધોયેલો",
                    "સાડલો મારા હાથમાં મૂક્યો. હું ઘડીક વાર હેબતાઈ ગઈ કે બા",
                    "આટલાં બધાં મોટાં (પ્રતિષ્ઠામાં) અને એમનો સાડલો એકદમ હું",
                    "કેમ પહેરી શકું? પણ મારી મૂંઝવણ કળી ગયાં હોય તેમ તે બોલ્યાં :",
                    "“એમાં સંકોચ કેમ રાખે છે? ફરી કાલે ધોવાઈ જશે, એટલે હું",
                    "પહેરીશ.” છતાંયે બા-બાપુજીનું કપડું એ આપણા માટે તો પ્રસાદિયું",
                    "જ હોય. એ પહેરી કેમ જ શકાય? હજારો લોકો એક યાદગીરી",
                    "ખાતર એમની પ્રસાદીને પ્રસાદ જેમ રાખે અને એને બદલે હું પહેરું",
                    "તેનું પાપ તો નહીં લાગે ને? એવા એવા વિચારો પણ આવી ગયા;",
                    "છતાંયે હું હિંમતપૂર્વક ના તો ન જ પાડી શકી એટલું જ નહીં, પણ",
                    "નાહીને સાડી પહેરી લીધી."
                ]
            },
            {
                "block_text": "મને સાડી પહેરવાની એ વખતે ટેવ જ ન હતી, એટલે પહેરતાં\nઆવડી નહીં. પણ બાની સાથે એક બીજાં બહેન રહેતાં હતાં તેમણે\nમને ઠીક કરી આપી. બાને જાણે ખૂબ જ સંતોષ થયો હોય તેમ\nબોલ્યાં : “હા, હવે મને ગમે એવી લાગે છે ખરી! આવડી ૧૪\nવર્ષની છોકરીને કંઈ ફ્રૉક સારાં લાગતાં હશે? પણ આજકાલ પરદેશી\nહવાએ વાવાઝોડાની જેમ બધેય હવા પહોંચાડી દીધી છે.”",
                "lines": [
                    "મને સાડી પહેરવાની એ વખતે ટેવ જ ન હતી, એટલે પહેરતાં",
                    "આવડી નહીં. પણ બાની સાથે એક બીજાં બહેન રહેતાં હતાં તેમણે",
                    "મને ઠીક કરી આપી. બાને જાણે ખૂબ જ સંતોષ થયો હોય તેમ",
                    "બોલ્યાં : “હા, હવે મને ગમે એવી લાગે છે ખરી! આવડી ૧૪",
                    "વર્ષની છોકરીને કંઈ ફ્રૉક સારાં લાગતાં હશે? પણ આજકાલ પરદેશી",
                    "હવાએ વાવાઝોડાની જેમ બધેય હવા પહોંચાડી દીધી છે.”"
                ]
            },
            {
                "block_text": "મને બા જમવા લઈ ગયાં. બાફેલું શાક, રોટલી, માખણ, દહીં,\nગોળ જમવામાં હતાં. આશ્રમમાં બપોરના જમવાનો ઘંટ ૧૧ વાગ્યે\nથતો, એટલે જમવામાં હું એક જ રહી હતી. બાફેલું શાક મોઢામાં\nનાખું અને ઊબકા આવે. અને શાકમાંય પાછું બાફેલું કોળું હતું. બા\nતો મને જાણી જ ગયાં. પોતાને એકાદશીનું વ્રત હતું તેથી સૂરણનું\nશાક કરેલું તેમાંથી મને થોડું આપ્યું. પણ આમ નિયમવિરુદ્ધ\nશાક ખાઈશ અને બાપુજી જાણશે તો મને શું કહેશે એની બીક હતી,\nકેમ કે આશ્રમમાંના બધા નિયોગો અને નિયમો જે તોડે તેની શી વલે\nથાય એનો ખ્યાલ પિતાજી, મારી બહેનો વગેરે આપતાં જ, એટલે\nપહેલેથી સાવધ રહેવું સારું એમ મનમાં ખરું. બા મારો ચહેરો",
                "lines": [
                    "મને બા જમવા લઈ ગયાં. બાફેલું શાક, રોટલી, માખણ, દહીં,",
                    "ગોળ જમવામાં હતાં. આશ્રમમાં બપોરના જમવાનો ઘંટ ૧૧ વાગ્યે",
                    "થતો, એટલે જમવામાં હું એક જ રહી હતી. બાફેલું શાક મોઢામાં",
                    "નાખું અને ઊબકા આવે. અને શાકમાંય પાછું બાફેલું કોળું હતું. બા",
                    "તો મને જાણી જ ગયાં. પોતાને એકાદશીનું વ્રત હતું તેથી સૂરણનું",
                    "શાક કરેલું તેમાંથી મને થોડું આપ્યું. પણ આમ નિયમવિરુદ્ધ",
                    "શાક ખાઈશ અને બાપુજી જાણશે તો મને શું કહેશે એની બીક હતી,",
                    "કેમ કે આશ્રમમાંના બધા નિયોગો અને નિયમો જે તોડે તેની શી વલે",
                    "થાય એનો ખ્યાલ પિતાજી, મારી બહેનો વગેરે આપતાં જ, એટલે",
                    "પહેલેથી સાવધ રહેવું સારું એમ મનમાં ખરું. બા મારો ચહેરો"
                ]
            }
        ]
    }
}