{
    "page_number": 42,
    "right_column": {
        "blocks": [
            {
                "block_text": "૪૦ગાંધીજીની અપેક્ષા",
                "lines": [
                    "૪૦ગાંધીજીની અપેક્ષા"
                ]
            },
            {
                "block_text": "પુખ્ત મતાધિકાર અને અક્ષરજ્ઞાન",
                "lines": [
                    "પુખ્ત મતાધિકાર અને અક્ષરજ્ઞાન"
                ]
            },
            {
                "block_text": "અત્યાર સુધી હું એમ માનતો ને કહેતો આવ્યો છું કે પુખ્ત \nવયનું દરેક માણસ — પછી તે નિરક્ષર હો કે સાક્ષર — તેને મત આપવાનો \nઅધિકાર હોવો જોઈએ. મહાસભાના બંધારણના અમલનું નિરીક્ષણ કરતાં \nકરતાં મારો મત બદલાયો છે. હવે હું એમ માનતો થયો છું કે મતા-\nધિકારને માટે અક્ષરજ્ઞાન આવશ્યક ગણાવું જોઈએ. એનાં બે કારણ છે. \nમત એ એક ખાસ હકરૂપ ગણાવો જોઈએ. અને તેને માટે કંઈક \nલાયકાત આવશ્યક મનાવી જોઈએ. સાદામાં સાદી લાયકાત એ અક્ષર-\nજ્ઞાનની— લખતાં-વાંચતાં આવડવાની — છે. અને અક્ષરજ્ઞાનવાળા મતા-\nધિકારવાળા બંધારણ અનુસાર નિમાયેલું પ્રધાનમંડળ જો મતાધિકારથી \nવંચિત એવા નિરક્ષર પ્રજાજનોના હિતની કાળજી રાખનારું હશે તો \nઅતિ આવશ્યક એવું અક્ષરજ્ઞાન જોતજોતામાં આવી જશે.૩",
                "lines": [
                    "અત્યાર સુધી હું એમ માનતો ને કહેતો આવ્યો છું કે પુખ્ત",
                    "વયનું દરેક માણસ — પછી તે નિરક્ષર હો કે સાક્ષર — તેને મત આપવાનો",
                    "અધિકાર હોવો જોઈએ. મહાસભાના બંધારણના અમલનું નિરીક્ષણ કરતાં",
                    "કરતાં મારો મત બદલાયો છે. હવે હું એમ માનતો થયો છું કે મતા-",
                    "ધિકારને માટે અક્ષરજ્ઞાન આવશ્યક ગણાવું જોઈએ. એનાં બે કારણ છે.",
                    "મત એ એક ખાસ હકરૂપ ગણાવો જોઈએ. અને તેને માટે કંઈક",
                    "લાયકાત આવશ્યક મનાવી જોઈએ. સાદામાં સાદી લાયકાત એ અક્ષર-",
                    "જ્ઞાનની— લખતાં-વાંચતાં આવડવાની — છે. અને અક્ષરજ્ઞાનવાળા મતા-",
                    "ધિકારવાળા બંધારણ અનુસાર નિમાયેલું પ્રધાનમંડળ જો મતાધિકારથી",
                    "વંચિત એવા નિરક્ષર પ્રજાજનોના હિતની કાળજી રાખનારું હશે તો",
                    "અતિ આવશ્યક એવું અક્ષરજ્ઞાન જોતજોતામાં આવી જશે.૩"
                ]
            },
            {
                "block_text": "૨૦",
                "lines": [
                    "૨૦"
                ]
            },
            {
                "block_text": "કાયદા દ્વારા સુધારા",
                "lines": [
                    "કાયદા દ્વારા સુધારા"
                ]
            },
            {
                "block_text": "લોકો એમ માનતા લાગે છે કે કોઈ પણ અનિષ્ટની વિરુદ્ધ કાંઈ \nકાયદો કરવામાં આવ્યો કે તુરત જ બીજી કશી ભાંજગડ વિના તે નાબૂદ \nથશે. આના જેવી ભયંકર છેતરામણ એકે નથી. કોઈ દુષ્ટ બુદ્ધિના અજ્ઞાન \nઅથવા નાનકડા સમાજની સામે કાયદો કરવામાં આવે છે તો તેની \nઅસર પણ થાય છે; પણ જે કાયદાની સામે સમજુ અને વ્યવસ્થિત \nલોકમતનો વિરોધ હોય, અથવા ધર્મને બહાને નાનકડા મંડળનો પણ \nવિરોધ હોય તો તે કાયદો સફળ ન થાય.૧",
                "lines": [
                    "લોકો એમ માનતા લાગે છે કે કોઈ પણ અનિષ્ટની વિરુદ્ધ કાંઈ",
                    "કાયદો કરવામાં આવ્યો કે તુરત જ બીજી કશી ભાંજગડ વિના તે નાબૂદ",
                    "થશે. આના જેવી ભયંકર છેતરામણ એકે નથી. કોઈ દુષ્ટ બુદ્ધિના અજ્ઞાન",
                    "અથવા નાનકડા સમાજની સામે કાયદો કરવામાં આવે છે તો તેની",
                    "અસર પણ થાય છે; પણ જે કાયદાની સામે સમજુ અને વ્યવસ્થિત",
                    "લોકમતનો વિરોધ હોય, અથવા ધર્મને બહાને નાનકડા મંડળનો પણ",
                    "વિરોધ હોય તો તે કાયદો સફળ ન થાય.૧"
                ]
            },
            {
                "block_text": "પહેલી વસ્તુ એ કે (દારૂબંધી કરવાના આપણા પ્રયત્નમાં) આપણે \nજબરજસ્તી કે અસત્યનો આભાસ સરખો પણ ટાળવો જોઈએ. મારા \nનમ્ર અભિપ્રાય મુજબ, જેને સુધારો કહી શકાય એવો કોઈ પણ સુધારો \nજબરજસ્તીથી થયો નથી. કારણ કે જબરજસ્તીથી દેખીતી સફળતા મળે",
                "lines": [
                    "પહેલી વસ્તુ એ કે (દારૂબંધી કરવાના આપણા પ્રયત્નમાં) આપણે",
                    "જબરજસ્તી કે અસત્યનો આભાસ સરખો પણ ટાળવો જોઈએ. મારા",
                    "નમ્ર અભિપ્રાય મુજબ, જેને સુધારો કહી શકાય એવો કોઈ પણ સુધારો",
                    "જબરજસ્તીથી થયો નથી. કારણ કે જબરજસ્તીથી દેખીતી સફળતા મળે"
                ]
            }
        ]
    }
}