{
    "page_number": 51,
    "right_column": {
        "blocks": [
            {
                "block_text": "સરકારી નોકરીઓ૧૭૯",
                "lines": [
                    "સરકારી નોકરીઓ૧૭૯"
                ]
            },
            {
                "block_text": "લોકો જાતે પુરુષાર્થ કરવા માંડશે અને પછી અંદર અંદર ઝઘડો કરવાનો \nતેમને વખત નહીં મળે.૧",
                "lines": [
                    "લોકો જાતે પુરુષાર્થ કરવા માંડશે અને પછી અંદર અંદર ઝઘડો કરવાનો",
                    "તેમને વખત નહીં મળે.૧"
                ]
            },
            {
                "block_text": "સરકારી નોકરો પાસેથી રાખવામાં આવતી અપેક્ષા",
                "lines": [
                    "સરકારી નોકરો પાસેથી રાખવામાં આવતી અપેક્ષા"
                ]
            },
            {
                "block_text": "મારી પાસે એક ફરિયાદ આવી છે કે સરકારના સનદી નોકરો, \nપોલીસવાળા અને લશ્કરનાં માણસોને તેમની લાયકાત ન હોવા છતાં \nલાયકાતનું મેં નાહક પ્રમાણપત્ર આપી દીધું છે. મેં એવું કશું કર્યું નથી. \nરાષ્ટ્રની સેવા બજાવવાને ભરતી કરવામાં આવેલા આ અમલદારો તેમ જ \nનોકરો પાસેથી શી અપેક્ષા રાખવામાં આવે તેની જ વાત મેં કરી હતી. \nએનો અર્થ એવો નથી કે એ બધા તેમની પાસેથી રાખવામાં આવતી \nઆશા પૂરી કરે છે. સનદી નોકરો, પોલીસવાળા અને લશ્કરનાં માણસો \nતેમનામાંના બ્રિટિશ પ્રજાજનો સમેત સૌ હવે આજે હિંદમાં પ્રજાના \nસેવકો તરીકે અહીં રહે છે. પરદેશી હકૂમતના પગારદાર નોકરો તરીકે \nએ લોકો પ્રજાના માલિકો તરીકે વર્તતા તે દિવસો હવે પૂરા થયા. હવે \nતેમણે હિંદના પંચાયત રાજ્યના વફાદાર સેવકો બનીને અહીં કામ \nકરવાનું છે ને રહેવાનું છે. શું કરવું ને શું ન કરવું તેને અંગેના હુકમો \nતેમણે પ્રધાનો પાસેથી લેવાના છે. તેમણે લાંચરુશવત લેવાની ન હોય કે \nપક્ષાપક્ષી કરવાની ન હોય. એ બદીઓથી તેમણે પર રહેવાનું છે. બીજી \nબાજુથી રાજવહીવટ ચલાવનારા તંત્રને પ્રજા પૂરો સહકાર આપે એવી \nતેની પાસેથી અપેક્ષા રાખવામાં આવે છે. સરકારી નોકરી કરનારાં માણસો \nજો પોતાની ફરજ બજાવવામાં ચૂકે તો તેમણે વિશ્વાસઘાતનો અથવા \nકરારભંગનો ગુનો કર્યો ગણાય અને તેને પ્રસંગે તે ગુનાનો ઇલાજ \nકરવાને યોગ્ય પગલાં લેવાવાં જોઈએ. સરકારી નોકરી કરનારાં \nમાણસોમાંથી કોઈ લાંચરુશવતની બદીમાં સપડાયા હોય તો તેમની સામે \nફરિયાદ ઉઠાવવાનો પ્રજાને પૂરેપૂરો અખત્યાર છે.૭",
                "lines": [
                    "મારી પાસે એક ફરિયાદ આવી છે કે સરકારના સનદી નોકરો,",
                    "પોલીસવાળા અને લશ્કરનાં માણસોને તેમની લાયકાત ન હોવા છતાં",
                    "લાયકાતનું મેં નાહક પ્રમાણપત્ર આપી દીધું છે. મેં એવું કશું કર્યું નથી.",
                    "રાષ્ટ્રની સેવા બજાવવાને ભરતી કરવામાં આવેલા આ અમલદારો તેમ જ",
                    "નોકરો પાસેથી શી અપેક્ષા રાખવામાં આવે તેની જ વાત મેં કરી હતી.",
                    "એનો અર્થ એવો નથી કે એ બધા તેમની પાસેથી રાખવામાં આવતી",
                    "આશા પૂરી કરે છે. સનદી નોકરો, પોલીસવાળા અને લશ્કરનાં માણસો",
                    "તેમનામાંના બ્રિટિશ પ્રજાજનો સમેત સૌ હવે આજે હિંદમાં પ્રજાના",
                    "સેવકો તરીકે અહીં રહે છે. પરદેશી હકૂમતના પગારદાર નોકરો તરીકે",
                    "એ લોકો પ્રજાના માલિકો તરીકે વર્તતા તે દિવસો હવે પૂરા થયા. હવે",
                    "તેમણે હિંદના પંચાયત રાજ્યના વફાદાર સેવકો બનીને અહીં કામ",
                    "કરવાનું છે ને રહેવાનું છે. શું કરવું ને શું ન કરવું તેને અંગેના હુકમો",
                    "તેમણે પ્રધાનો પાસેથી લેવાના છે. તેમણે લાંચરુશવત લેવાની ન હોય કે",
                    "પક્ષાપક્ષી કરવાની ન હોય. એ બદીઓથી તેમણે પર રહેવાનું છે. બીજી",
                    "બાજુથી રાજવહીવટ ચલાવનારા તંત્રને પ્રજા પૂરો સહકાર આપે એવી",
                    "તેની પાસેથી અપેક્ષા રાખવામાં આવે છે. સરકારી નોકરી કરનારાં માણસો",
                    "જો પોતાની ફરજ બજાવવામાં ચૂકે તો તેમણે વિશ્વાસઘાતનો અથવા",
                    "કરારભંગનો ગુનો કર્યો ગણાય અને તેને પ્રસંગે તે ગુનાનો ઇલાજ",
                    "કરવાને યોગ્ય પગલાં લેવાવાં જોઈએ. સરકારી નોકરી કરનારાં",
                    "માણસોમાંથી કોઈ લાંચરુશવતની બદીમાં સપડાયા હોય તો તેમની સામે",
                    "ફરિયાદ ઉઠાવવાનો પ્રજાને પૂરેપૂરો અખત્યાર છે.૭"
                ]
            },
            {
                "block_text": "સરકારી નોકરોને હવે નવી રાજ્યવ્યવસ્થાને અનુકૂળ થઈને \nવર્તવાની તાલીમ આપવી જોઈએ. તેમણે કોઈ બાજુના પક્ષકાર ન થવું \nજોઈએ. તેમનામાં કોમવાદનો સહેજ પણ અંશ જણાય તો તેમની સામે \nકડક હાથે કામ લેવું જોઈએ. જે અંગ્રેજ નોકરો રહ્યા હોય તેમણે હવે \nજાણવું જોઈએ કે, તેમની વફાદારી જૂના તંત્ર પ્રત્યે એટલે બ્રિટન પ્રત્યે",
                "lines": [
                    "સરકારી નોકરોને હવે નવી રાજ્યવ્યવસ્થાને અનુકૂળ થઈને",
                    "વર્તવાની તાલીમ આપવી જોઈએ. તેમણે કોઈ બાજુના પક્ષકાર ન થવું",
                    "જોઈએ. તેમનામાં કોમવાદનો સહેજ પણ અંશ જણાય તો તેમની સામે",
                    "કડક હાથે કામ લેવું જોઈએ. જે અંગ્રેજ નોકરો રહ્યા હોય તેમણે હવે",
                    "જાણવું જોઈએ કે, તેમની વફાદારી જૂના તંત્ર પ્રત્યે એટલે બ્રિટન પ્રત્યે"
                ]
            }
        ]
    }
}