{
    "page_number": 37,
    "right_column": {
        "blocks": [
            {
                "block_text": "૩૫",
                "lines": [
                    "૩૫"
                ]
            },
            {
                "block_text": "ખંડ છઠ્ઠો : મત, મતાધિકાર અને ધારાસભા",
                "lines": [
                    "ખંડ છઠ્ઠો : મત, મતાધિકાર અને ધારાસભા"
                ]
            },
            {
                "block_text": "૧૭",
                "lines": [
                    "૧૭"
                ]
            },
            {
                "block_text": "ધારાસભ્યો અને મતદારો",
                "lines": [
                    "ધારાસભ્યો અને મતદારો"
                ]
            },
            {
                "block_text": "૧. ધારાસભ્યો પ્રજાના સેવકો છે",
                "lines": [
                    "૧. ધારાસભ્યો પ્રજાના સેવકો છે"
                ]
            },
            {
                "block_text": "ધારાસભામાં જનારા પ્રજાના સેવકો છે.૧",
                "lines": [
                    "ધારાસભામાં જનારા પ્રજાના સેવકો છે.૧"
                ]
            },
            {
                "block_text": "ધારાસભાના કાર્યક્રમને હું નથી માનતો એમ નથી…  આપણે \nબધા અંદર જશું તો એ ધારાસભાઓમાં સમાશું નહીં. આપણા દેશની \n૩૫ કરોડની વસ્તીમાં એક હજાર કે પંદરસો સેવકો ભલે જાય. પણ \nએ લોકોને હુકમ તો આપણે આપવાના રહેશે. આપણી મહાસભાના \nએમાં કેટલાક પ્રતિનિધિઓ હશે, પણ તેને મોકલવાને મત આપવાનો \nહક નથી. મને તો ૬ વર્ષની સજા થયેલી એટલે હું નપાસ ગણાઉં. ૩૫ \nકરોડમાંથી ૩૧ાા કરોડ મત વિનાના બાકી છે. એની સાથે જ હું હોઉં \nએ સારું છે ના? બોલો તમે શું કહો છો? (અવાજ “૩૩૧ાા કરોડની \nસાથે.”) બહેનો તમે શું કહો છો? (અવાજ “અમારી સાથે.”) તમારી \nસાથે તો છું જ. જે માતાના ખોળામાં હું રમ્યો, જે માતાનું દૂધ પીધું \nએ માતાઓની કાંધ ઉપર કેમ બેસીશ? એમના તો પગ આગળ રહીશું, \nએમની સેવા કરીશું.",
                "lines": [
                    "ધારાસભાના કાર્યક્રમને હું નથી માનતો એમ નથી…  આપણે",
                    "બધા અંદર જશું તો એ ધારાસભાઓમાં સમાશું નહીં. આપણા દેશની",
                    "૩૫ કરોડની વસ્તીમાં એક હજાર કે પંદરસો સેવકો ભલે જાય. પણ",
                    "એ લોકોને હુકમ તો આપણે આપવાના રહેશે. આપણી મહાસભાના",
                    "એમાં કેટલાક પ્રતિનિધિઓ હશે, પણ તેને મોકલવાને મત આપવાનો",
                    "હક નથી. મને તો ૬ વર્ષની સજા થયેલી એટલે હું નપાસ ગણાઉં. ૩૫",
                    "કરોડમાંથી ૩૧ાા કરોડ મત વિનાના બાકી છે. એની સાથે જ હું હોઉં",
                    "એ સારું છે ના? બોલો તમે શું કહો છો? (અવાજ “૩૩૧ાા કરોડની",
                    "સાથે.”) બહેનો તમે શું કહો છો? (અવાજ “અમારી સાથે.”) તમારી",
                    "સાથે તો છું જ. જે માતાના ખોળામાં હું રમ્યો, જે માતાનું દૂધ પીધું",
                    "એ માતાઓની કાંધ ઉપર કેમ બેસીશ? એમના તો પગ આગળ રહીશું,",
                    "એમની સેવા કરીશું."
                ]
            },
            {
                "block_text": "હવે ૩ાા કરોડ મત આપનારા રહ્યા તેમાંથી કેટલા ધારાસભામાં \nજાય? જે પંદરસો જગ્યાઓ હોય તેને માટે આપણે લડીએ તો આપણે \nસ્વરાજની કતલ કરી કહેવાય. આજે આવી કતલ થઈ રહી કહેવાય છે. \nધારાસભાનો કાર્યક્રમ શરીફ માણસોને માટે જ હોય. પણ ગંદા માણસો \nઘૂસી જાય તો શું કરશું? પણ એ તો થયું. જેને મત આપવાના નથી.\nતે ૩૧ાા કરોડ શું કરશે? એને માટે તો રચનાત્મક કાર્યક્રમ સિવાય \nબીજું કશું નથી.૨",
                "lines": [
                    "હવે ૩ાા કરોડ મત આપનારા રહ્યા તેમાંથી કેટલા ધારાસભામાં",
                    "જાય? જે પંદરસો જગ્યાઓ હોય તેને માટે આપણે લડીએ તો આપણે",
                    "સ્વરાજની કતલ કરી કહેવાય. આજે આવી કતલ થઈ રહી કહેવાય છે.",
                    "ધારાસભાનો કાર્યક્રમ શરીફ માણસોને માટે જ હોય. પણ ગંદા માણસો",
                    "ઘૂસી જાય તો શું કરશું? પણ એ તો થયું. જેને મત આપવાના નથી.",
                    "તે ૩૧ાા કરોડ શું કરશે? એને માટે તો રચનાત્મક કાર્યક્રમ સિવાય",
                    "બીજું કશું નથી.૨"
                ]
            }
        ]
    }
}