{
    "page_number": 43,
    "right_column": {
        "blocks": [
            {
                "block_text": "કાયદા દ્વારા સુધારા૪૧",
                "lines": [
                    "કાયદા દ્વારા સુધારા૪૧"
                ]
            },
            {
                "block_text": "પણ તેમાંથી મૂળ અનિષ્ટ કરતાં ખરાબ એવાં અનેક અનિષ્ટો પેદા \nથાય છે.૨",
                "lines": [
                    "પણ તેમાંથી મૂળ અનિષ્ટ કરતાં ખરાબ એવાં અનેક અનિષ્ટો પેદા",
                    "થાય છે.૨"
                ]
            },
            {
                "block_text": "એક વખત અમુક કાયદો પસાર થઈ ગયો પછી તેને બદલવામાં \nઅનેક મુસીબતો આવી પડે. પ્રજામત ઘણો કેળવાય ત્યારે જ થયેલા \nકાયદા રદ થઈ શકે છે. જે પ્રજાતંત્રમાં હમેશાં કાયદાની રદબદલી થયા \nજ કરે છે તે પ્રજાને સુવ્યવસ્થિત ન ગણી શકાય.૩",
                "lines": [
                    "એક વખત અમુક કાયદો પસાર થઈ ગયો પછી તેને બદલવામાં",
                    "અનેક મુસીબતો આવી પડે. પ્રજામત ઘણો કેળવાય ત્યારે જ થયેલા",
                    "કાયદા રદ થઈ શકે છે. જે પ્રજાતંત્રમાં હમેશાં કાયદાની રદબદલી થયા",
                    "જ કરે છે તે પ્રજાને સુવ્યવસ્થિત ન ગણી શકાય.૩"
                ]
            },
            {
                "block_text": "દીન, દલિત, પતિતને મૂડીદારોએ, જમીનદારોએ, ઉચ્ચ કહેવાતા \nવર્ણોએ અને છેવટે શાસ્ત્રશુદ્ધ રીતે અંગ્રેજ રાજકર્તાઓએ જે કીચડમાં \nડુબાડી દીધા છે તેમાંથી તેમનો ઉદ્ધાર કરવા માટે ભારતવર્ષને આવતાં \nઘણાં વરસ સુધી કાયદાઓ પસાર કર્યા કરવા પડશે એવી મને બીક \nછે. આ લોકોને જો આપણે કીચડમાંથી બહાર કાઢવા હોય તો, પોતાનું \nઘર વ્યવસ્થિત કરવા માટે, આ લોકોનો વિચાર પહેલો કરવાની અને જે \nબોજાઓ નીચે તેઓ કચડાઈ રહ્યા છે તેમાંથી તેમને છોડવવાની પણ \nરાષ્ટ્રીય સરકારની ફરજ થઈ પડશે. અને જો જમીનદારો, ધનિકો અને \nઆજે જેઓ ખાસ હકો ભોગવી રહ્યા છે એવા લોકો — તેઓ ગોરા હોય \nકે હિંદી એની દરકાર મને નથી — જુએ કે તેમની સામે ભેદભાવ રખાય  \nછે, તો હું તેમના પ્રત્યે સહાનુભૂતિ બતાવીશ, પણ મારાથી મદદ થઈ \nશકતી હશે તોપણ હું મદદ નહીં કરું; કેમ કે હું તો એ ક્રિયામાં તેમની \nમદદ માગીશ; અને તેમની મદદ વિના આ લોકોને કીચડમાંથી બહાર \nકાઢી શકાશે જ નહીં.",
                "lines": [
                    "દીન, દલિત, પતિતને મૂડીદારોએ, જમીનદારોએ, ઉચ્ચ કહેવાતા",
                    "વર્ણોએ અને છેવટે શાસ્ત્રશુદ્ધ રીતે અંગ્રેજ રાજકર્તાઓએ જે કીચડમાં",
                    "ડુબાડી દીધા છે તેમાંથી તેમનો ઉદ્ધાર કરવા માટે ભારતવર્ષને આવતાં",
                    "ઘણાં વરસ સુધી કાયદાઓ પસાર કર્યા કરવા પડશે એવી મને બીક",
                    "છે. આ લોકોને જો આપણે કીચડમાંથી બહાર કાઢવા હોય તો, પોતાનું",
                    "ઘર વ્યવસ્થિત કરવા માટે, આ લોકોનો વિચાર પહેલો કરવાની અને જે",
                    "બોજાઓ નીચે તેઓ કચડાઈ રહ્યા છે તેમાંથી તેમને છોડવવાની પણ",
                    "રાષ્ટ્રીય સરકારની ફરજ થઈ પડશે. અને જો જમીનદારો, ધનિકો અને",
                    "આજે જેઓ ખાસ હકો ભોગવી રહ્યા છે એવા લોકો — તેઓ ગોરા હોય",
                    "કે હિંદી એની દરકાર મને નથી — જુએ કે તેમની સામે ભેદભાવ રખાય",
                    "છે, તો હું તેમના પ્રત્યે સહાનુભૂતિ બતાવીશ, પણ મારાથી મદદ થઈ",
                    "શકતી હશે તોપણ હું મદદ નહીં કરું; કેમ કે હું તો એ ક્રિયામાં તેમની",
                    "મદદ માગીશ; અને તેમની મદદ વિના આ લોકોને કીચડમાંથી બહાર",
                    "કાઢી શકાશે જ નહીં."
                ]
            },
            {
                "block_text": "એટલે એ ધનિક અને અકિંચનની લડાઈ હશે. અને જો આ \nવાતનો ડર લાગતો હોય તો, અને જો આ બધા વર્ગો પેલાં મૂગાં \nકરોડોનાં માથાં સામે તમંચો ધરીને કહે કે જ્યાં સુધી તમે અમારી માલ-\nમિલકત અને અમારા હકોની ખોળાધરી નહીં આપો ત્યાં સુધી તમને \nસ્વરાજ નહીં જ મળે, તો મને બીક છે કે રાષ્ટ્રીય સરકારનો જન્મ જ \nથવો અસંભવિત છે.૪",
                "lines": [
                    "એટલે એ ધનિક અને અકિંચનની લડાઈ હશે. અને જો આ",
                    "વાતનો ડર લાગતો હોય તો, અને જો આ બધા વર્ગો પેલાં મૂગાં",
                    "કરોડોનાં માથાં સામે તમંચો ધરીને કહે કે જ્યાં સુધી તમે અમારી માલ-",
                    "મિલકત અને અમારા હકોની ખોળાધરી નહીં આપો ત્યાં સુધી તમને",
                    "સ્વરાજ નહીં જ મળે, તો મને બીક છે કે રાષ્ટ્રીય સરકારનો જન્મ જ",
                    "થવો અસંભવિત છે.૪"
                ]
            }
        ]
    }
}