{
    "page_number": 40,
    "right_column": {
        "blocks": [
            {
                "block_text": "૩૮ગાંધીજીની અપેક્ષા",
                "lines": [
                    "૩૮ગાંધીજીની અપેક્ષા"
                ]
            },
            {
                "block_text": "એ નથી કે, તે લોકો તેમને માર્ગદર્શન કરાવી શકે છે. તેમનો ધર્મ \nમતદારોએ બતાવેલે રસ્તે ચાલવાની વફાદારીમાં સમાયેલો છે. માર્ગદર્શક \nમતદાર છે, પ્રતિનિધિ નથી. તે સેવક છે, સ્વામી નથી. આજની ભ્રમણા \nઆજની શાસનપદ્ધતિમાંથી પેદા થઈ છે. એ ભ્રમણા ભાંગી જાય તો \nસભ્ય બનવાની બેહૂદી ચડસાચડસી ખૂબ ઓછી થશે. ધર્મ સમજીને \nજવાવાળા થોડા જ હોય. તે આપણે મોકલીશું તો ત્યાં જશે. ત્યાં જવાની \nજરૂર જ આજે એટલા માટે છે કે, ત્યાં જઈને લોકશાહીની સ્થાપનાને \nસારુ લડવાનું છે. આપણે એ પણ કંઈક હદ સુધી જોઈ લીધું છે કે, \nત્યાં જઈને લોકશાહી માટેની લડત પૂરેપૂરી લડી શકાતી નથી.",
                "lines": [
                    "એ નથી કે, તે લોકો તેમને માર્ગદર્શન કરાવી શકે છે. તેમનો ધર્મ",
                    "મતદારોએ બતાવેલે રસ્તે ચાલવાની વફાદારીમાં સમાયેલો છે. માર્ગદર્શક",
                    "મતદાર છે, પ્રતિનિધિ નથી. તે સેવક છે, સ્વામી નથી. આજની ભ્રમણા",
                    "આજની શાસનપદ્ધતિમાંથી પેદા થઈ છે. એ ભ્રમણા ભાંગી જાય તો",
                    "સભ્ય બનવાની બેહૂદી ચડસાચડસી ખૂબ ઓછી થશે. ધર્મ સમજીને",
                    "જવાવાળા થોડા જ હોય. તે આપણે મોકલીશું તો ત્યાં જશે. ત્યાં જવાની",
                    "જરૂર જ આજે એટલા માટે છે કે, ત્યાં જઈને લોકશાહીની સ્થાપનાને",
                    "સારુ લડવાનું છે. આપણે એ પણ કંઈક હદ સુધી જોઈ લીધું છે કે,",
                    "ત્યાં જઈને લોકશાહી માટેની લડત પૂરેપૂરી લડી શકાતી નથી."
                ]
            },
            {
                "block_text": "ત્રીજો દોષ એમ માનવામાં રહેલો છે કે, ધારાસભા એ જ દોર-\nવણી આપનારી સંસ્થાઓ છે. ચોમેર જોઈએ તો જગતભરમાં દેખાશે \nકે, દોરવણી આપનારા ઘણે ભાગે ધારાસભાની બહારના જ હોય છે. \nએમ ન હોય તો લોકશાહીમાં સડો પેસી જાય, કેમ કે, દોરવણી આપવાનું \nક્ષેત્ર બહુ મોટું છે, અને ધારાસભા તો તેમાં બહુ નાની વસ્તુ છે. \nપ્રજાજીવનના મહાસાગરની સરખામણીમાં ધારાસભા એક નાનકડી નદી \nછે.૨",
                "lines": [
                    "ત્રીજો દોષ એમ માનવામાં રહેલો છે કે, ધારાસભા એ જ દોર-",
                    "વણી આપનારી સંસ્થાઓ છે. ચોમેર જોઈએ તો જગતભરમાં દેખાશે",
                    "કે, દોરવણી આપનારા ઘણે ભાગે ધારાસભાની બહારના જ હોય છે.",
                    "એમ ન હોય તો લોકશાહીમાં સડો પેસી જાય, કેમ કે, દોરવણી આપવાનું",
                    "ક્ષેત્ર બહુ મોટું છે, અને ધારાસભા તો તેમાં બહુ નાની વસ્તુ છે.",
                    "પ્રજાજીવનના મહાસાગરની સરખામણીમાં ધારાસભા એક નાનકડી નદી",
                    "છે.૨"
                ]
            },
            {
                "block_text": "૩. પ્રશ્ન-પેટી",
                "lines": [
                    "૩. પ્રશ્ન-પેટી"
                ]
            },
            {
                "block_text": "સ૰ — એમ જોવામાં આવે છે કે, કૉંગ્રેસ કોઈ પણ સંસ્થા કે \nસમિતિમાં સ્ત્રીપ્રતિનિધિઓને ચૂંટવા રાજી હોતી નથી. ખરું જોતાં જુદી \nજુદી સંસ્થામાં સ્ત્રીઓ વધારેમાં વધારે ચૂંટાય એ ન્યાય્ય અને જરૂરી છે. \nઆનો ઉકેલ કેમ કરાય?",
                "lines": [
                    "સ૰ — એમ જોવામાં આવે છે કે, કૉંગ્રેસ કોઈ પણ સંસ્થા કે",
                    "સમિતિમાં સ્ત્રીપ્રતિનિધિઓને ચૂંટવા રાજી હોતી નથી. ખરું જોતાં જુદી",
                    "જુદી સંસ્થામાં સ્ત્રીઓ વધારેમાં વધારે ચૂંટાય એ ન્યાય્ય અને જરૂરી છે.",
                    "આનો ઉકેલ કેમ કરાય?"
                ]
            },
            {
                "block_text": "જ૰ — આવી બાબતોમાં સમાન હક કે કોઈ વિષેષ પ્રમાણ રાખ-\nવાના વિચારથી હું અંજાતો નથી. લાયકાત એ જ એક કસોટી હોવી \nજોઈએ. પણ અત્યાર સુધી સ્ત્રીઓને પાછળ રાખવાની નીતિ ચાલી છે.  \nહવે તો સરખી લાયકાત હોય ત્યારે તેથી ઊલટી નીતિ દાખલ કરવી \nજોઈએ. એમ પસંદગી આપવાથી પુરુષોની બધી જગાઓ સ્ત્રીઓને મળે \nતોય ભલે. જાતિ ઉપરથી સભ્ય ચૂંટવાની પદ્ધતિ ભયંકર છે. સ્ત્રીઓએ કે \nકોઈ પણ મંડળે બીજાની મહેરબાની ઉપર નભવું ન જોઈએ. તેઓએ",
                "lines": [
                    "જ૰ — આવી બાબતોમાં સમાન હક કે કોઈ વિષેષ પ્રમાણ રાખ-",
                    "વાના વિચારથી હું અંજાતો નથી. લાયકાત એ જ એક કસોટી હોવી",
                    "જોઈએ. પણ અત્યાર સુધી સ્ત્રીઓને પાછળ રાખવાની નીતિ ચાલી છે.",
                    "હવે તો સરખી લાયકાત હોય ત્યારે તેથી ઊલટી નીતિ દાખલ કરવી",
                    "જોઈએ. એમ પસંદગી આપવાથી પુરુષોની બધી જગાઓ સ્ત્રીઓને મળે",
                    "તોય ભલે. જાતિ ઉપરથી સભ્ય ચૂંટવાની પદ્ધતિ ભયંકર છે. સ્ત્રીઓએ કે",
                    "કોઈ પણ મંડળે બીજાની મહેરબાની ઉપર નભવું ન જોઈએ. તેઓએ"
                ]
            }
        ]
    }
}