{
    "page_number": 50,
    "right_column": {
        "blocks": [
            {
                "block_text": "૧૭૮ગાંધીજીની અપેક્ષા",
                "lines": [
                    "૧૭૮ગાંધીજીની અપેક્ષા"
                ]
            },
            {
                "block_text": "કાર્યશક્તિ વગર આપણું ગાડું જરા પણ ચાલી શકે તેવું નથી \nલાગતું. પરિણામે તેમની બેપરવાઈ અને ઉન્માદ પર અસર થઈ \nછે. જે લોકોએ લાખો અને કરોડોના ગોટાળા કર્યા છે, જેને \nઅવ્યવસ્થામાં લાભ છે, જેણે કાર્ય અને જવાબદારી ટાળવાની \nજ કુશળતા કેળવી છે, જેણે પ્રજાનો ખ્યાલ સામે રાખ્યો નથી \nઅને આજે પ્રજાને ‘લેતા જાઓ’ કહેવાની તક મળી છે તેનામાં \nએકાએક ફેરફારની કઈ રીતે આશા રાખી શકાય?”",
                "lines": [
                    "કાર્યશક્તિ વગર આપણું ગાડું જરા પણ ચાલી શકે તેવું નથી",
                    "લાગતું. પરિણામે તેમની બેપરવાઈ અને ઉન્માદ પર અસર થઈ",
                    "છે. જે લોકોએ લાખો અને કરોડોના ગોટાળા કર્યા છે, જેને",
                    "અવ્યવસ્થામાં લાભ છે, જેણે કાર્ય અને જવાબદારી ટાળવાની",
                    "જ કુશળતા કેળવી છે, જેણે પ્રજાનો ખ્યાલ સામે રાખ્યો નથી",
                    "અને આજે પ્રજાને ‘લેતા જાઓ’ કહેવાની તક મળી છે તેનામાં",
                    "એકાએક ફેરફારની કઈ રીતે આશા રાખી શકાય?”"
                ]
            },
            {
                "block_text": "મેં તો પૂર્વે ઘોડદોડની આ બદી ઉપર બધું લખ્યું છે. મારા \nલખવાની અસર થઈ જાણી નથી. હવે તો સ્વરાજ થયું! હજુ આપણે \nએવા ને એવા? જો આપણે નહીં ચેતીએ તો વાન બદલ્યા તેથી સાન \nબદલાવાની નથી એમ સિદ્ધ કરશું.",
                "lines": [
                    "મેં તો પૂર્વે ઘોડદોડની આ બદી ઉપર બધું લખ્યું છે. મારા",
                    "લખવાની અસર થઈ જાણી નથી. હવે તો સ્વરાજ થયું! હજુ આપણે",
                    "એવા ને એવા? જો આપણે નહીં ચેતીએ તો વાન બદલ્યા તેથી સાન",
                    "બદલાવાની નથી એમ સિદ્ધ કરશું."
                ]
            },
            {
                "block_text": "વિચિત્ર વાત થશે એ વિદેશી રાજ્યની બદીઓ રહી જશે ને \nતેમાં રહેલા ગુણો તેની સાથે ચાલ્યા જશે!૫",
                "lines": [
                    "વિચિત્ર વાત થશે એ વિદેશી રાજ્યની બદીઓ રહી જશે ને",
                    "તેમાં રહેલા ગુણો તેની સાથે ચાલ્યા જશે!૫"
                ]
            },
            {
                "block_text": "સરકારના સનદી નોકરો",
                "lines": [
                    "સરકારના સનદી નોકરો"
                ]
            },
            {
                "block_text": "સરકારના સનદી નોકરો પોતાની કચેરીઓમાં બેઠા બેઠા કામ કરવાને \nટેવાયેલા છે. દફતરોની લાલ પટી અને તુમારોના કાગળોમાં તેમનું કામ \nઅટવાયા કરે છે. ખેડૂતો સાથે સીધો સંપર્ક તેમને કદી થયો નથી. ખેડૂતોનો \nતેમને જરાયે પરિચય નથી, લોકોના માનસમાં હવે જે પલટો આવ્યો \nછે તેને ઓળખી લેવા જેટલા તેઓ નમ્ર બને એમ હું ઇચ્છું છું. \nઆગળ પડી પહેલ કરવાની લોકોની સ્વાભાવિક વૃત્તિને અંકુશો મૂકીને \nગૂંગળાવી મારવી ઇષ્ટ નથી. તેમને પોતાની જાત પર આધાર રાખી \nસ્વાશ્રયી બનવાની છૂટ આપવાની જરૂર છે. લોકશાહી રાજવહીવટનો \nઅર્થ લોકોને પાંગળા કે લાચાર કરી મૂકવા એવો ખસૂસ નથી. ધારો કે \nસરકાર અથવા તેના અમલદારોને જે ડર રહે છે તે સાચો પડે અને \nઅંકુશો ઉઠાવી લેવાથી પરિસ્થિતિ છે તેનાથીયે વધારે બગડે તો અંકુશો \nફરી મૂકી દેતાં અમલદારોના હાથ કોઈ બાંધી લેતું નથી. અંગત રીતે \nમને લાગે છે કે અંકુશો ઉઠાવી લેવાથી પરિસ્થિતિ ઘણી હળવી તેમ જ \nસરળ બનશે, પોતાની સામે આવી ખડા થયેલા સવાલોના ઉકેલને માટે",
                "lines": [
                    "સરકારના સનદી નોકરો પોતાની કચેરીઓમાં બેઠા બેઠા કામ કરવાને",
                    "ટેવાયેલા છે. દફતરોની લાલ પટી અને તુમારોના કાગળોમાં તેમનું કામ",
                    "અટવાયા કરે છે. ખેડૂતો સાથે સીધો સંપર્ક તેમને કદી થયો નથી. ખેડૂતોનો",
                    "તેમને જરાયે પરિચય નથી, લોકોના માનસમાં હવે જે પલટો આવ્યો",
                    "છે તેને ઓળખી લેવા જેટલા તેઓ નમ્ર બને એમ હું ઇચ્છું છું.",
                    "આગળ પડી પહેલ કરવાની લોકોની સ્વાભાવિક વૃત્તિને અંકુશો મૂકીને",
                    "ગૂંગળાવી મારવી ઇષ્ટ નથી. તેમને પોતાની જાત પર આધાર રાખી",
                    "સ્વાશ્રયી બનવાની છૂટ આપવાની જરૂર છે. લોકશાહી રાજવહીવટનો",
                    "અર્થ લોકોને પાંગળા કે લાચાર કરી મૂકવા એવો ખસૂસ નથી. ધારો કે",
                    "સરકાર અથવા તેના અમલદારોને જે ડર રહે છે તે સાચો પડે અને",
                    "અંકુશો ઉઠાવી લેવાથી પરિસ્થિતિ છે તેનાથીયે વધારે બગડે તો અંકુશો",
                    "ફરી મૂકી દેતાં અમલદારોના હાથ કોઈ બાંધી લેતું નથી. અંગત રીતે",
                    "મને લાગે છે કે અંકુશો ઉઠાવી લેવાથી પરિસ્થિતિ ઘણી હળવી તેમ જ",
                    "સરળ બનશે, પોતાની સામે આવી ખડા થયેલા સવાલોના ઉકેલને માટે"
                ]
            }
        ]
    }
}