{
    "page_number": 46,
    "right_column": {
        "blocks": [
            {
                "block_text": "૧૭૪ગાંધીજીની અપેક્ષા",
                "lines": [
                    "૧૭૪ગાંધીજીની અપેક્ષા"
                ]
            },
            {
                "block_text": "આપણે ઇજનેરો જોઈતા હોય તો દરેક કોમમાંથી એક એક લેવાનું ધોરણ \nરાખ્યું નહીં પાલવે અને સૌથી વધારેમાં વધારે લાયકાતવાળા પાંચ જણને \nજ તે જગ્યાઓ આપવી પડશે, પછી તે પાંચે ભલે પારસી કે મુસલમાન \nકોમના હોય. સૌથી નીચલા દરજ્જાની જગાઓ જરૂર જણાય તો, જુદી  \nજુદી કોમોના બનેલા એક તટસ્થ મંડળની દેખરેખ નીચે એક પરીક્ષા  \nલઈને તેમાંથી નીકળનારાઓ વડે ભરવામાં આવે.",
                "lines": [
                    "આપણે ઇજનેરો જોઈતા હોય તો દરેક કોમમાંથી એક એક લેવાનું ધોરણ",
                    "રાખ્યું નહીં પાલવે અને સૌથી વધારેમાં વધારે લાયકાતવાળા પાંચ જણને",
                    "જ તે જગ્યાઓ આપવી પડશે, પછી તે પાંચે ભલે પારસી કે મુસલમાન",
                    "કોમના હોય. સૌથી નીચલા દરજ્જાની જગાઓ જરૂર જણાય તો, જુદી",
                    "જુદી કોમોના બનેલા એક તટસ્થ મંડળની દેખરેખ નીચે એક પરીક્ષા",
                    "લઈને તેમાંથી નીકળનારાઓ વડે ભરવામાં આવે."
                ]
            },
            {
                "block_text": "પણ આ નોકરીની જગાઓની વહેંચણી દરેક કોમની સંખ્યાના \nપ્રમાણમાં ન જ થવી જોઈએ. પ્રજાકીય તંત્ર હેઠળ શિક્ષણમાં પછાત  \nરહેલી કોમોને કેળવણી જેવી બાબતમાં અવશ્ય ખાસ લાભો મળે. આ \nસહેજે બની શકે એવી વાત છે. પણ સરકારમાં મહત્ત્વની જગાઓ \nરોકવાની મહત્ત્વાકાંક્ષા જેમને છે તેમના પર તો આવશ્યક પરીક્ષામાં ઉત્તીર્ણ \nથવાની ફરજ હોવી જ જોઈએ.૨",
                "lines": [
                    "પણ આ નોકરીની જગાઓની વહેંચણી દરેક કોમની સંખ્યાના",
                    "પ્રમાણમાં ન જ થવી જોઈએ. પ્રજાકીય તંત્ર હેઠળ શિક્ષણમાં પછાત",
                    "રહેલી કોમોને કેળવણી જેવી બાબતમાં અવશ્ય ખાસ લાભો મળે. આ",
                    "સહેજે બની શકે એવી વાત છે. પણ સરકારમાં મહત્ત્વની જગાઓ",
                    "રોકવાની મહત્ત્વાકાંક્ષા જેમને છે તેમના પર તો આવશ્યક પરીક્ષામાં ઉત્તીર્ણ",
                    "થવાની ફરજ હોવી જ જોઈએ.૨"
                ]
            },
            {
                "block_text": "સિવિલ સર્વિસના નોકરોના પગાર",
                "lines": [
                    "સિવિલ સર્વિસના નોકરોના પગાર"
                ]
            },
            {
                "block_text": "મારી પાસે ફરિયાદ આવે છે કે સિવિલ સર્વિસને માટે આટલો \nબધો ખર્ચ કેવો? પણ સિવિલ સર્વિસવાળાને એકદમ દૂર કરવાનુંયે બને \nતેવું નથી. દૂર કરો તો રાજવહીવટનું ગાડું કેમ ગબડે? તેમાંના થોડા તો \nગયા. એથી જે રહ્યા તેમની પાસે વધારે કામ લેવું પડે છે. સરદાર પટેલે \nતો એ રહી ગયા તેમને ધન્યવાદ પણ આપ્યો. જે ધન્યવાદને લાયક \nછે તેમને ધન્યવાદ મળે તેમાં મારે કશી ફરિયાદ કરવાની ન હોય. પણ \nસાચી સિવિલ સર્વિસ આપણે લોકો જ છીએ. જેટલો ભરોસો અથવા \nઇતબાર આપણે સિવિલ સર્વિસવાળાઓ પર રાખીએ છીએ તેટલો આપણી \nજાત પર રાખીએ તો આપણે ઘણા આગળ વધી શકીએ. પણ આપણે \nદગો રમીએ તો જેવી સિવિલ સર્વિસવાળાને નશિયત થાય છે તેવી જ \nઆપણને પણ થાય. અમુક કામ આપણને બતાવવામાં આવે ને કહેવામાં \nઆવે કે આટલું પાર પાડવાની જવાબદારી હવે તમારી છે, એ કામ \nહવે તમારે જ કરવાનું છે. એ રીતે આખીયે પ્રજાને આપણે કામને માટે \nજવાબદાર માનીએ છીએ. જેમને પાર્લામેન્ટરી સેક્રેટરી બનાવવામાં આવે \nછે તેમને પણ દર મહિને પગાર આપવો પડે છે ને સિવિલ સર્વિસવાળાને \nપણ આપવો પડે છે. પણ કૉંગ્રેસના હાથમાં કરોડો રૂપિયાનો વહીવટ",
                "lines": [
                    "મારી પાસે ફરિયાદ આવે છે કે સિવિલ સર્વિસને માટે આટલો",
                    "બધો ખર્ચ કેવો? પણ સિવિલ સર્વિસવાળાને એકદમ દૂર કરવાનુંયે બને",
                    "તેવું નથી. દૂર કરો તો રાજવહીવટનું ગાડું કેમ ગબડે? તેમાંના થોડા તો",
                    "ગયા. એથી જે રહ્યા તેમની પાસે વધારે કામ લેવું પડે છે. સરદાર પટેલે",
                    "તો એ રહી ગયા તેમને ધન્યવાદ પણ આપ્યો. જે ધન્યવાદને લાયક",
                    "છે તેમને ધન્યવાદ મળે તેમાં મારે કશી ફરિયાદ કરવાની ન હોય. પણ",
                    "સાચી સિવિલ સર્વિસ આપણે લોકો જ છીએ. જેટલો ભરોસો અથવા",
                    "ઇતબાર આપણે સિવિલ સર્વિસવાળાઓ પર રાખીએ છીએ તેટલો આપણી",
                    "જાત પર રાખીએ તો આપણે ઘણા આગળ વધી શકીએ. પણ આપણે",
                    "દગો રમીએ તો જેવી સિવિલ સર્વિસવાળાને નશિયત થાય છે તેવી જ",
                    "આપણને પણ થાય. અમુક કામ આપણને બતાવવામાં આવે ને કહેવામાં",
                    "આવે કે આટલું પાર પાડવાની જવાબદારી હવે તમારી છે, એ કામ",
                    "હવે તમારે જ કરવાનું છે. એ રીતે આખીયે પ્રજાને આપણે કામને માટે",
                    "જવાબદાર માનીએ છીએ. જેમને પાર્લામેન્ટરી સેક્રેટરી બનાવવામાં આવે",
                    "છે તેમને પણ દર મહિને પગાર આપવો પડે છે ને સિવિલ સર્વિસવાળાને",
                    "પણ આપવો પડે છે. પણ કૉંગ્રેસના હાથમાં કરોડો રૂપિયાનો વહીવટ"
                ]
            }
        ]
    }
}