{
    "page_number": 39,
    "right_column": {
        "blocks": [
            {
                "block_text": "૩૭",
                "lines": [
                    "૩૭"
                ]
            },
            {
                "block_text": "૧૮",
                "lines": [
                    "૧૮"
                ]
            },
            {
                "block_text": "સ્ત્રીઓ અને ધારાસભા",
                "lines": [
                    "સ્ત્રીઓ અને ધારાસભા"
                ]
            },
            {
                "block_text": "૧. કસ્તૂરબા સ્મારક ટ્રસ્ટ",
                "lines": [
                    "૧. કસ્તૂરબા સ્મારક ટ્રસ્ટ"
                ]
            },
            {
                "block_text": "ઉરુલી કાંચનમાં (૧૯૪૬ના) માર્ચની ૨૮, ૨૯ અને ૩૦મી તારીખોએ \nબે સભાઓ મળી હતી. એક કસ્તૂરબા સ્મારક ટ્રસ્ટના એજન્ટોની અને \nબીજી તેની કારોબારી સમિતિની. એજન્ટોની સભા પહેલવહેલી જ મળી. \nએજન્ટોના મનમાં અનેક રસિક પ્રશ્નો ઘોળાતા હતા. એજન્ટો ધારા-\nસભાઓના સભ્યો કેમ ન બની શકે? જવાબ સ્પષ્ટ છે કે, પોતાનું કામ \nમૂકીને તેઓ કરવા ચાહતા હોય તો ધારાસભ્ય તરીકેની ફરજ બજાવવાનો \nતેમને સમય રહે નહીં. એનું સચોટ કારણ તો એ છે કે, ગ્રામવાસીઓને \nધારાસભ્યો પર આધાર રાખવો પડે છે તો તેથી તેમના પર ખોટો \nદાખલો બેસે.૧",
                "lines": [
                    "ઉરુલી કાંચનમાં (૧૯૪૬ના) માર્ચની ૨૮, ૨૯ અને ૩૦મી તારીખોએ",
                    "બે સભાઓ મળી હતી. એક કસ્તૂરબા સ્મારક ટ્રસ્ટના એજન્ટોની અને",
                    "બીજી તેની કારોબારી સમિતિની. એજન્ટોની સભા પહેલવહેલી જ મળી.",
                    "એજન્ટોના મનમાં અનેક રસિક પ્રશ્નો ઘોળાતા હતા. એજન્ટો ધારા-",
                    "સભાઓના સભ્યો કેમ ન બની શકે? જવાબ સ્પષ્ટ છે કે, પોતાનું કામ",
                    "મૂકીને તેઓ કરવા ચાહતા હોય તો ધારાસભ્ય તરીકેની ફરજ બજાવવાનો",
                    "તેમને સમય રહે નહીં. એનું સચોટ કારણ તો એ છે કે, ગ્રામવાસીઓને",
                    "ધારાસભ્યો પર આધાર રાખવો પડે છે તો તેથી તેમના પર ખોટો",
                    "દાખલો બેસે.૧"
                ]
            },
            {
                "block_text": "૨. કેમ નહીં?",
                "lines": [
                    "૨. કેમ નહીં?"
                ]
            },
            {
                "block_text": "કસ્તૂરબા ટ્રસ્ટની એજન્ટ ધારાસભાની સભ્ય થાય તો \nદેહાતીઓને ખોટો દાખલો બેસશે. મારું કહેવું એક બહેનને \nખટકે છે. તે જણાવે છે કે, હાલની ધારાસભાઓ માટે આ વસ્તુ \nસાચી હશે, પણ જ્યારે રાજવહીવટ આપણા હાથમાં આવશે ત્યારે \nતેમનું સ્વરૂપ બદલાઈ જશે અને ધારાસભાના સભ્યો પ્રજાને \nદોરવણી આપશે. તેથી તે વખતે ધારાસભાઓમાં જવું \nલાભદાયક થશે, કેમ કે, જે કામ કરતાં સામાન્ય રીતે વર્ષો વીતે \nછે તે ધારાસભાની એક જ બેઠકમાં થઈ શકશે.",
                "lines": [
                    "કસ્તૂરબા ટ્રસ્ટની એજન્ટ ધારાસભાની સભ્ય થાય તો",
                    "દેહાતીઓને ખોટો દાખલો બેસશે. મારું કહેવું એક બહેનને",
                    "ખટકે છે. તે જણાવે છે કે, હાલની ધારાસભાઓ માટે આ વસ્તુ",
                    "સાચી હશે, પણ જ્યારે રાજવહીવટ આપણા હાથમાં આવશે ત્યારે",
                    "તેમનું સ્વરૂપ બદલાઈ જશે અને ધારાસભાના સભ્યો પ્રજાને",
                    "દોરવણી આપશે. તેથી તે વખતે ધારાસભાઓમાં જવું",
                    "લાભદાયક થશે, કેમ કે, જે કામ કરતાં સામાન્ય રીતે વર્ષો વીતે",
                    "છે તે ધારાસભાની એક જ બેઠકમાં થઈ શકશે."
                ]
            },
            {
                "block_text": "આ દલીલમાં ત્રણ દોષ છે.",
                "lines": [
                    "આ દલીલમાં ત્રણ દોષ છે."
                ]
            },
            {
                "block_text": "પહેલાં તો, મેં આજની ને સ્વરાજની ધારાસભાઓ વચ્ચે ભેદ \nકર્યો જ નથી. એવો ભેદ મારી દલીલને અંગે બિનજરૂરી છે.",
                "lines": [
                    "પહેલાં તો, મેં આજની ને સ્વરાજની ધારાસભાઓ વચ્ચે ભેદ",
                    "કર્યો જ નથી. એવો ભેદ મારી દલીલને અંગે બિનજરૂરી છે."
                ]
            },
            {
                "block_text": "બીજું, ધારાસભાના સભ્યો માર્ગદર્શક હોય છે, એ માન્યતા એક \nખાલી ભ્રમણા છે. મતદારો સભ્યોને ધારાસભામાં મોકલે છે તેનું કારણ",
                "lines": [
                    "બીજું, ધારાસભાના સભ્યો માર્ગદર્શક હોય છે, એ માન્યતા એક",
                    "ખાલી ભ્રમણા છે. મતદારો સભ્યોને ધારાસભામાં મોકલે છે તેનું કારણ"
                ]
            }
        ]
    }
}