{
    "page_number": 38,
    "right_column": {
        "blocks": [
            {
                "block_text": "૩૬ગાંધીજીની અપેક્ષા",
                "lines": [
                    "૩૬ગાંધીજીની અપેક્ષા"
                ]
            },
            {
                "block_text": "૨. સત્તા ક્યાં વસે છે?",
                "lines": [
                    "૨. સત્તા ક્યાં વસે છે?"
                ]
            },
            {
                "block_text": "આપણે લાંબા વખતથી એમ માનવાને ટેવાયા છીએ કે પ્રજાને \nસત્તા કેવળ ધારાસભાઓ મારફતે મળે છે. આ માન્યતાને હું આપણી \nએક ગંભીર ભૂલ માનતો આવ્યો છું. એ ભ્રમનું કારણ કાં તો આપણી \nજડતા છે, કાં તો અંગ્રેજોના રીતરિવાજોએ આપણા પર જે ભૂરકી \nનાખી છે તે છે. બ્રિટિશ લોકોના ઇતિહાસના ઉપરચોટિયા અભ્યાસ \nપરથી આપણે એવું સમજ્યા છીએ કે, રાજ્યતંત્રની ટોચે આવેલી \nપાર્લમેન્ટોમાંથી સત્તા ઝમીને પ્રજાની અંદર ઊતરે છે. સાચી વાત એ \nછે કે, સત્તા લોકોમાં વસે છે, લોકોની હોય છે, અને લોકો પોતાના \nપ્રતિનિધિઓ તરીકે વખતોવખત જેમને પસંદ કરે છે તેમને તેટલા \nવખત પૂરતી તેની સોંપણ કરે છે. અરે, લોકોથી સ્વતંત્ર એવી પાર્લ-\nમેન્ટોની  સત્તા તો શું, હસ્તીયે હોતી નથી. છેલ્લાં એકવીસથીયે વધારે \nવર્ષોથી આટલી સીધીસાદી વાત લોકોને ગળે ઉતારવાને હું મથ્યા કરું \nછું. સત્તાનો અસલ ભંડાર તો સત્યાગ્રહ અથવા સવિનયભંગની તાકાત \nછે. એક આખી પ્રજા પોતાની ધારાસભાના કાયદાઓ પ્રમાણે ચાલવાનો \nઇનકાર કરે, અને એવા સવિનયભંગનાં પરિણામો વેઠવાને તૈયાર \nથાય તો શું થાય તેની કલ્પના કરો! એવી પ્રજા સરકારના ધારાસભાના \nને વહીવટીતંત્રને આખું ને આખું થંભાવી દેશે. સરકારનું પોલીસનું \nને લશ્કરનું બળ, ગમે તેવી જબરી હોય તોપણ લઘુમતીને દબાવવા પૂરતું \nજ કામ આવે છે. પણ આવી પડે તે બધું સહન કરવાને જે આખી \nપ્રજા તૈયાર હોય તેના દૃઢ સંકલ્પને નમાવવા કોઈ પોલીસની કે કોઈ \nલશ્કરની જબરદસ્તી કામ આવતી નથી.",
                "lines": [
                    "આપણે લાંબા વખતથી એમ માનવાને ટેવાયા છીએ કે પ્રજાને",
                    "સત્તા કેવળ ધારાસભાઓ મારફતે મળે છે. આ માન્યતાને હું આપણી",
                    "એક ગંભીર ભૂલ માનતો આવ્યો છું. એ ભ્રમનું કારણ કાં તો આપણી",
                    "જડતા છે, કાં તો અંગ્રેજોના રીતરિવાજોએ આપણા પર જે ભૂરકી",
                    "નાખી છે તે છે. બ્રિટિશ લોકોના ઇતિહાસના ઉપરચોટિયા અભ્યાસ",
                    "પરથી આપણે એવું સમજ્યા છીએ કે, રાજ્યતંત્રની ટોચે આવેલી",
                    "પાર્લમેન્ટોમાંથી સત્તા ઝમીને પ્રજાની અંદર ઊતરે છે. સાચી વાત એ",
                    "છે કે, સત્તા લોકોમાં વસે છે, લોકોની હોય છે, અને લોકો પોતાના",
                    "પ્રતિનિધિઓ તરીકે વખતોવખત જેમને પસંદ કરે છે તેમને તેટલા",
                    "વખત પૂરતી તેની સોંપણ કરે છે. અરે, લોકોથી સ્વતંત્ર એવી પાર્લ-",
                    "મેન્ટોની  સત્તા તો શું, હસ્તીયે હોતી નથી. છેલ્લાં એકવીસથીયે વધારે",
                    "વર્ષોથી આટલી સીધીસાદી વાત લોકોને ગળે ઉતારવાને હું મથ્યા કરું",
                    "છું. સત્તાનો અસલ ભંડાર તો સત્યાગ્રહ અથવા સવિનયભંગની તાકાત",
                    "છે. એક આખી પ્રજા પોતાની ધારાસભાના કાયદાઓ પ્રમાણે ચાલવાનો",
                    "ઇનકાર કરે, અને એવા સવિનયભંગનાં પરિણામો વેઠવાને તૈયાર",
                    "થાય તો શું થાય તેની કલ્પના કરો! એવી પ્રજા સરકારના ધારાસભાના",
                    "ને વહીવટીતંત્રને આખું ને આખું થંભાવી દેશે. સરકારનું પોલીસનું",
                    "ને લશ્કરનું બળ, ગમે તેવી જબરી હોય તોપણ લઘુમતીને દબાવવા પૂરતું",
                    "જ કામ આવે છે. પણ આવી પડે તે બધું સહન કરવાને જે આખી",
                    "પ્રજા તૈયાર હોય તેના દૃઢ સંકલ્પને નમાવવા કોઈ પોલીસની કે કોઈ",
                    "લશ્કરની જબરદસ્તી કામ આવતી નથી."
                ]
            },
            {
                "block_text": "વળી પાર્લમેન્ટની પદ્ધતિનો રાજવહીવટ પાર્લમેન્ટના બધા સભ્યો \nવધુમતીથી થયેલા નિર્ણયોને તાબે થવાને ખુશી હોય તો જ ઉપયોગી \nથાય છે. બીજા શબ્દોમાં એમ કહેવાય કે પાર્લમેન્ટની રાજ્યપદ્ધતિનો \nવહીવટ પરસ્પર અનુકૂળ સમૂહોમાં જ ઠીક ઠીક કામ આપે છે.૩",
                "lines": [
                    "વળી પાર્લમેન્ટની પદ્ધતિનો રાજવહીવટ પાર્લમેન્ટના બધા સભ્યો",
                    "વધુમતીથી થયેલા નિર્ણયોને તાબે થવાને ખુશી હોય તો જ ઉપયોગી",
                    "થાય છે. બીજા શબ્દોમાં એમ કહેવાય કે પાર્લમેન્ટની રાજ્યપદ્ધતિનો",
                    "વહીવટ પરસ્પર અનુકૂળ સમૂહોમાં જ ઠીક ઠીક કામ આપે છે.૩"
                ]
            }
        ]
    }
}