{
    "page_number": 44,
    "right_column": {
        "blocks": [
            {
                "block_text": "૮૧",
                "lines": [
                    "૮૧"
                ]
            },
            {
                "block_text": "ધારાસભાના પ્રમુખ",
                "lines": [
                    "ધારાસભાના પ્રમુખ"
                ]
            },
            {
                "block_text": "ધારાસભાનો જે પ્રમુખ કોઈ પણ વાક્યના સ્પષ્ટ અર્થથી ઊલટો \nતેનો અર્થ જાણીબૂજીને કરે તે પ્રમુખના ઊંચા પદને માટે નાલાયક બને \nછે અને મહાસભાના કાર્યને લાંછન લગાડે છે. તેણે ગમે તે ભોગે સત્ય-\nનિષ્ઠા ને પ્રામાણિકતા માટેની મહાસભાની શાખ સાચવવી જ જોઈએ. \nપણ મારા કહેવાનો આશય એ છે કે જ્યાં કોઈ કલમના બે અથવા  \nવધારે સ્પષ્ટ અર્થ થતા હોય ત્યાં જે અર્થ રાષ્ટ્રીય કાર્યને લાભકર્તા હોય તે \nઆપવાને પ્રમુખ બંધાયેલા છે. અને જ્યાં કોઈ કલમનો એક જ અર્થ \nએવો થતો હોય જેનાથી પ્રજાની સ્વતંત્રતા પર દેખીતો અંકુશ પડતો  \nહોય, તો તેમણે વિનાસંકોચે એ અર્થ આપવો જોઈએ. મને તો જરાયે \nશંકા નથી કે પ્રમુખની આવી નિષ્પક્ષતા તેની પ્રતિષ્ઠા વધારશે, અને \nતેટલે અંશે મહાસભાની નૈતિક પ્રતિષ્ઠામાં વધારો કરશે. હિંસાનો ત્યાગ \nકર્યા પછી મહાસભાની શક્તિ કેવળ મહાસભાવાદી વ્યક્તિઓનાં નીતિબળ \nઅને નિર્ભયતા પર આધાર રાખે છે.૧",
                "lines": [
                    "ધારાસભાનો જે પ્રમુખ કોઈ પણ વાક્યના સ્પષ્ટ અર્થથી ઊલટો",
                    "તેનો અર્થ જાણીબૂજીને કરે તે પ્રમુખના ઊંચા પદને માટે નાલાયક બને",
                    "છે અને મહાસભાના કાર્યને લાંછન લગાડે છે. તેણે ગમે તે ભોગે સત્ય-",
                    "નિષ્ઠા ને પ્રામાણિકતા માટેની મહાસભાની શાખ સાચવવી જ જોઈએ.",
                    "પણ મારા કહેવાનો આશય એ છે કે જ્યાં કોઈ કલમના બે અથવા",
                    "વધારે સ્પષ્ટ અર્થ થતા હોય ત્યાં જે અર્થ રાષ્ટ્રીય કાર્યને લાભકર્તા હોય તે",
                    "આપવાને પ્રમુખ બંધાયેલા છે. અને જ્યાં કોઈ કલમનો એક જ અર્થ",
                    "એવો થતો હોય જેનાથી પ્રજાની સ્વતંત્રતા પર દેખીતો અંકુશ પડતો",
                    "હોય, તો તેમણે વિનાસંકોચે એ અર્થ આપવો જોઈએ. મને તો જરાયે",
                    "શંકા નથી કે પ્રમુખની આવી નિષ્પક્ષતા તેની પ્રતિષ્ઠા વધારશે, અને",
                    "તેટલે અંશે મહાસભાની નૈતિક પ્રતિષ્ઠામાં વધારો કરશે. હિંસાનો ત્યાગ",
                    "કર્યા પછી મહાસભાની શક્તિ કેવળ મહાસભાવાદી વ્યક્તિઓનાં નીતિબળ",
                    "અને નિર્ભયતા પર આધાર રાખે છે.૧"
                ]
            },
            {
                "block_text": "૮૨",
                "lines": [
                    "૮૨"
                ]
            },
            {
                "block_text": "સરકારી નોકરીઓ",
                "lines": [
                    "સરકારી નોકરીઓ"
                ]
            },
            {
                "block_text": "હવે સરકારી નોકરીઓનો સવાલ રહ્યો. આને અંગે એમ લાગે \nછે કે બધા પ્રાંતો બધી દિશામાં સરખી રીતે પ્રગતિ કરે એવી અપેક્ષા \nરાખવામાં આવતી હોય તો ખુદ આખા હિંદનો વિચાર કરતાં પણ \nનોકરીમાં ભરતી થનારા માણસો ઘણાખરા તે તે પ્રાંતના હોય એ જ \nઇષ્ટ છે. હિંદને દુનિયાની સામે ટટાર ખડા રહેવું હોય તો હવે કોઈ \nપણ પ્રાંત, અગર જાતિ અગર કબીલાને પછાત રહેવા ન દેવાય. દુનિયા",
                "lines": [
                    "હવે સરકારી નોકરીઓનો સવાલ રહ્યો. આને અંગે એમ લાગે",
                    "છે કે બધા પ્રાંતો બધી દિશામાં સરખી રીતે પ્રગતિ કરે એવી અપેક્ષા",
                    "રાખવામાં આવતી હોય તો ખુદ આખા હિંદનો વિચાર કરતાં પણ",
                    "નોકરીમાં ભરતી થનારા માણસો ઘણાખરા તે તે પ્રાંતના હોય એ જ",
                    "ઇષ્ટ છે. હિંદને દુનિયાની સામે ટટાર ખડા રહેવું હોય તો હવે કોઈ",
                    "પણ પ્રાંત, અગર જાતિ અગર કબીલાને પછાત રહેવા ન દેવાય. દુનિયા"
                ]
            },
            {
                "block_text": "૧૭૨",
                "lines": [
                    "૧૭૨"
                ]
            }
        ]
    }
}