{
    "page_number": 49,
    "right_column": {
        "blocks": [
            {
                "block_text": "સરકારી નોકરીઓ૧૭૭",
                "lines": [
                    "સરકારી નોકરીઓ૧૭૭"
                ]
            },
            {
                "block_text": "મુંબઈ પરામાં રહેતા માણસોને સવારસાંજ ગાડરની માફક ખીચો-\nખીચ ટ્રેનમાં ભરાવું પડે છે એટલું જ નહીં પણ હજારો લોકો \nબહાર બારણાંઓ અને બારીઓમાં લટકીને જાય છે અને અવાર-\nનવાર તેને પરિણામે અકસ્માતથી માણસો મરે છે. અનાજ અને \nબીજી અગત્યની વસ્તુઓ માટે એન્જિનો, ડબા વગેરે ઘણી વાર \nસમયસર કે જોઈતા પ્રમાણમાં નથી મળતાં.",
                "lines": [
                    "મુંબઈ પરામાં રહેતા માણસોને સવારસાંજ ગાડરની માફક ખીચો-",
                    "ખીચ ટ્રેનમાં ભરાવું પડે છે એટલું જ નહીં પણ હજારો લોકો",
                    "બહાર બારણાંઓ અને બારીઓમાં લટકીને જાય છે અને અવાર-",
                    "નવાર તેને પરિણામે અકસ્માતથી માણસો મરે છે. અનાજ અને",
                    "બીજી અગત્યની વસ્તુઓ માટે એન્જિનો, ડબા વગેરે ઘણી વાર",
                    "સમયસર કે જોઈતા પ્રમાણમાં નથી મળતાં."
                ]
            },
            {
                "block_text": "“ઘોડદોડમાં જવાવાળા માણસો અહીંનું તો પૂરા અઠવાડિયાનું \nરૅશન લે. ઉપરાંત એ હજારો માણસોને માટે દર અઠવાડિયે \nટ્રેનમાં અને પૂનામાં બેત્રણ દિવસ ખોરાકની ગોઠવણ થશે. \nરૅશનિગખાતાને કે કોઈને આ પ્રશ્નની પડી નથી.",
                "lines": [
                    "“ઘોડદોડમાં જવાવાળા માણસો અહીંનું તો પૂરા અઠવાડિયાનું",
                    "રૅશન લે. ઉપરાંત એ હજારો માણસોને માટે દર અઠવાડિયે",
                    "ટ્રેનમાં અને પૂનામાં બેત્રણ દિવસ ખોરાકની ગોઠવણ થશે.",
                    "રૅશનિગખાતાને કે કોઈને આ પ્રશ્નની પડી નથી."
                ]
            },
            {
                "block_text": "“પેટ્રોલની અછત કહેવાય છે. દર અઠવાડિયે રેસકોર્સ પર \nહજારો મોટરોની દોડધામ ચાલે છે. હવે મુંબઈ અને પૂના એમ \nબેવડી દોડાદોડી થશે.",
                "lines": [
                    "“પેટ્રોલની અછત કહેવાય છે. દર અઠવાડિયે રેસકોર્સ પર",
                    "હજારો મોટરોની દોડધામ ચાલે છે. હવે મુંબઈ અને પૂના એમ",
                    "બેવડી દોડાદોડી થશે."
                ]
            },
            {
                "block_text": "“ઘોડદોડમાં જે માણસો હજારો રૂપિયા જીતે તે રકમો પર \nઆવકવેરો નથી હોતો. આ છિદ્રનો બીજી રીતે પણ દુરુપયોગ \nથાય છે.",
                "lines": [
                    "“ઘોડદોડમાં જે માણસો હજારો રૂપિયા જીતે તે રકમો પર",
                    "આવકવેરો નથી હોતો. આ છિદ્રનો બીજી રીતે પણ દુરુપયોગ",
                    "થાય છે."
                ]
            },
            {
                "block_text": "“આવી જ વિચારશૂન્યતા કે જે કહો તે બીજી મહત્ત્વની \nબાબતોમાં છે. અનાજ, કાપડ વગેરે અતિ આવશ્યક વસ્તુઓમાં \nતદ્દન અથવા ઘણા પ્રમાણમાં સ્થિતિ સુધારી શકાય તેવું છે. તમાકુ \nઅને એવા પ્રકારના પાક બંધ કરાવવા કે ઓછા કરાવવા શું \nપગલાં લેવાયાં છે?",
                "lines": [
                    "“આવી જ વિચારશૂન્યતા કે જે કહો તે બીજી મહત્ત્વની",
                    "બાબતોમાં છે. અનાજ, કાપડ વગેરે અતિ આવશ્યક વસ્તુઓમાં",
                    "તદ્દન અથવા ઘણા પ્રમાણમાં સ્થિતિ સુધારી શકાય તેવું છે. તમાકુ",
                    "અને એવા પ્રકારના પાક બંધ કરાવવા કે ઓછા કરાવવા શું",
                    "પગલાં લેવાયાં છે?"
                ]
            },
            {
                "block_text": "“હકીકત તો એ છે કે આપણામાંના ઘણાની મુગ્ધ દશા \nતો એ ને એ જ રહી છે. વૃત્તિ અને સંસ્કારથી ગઈ કાલે તે જ \nમનને ગમતું હતું. આપણી દૃષ્ટિ, આપણા આશયો ખરેખરા ન \nફરે ત્યાં સુધી સુધારાની આશા ન રાખી શકાય.",
                "lines": [
                    "“હકીકત તો એ છે કે આપણામાંના ઘણાની મુગ્ધ દશા",
                    "તો એ ને એ જ રહી છે. વૃત્તિ અને સંસ્કારથી ગઈ કાલે તે જ",
                    "મનને ગમતું હતું. આપણી દૃષ્ટિ, આપણા આશયો ખરેખરા ન",
                    "ફરે ત્યાં સુધી સુધારાની આશા ન રાખી શકાય."
                ]
            },
            {
                "block_text": "“ગઈ કાલે આપણે સરકારી અમલદારોનાં વલણ, શક્તિ, \nઆવડત, રીત વગેરે પર પ્રહાર કરતા હતા. આજે એ જ અમલ-\nદારોના હાથમાં લગામ રહી છે અને તેની પકડ વધારે દૃઢ બની \nછે. તંત્ર આખું તેને શરણ હોય તેવું લાગે. તેના અનુભવો અને",
                "lines": [
                    "“ગઈ કાલે આપણે સરકારી અમલદારોનાં વલણ, શક્તિ,",
                    "આવડત, રીત વગેરે પર પ્રહાર કરતા હતા. આજે એ જ અમલ-",
                    "દારોના હાથમાં લગામ રહી છે અને તેની પકડ વધારે દૃઢ બની",
                    "છે. તંત્ર આખું તેને શરણ હોય તેવું લાગે. તેના અનુભવો અને"
                ]
            }
        ]
    }
}