{
    "page_number": 41,
    "right_column": {
        "blocks": [
            {
                "block_text": "મતાધિકાર૩૯",
                "lines": [
                    "મતાધિકાર૩૯"
                ]
            },
            {
                "block_text": "ન્યાય માગવો, પણ મહેરબાની કદી માગવી નહીં. તેથી પાશ્ચાત્ય કેળ-\nવણીનો પ્રચાર કરવાને બદલે નાગરિકને કર્તવ્યપાલન સારુ લાયક બનાવે \nએવી કેળવણીનો પ્રાંતીય ભાષા દ્વારા પ્રચાર કરવો ઘટે છે. સ્ત્રીઓ તો \nઆ ઉદ્યમ કરે જ, પણ પુરુષોનો એ વિષેષ ધર્મ છે. આ જરૂરી સુધા-\nરણામાં જો પુરુષો પહેલ કરે તો તે મહેરબાની નહીં પણ સ્ત્રીઓ પ્રત્યેનો \nધર્મ બજાવ્યો કહેવાશે.૩",
                "lines": [
                    "ન્યાય માગવો, પણ મહેરબાની કદી માગવી નહીં. તેથી પાશ્ચાત્ય કેળ-",
                    "વણીનો પ્રચાર કરવાને બદલે નાગરિકને કર્તવ્યપાલન સારુ લાયક બનાવે",
                    "એવી કેળવણીનો પ્રાંતીય ભાષા દ્વારા પ્રચાર કરવો ઘટે છે. સ્ત્રીઓ તો",
                    "આ ઉદ્યમ કરે જ, પણ પુરુષોનો એ વિષેષ ધર્મ છે. આ જરૂરી સુધા-",
                    "રણામાં જો પુરુષો પહેલ કરે તો તે મહેરબાની નહીં પણ સ્ત્રીઓ પ્રત્યેનો",
                    "ધર્મ બજાવ્યો કહેવાશે.૩"
                ]
            },
            {
                "block_text": "૧૯",
                "lines": [
                    "૧૯"
                ]
            },
            {
                "block_text": "મતાધિકાર",
                "lines": [
                    "મતાધિકાર"
                ]
            },
            {
                "block_text": "હું પુખ્ત વયના મતાધિકારને વરેલો છું. … પુખ્ત વયનો મતા-\nધિકાર અનેક કારણે જરૂરનો છે, અને મારે માટે નિર્ણાયક કારણોમાંનું \nએક એ છે કે તે મને સૌની, મુસલમાનોની જ નહીં, પણ અંત્યજોની,  \nખ્રિસ્તીઓની, મજૂરોની અને બીજા તમામ વર્ગોની વાજબી આકાંક્ષાઓને \nતૃપ્ત કરવા સમર્થ બનાવે છે. જે માણસ પાસે ધન છે તે મત આપી \nશકે પણ જે માણસ પાસે ધન કે અક્ષરજ્ઞાન નથી પણ ચારિત્ર છે તે \nમત ન આપી શકે, અથવા તો જે માણસ દિવસ આખો પરસેવો \nઉતારીને પ્રામાણિકપણે કામ કરે છે તે ગરીબ હોવાના ગુનાને લીધે મત \nન આપી શકે એ વિચાર જ મારાથી સહ્યો જતો નથી.૧",
                "lines": [
                    "હું પુખ્ત વયના મતાધિકારને વરેલો છું. … પુખ્ત વયનો મતા-",
                    "ધિકાર અનેક કારણે જરૂરનો છે, અને મારે માટે નિર્ણાયક કારણોમાંનું",
                    "એક એ છે કે તે મને સૌની, મુસલમાનોની જ નહીં, પણ અંત્યજોની,",
                    "ખ્રિસ્તીઓની, મજૂરોની અને બીજા તમામ વર્ગોની વાજબી આકાંક્ષાઓને",
                    "તૃપ્ત કરવા સમર્થ બનાવે છે. જે માણસ પાસે ધન છે તે મત આપી",
                    "શકે પણ જે માણસ પાસે ધન કે અક્ષરજ્ઞાન નથી પણ ચારિત્ર છે તે",
                    "મત ન આપી શકે, અથવા તો જે માણસ દિવસ આખો પરસેવો",
                    "ઉતારીને પ્રામાણિકપણે કામ કરે છે તે ગરીબ હોવાના ગુનાને લીધે મત",
                    "ન આપી શકે એ વિચાર જ મારાથી સહ્યો જતો નથી.૧"
                ]
            },
            {
                "block_text": "મતાધિકારની બાબતમાં એકવીસ અથવા જોઈએ તો અઢાર વરસની \nઉંમરની ઉપરનાં પુખ્ત વયનાં સર્વ સ્ત્રી અને પુરુષને મતાધિકાર આપવાના \nસિદ્ધાંતને હું વરેલો છું. મારું ચાલે તો હું મારા જેવાં પાકેલાં પાનને \nમતાધિકાર ન આપું. મતદારો તરીકે ઘરડા લોકો નકામા છે. જેમનો \nએક પગ સ્મશાનમાં છે તેવા લોકોની આ દુનિયા નથી. મરણની દુનિયા \nતેમની દુનિયા ગણાય કેમ કે જીવનની માલકી જુવાન લોકોની છે. એ \nરીતે જેમ અઢારથી નીચેની ઉંમરના… તેવી જ રીતે કહો કે પચાસથી \nઉપરની ઉંમરના માણસોને હું મતાધિકાર ન આપું.૨",
                "lines": [
                    "મતાધિકારની બાબતમાં એકવીસ અથવા જોઈએ તો અઢાર વરસની",
                    "ઉંમરની ઉપરનાં પુખ્ત વયનાં સર્વ સ્ત્રી અને પુરુષને મતાધિકાર આપવાના",
                    "સિદ્ધાંતને હું વરેલો છું. મારું ચાલે તો હું મારા જેવાં પાકેલાં પાનને",
                    "મતાધિકાર ન આપું. મતદારો તરીકે ઘરડા લોકો નકામા છે. જેમનો",
                    "એક પગ સ્મશાનમાં છે તેવા લોકોની આ દુનિયા નથી. મરણની દુનિયા",
                    "તેમની દુનિયા ગણાય કેમ કે જીવનની માલકી જુવાન લોકોની છે. એ",
                    "રીતે જેમ અઢારથી નીચેની ઉંમરના… તેવી જ રીતે કહો કે પચાસથી",
                    "ઉપરની ઉંમરના માણસોને હું મતાધિકાર ન આપું.૨"
                ]
            }
        ]
    }
}