{
    "page_number": 45,
    "right_column": {
        "blocks": [
            {
                "block_text": "સરકારી નોકરીઓ૧૭૩",
                "lines": [
                    "સરકારી નોકરીઓ૧૭૩"
                ]
            },
            {
                "block_text": "હવે જે શસ્ત્રાસ્ત્રોથી કંટાળી છે તેમને રસ્તે હિંદ દુનિયામાં ટટાર ફરી નહીં \nશકે. તે માટે હિંદે પોતાના હરેક વતનીના જીવનમાં પ્રતિબિંબત થતો હિંદની \nઅસલ સંસ્કૃતિના તેજનો અને આ પત્રમાં તાજેતરમાં મેં જે સમાજ-\nવાદનીકલ્પના આપી છે તેના તેજનો પ્રભાવ પાડવો જોઈશે. … એનો \nઅર્થ એ થાય કે કોઈ પણ વ્યક્તિ પોતાના સિદ્ધાંતોના પ્રચારને અર્થે જબર-\nજસ્તીનો જરાસરખો પ્રયોગ ન કરે. જે વાત ખરેખર લોકપ્રિય હોય તેને \nસર્વ લોકો પાસે સ્વીકારાવવાને ખાતર જાહેર જનતાના જાગ્રત અભિપ્રાય \nસિવાય કોઈ બીજા બળની ભાગ્યે જ જરૂર પડે અથવા કહો કે જરૂર \nપડતી જ નથી. તેથી બિહાર, ઓરિસ્સા અને આસામમાં જોવાના મળેલા \nહિંસાના, વ્યક્તિઓ તરફથી થયેલા બેહૂદા દેખાવો કદી થવા જોઈતા \nનહોતા. બીજા પ્રાંતમાંથી આવીને લોકો પ્રાંતના લોકોનાં હિત પર આક્રમણ \nકરે અથવા બીજી કોઈ બેકાયદા પ્રવૃત્તિ કરે તો તેનો ઇલાજ કરવાને \nલોકોની સરકારો સર્વ સ્થળોએ મોજૂદ છે. ઉપરાંત પ્રાંત બહારથી પ્રાંતમાં \nઆવીને વસનારા સૌ કોઈને પૂરેપૂરી સલામતી આપવાની પ્રાંતિક સરકારો-\nની ફરજ છે. “તમે જેને તમારું ગણતા હો તેનો બીજાને નુકસાન ન \nથાય એ રીતે ઉપભોગ કરો,” એ ન્યાયશાસ્ત્રનો એક પ્રસિદ્ધ સિદ્ધાંત છે. \nતેવી જ રીતે નૈતિક આચારનો પણ એ એક ભવ્ય નિયમ છે. અને \nઆજના સંજોગોમાં એ કેટલો બધો બંધબેસતો આવે તેવો છે!",
                "lines": [
                    "હવે જે શસ્ત્રાસ્ત્રોથી કંટાળી છે તેમને રસ્તે હિંદ દુનિયામાં ટટાર ફરી નહીં",
                    "શકે. તે માટે હિંદે પોતાના હરેક વતનીના જીવનમાં પ્રતિબિંબત થતો હિંદની",
                    "અસલ સંસ્કૃતિના તેજનો અને આ પત્રમાં તાજેતરમાં મેં જે સમાજ-",
                    "વાદનીકલ્પના આપી છે તેના તેજનો પ્રભાવ પાડવો જોઈશે. … એનો",
                    "અર્થ એ થાય કે કોઈ પણ વ્યક્તિ પોતાના સિદ્ધાંતોના પ્રચારને અર્થે જબર-",
                    "જસ્તીનો જરાસરખો પ્રયોગ ન કરે. જે વાત ખરેખર લોકપ્રિય હોય તેને",
                    "સર્વ લોકો પાસે સ્વીકારાવવાને ખાતર જાહેર જનતાના જાગ્રત અભિપ્રાય",
                    "સિવાય કોઈ બીજા બળની ભાગ્યે જ જરૂર પડે અથવા કહો કે જરૂર",
                    "પડતી જ નથી. તેથી બિહાર, ઓરિસ્સા અને આસામમાં જોવાના મળેલા",
                    "હિંસાના, વ્યક્તિઓ તરફથી થયેલા બેહૂદા દેખાવો કદી થવા જોઈતા",
                    "નહોતા. બીજા પ્રાંતમાંથી આવીને લોકો પ્રાંતના લોકોનાં હિત પર આક્રમણ",
                    "કરે અથવા બીજી કોઈ બેકાયદા પ્રવૃત્તિ કરે તો તેનો ઇલાજ કરવાને",
                    "લોકોની સરકારો સર્વ સ્થળોએ મોજૂદ છે. ઉપરાંત પ્રાંત બહારથી પ્રાંતમાં",
                    "આવીને વસનારા સૌ કોઈને પૂરેપૂરી સલામતી આપવાની પ્રાંતિક સરકારો-",
                    "ની ફરજ છે. “તમે જેને તમારું ગણતા હો તેનો બીજાને નુકસાન ન",
                    "થાય એ રીતે ઉપભોગ કરો,” એ ન્યાયશાસ્ત્રનો એક પ્રસિદ્ધ સિદ્ધાંત છે.",
                    "તેવી જ રીતે નૈતિક આચારનો પણ એ એક ભવ્ય નિયમ છે. અને",
                    "આજના સંજોગોમાં એ કેટલો બધો બંધબેસતો આવે તેવો છે!"
                ]
            },
            {
                "block_text": "… જે દેશમાં જઈએ તેવા થઈને રહીએ એ તે દેશના દુર્ગુણોને \nઅપનાવવાની વાત બાદ કરતાં ઉત્તમ સાદી સમજનો નિયમ છે. \nપ્રગતિકારક મિશ્રણની પ્રક્રિયામાં ખોટાને બહાર કાઢી નાખવાની અને \nખરાને અપનાવવાની ક્રિયા સતત ચાલ્યા કરે છે. બંગાળમાં વસનારા એક \nગુજરાતી તરીકે બંગાળમાં જે કંઈ સારું હોય તે મારે ઝટ પચાવી \nલેવું જોઈએ.૧",
                "lines": [
                    "… જે દેશમાં જઈએ તેવા થઈને રહીએ એ તે દેશના દુર્ગુણોને",
                    "અપનાવવાની વાત બાદ કરતાં ઉત્તમ સાદી સમજનો નિયમ છે.",
                    "પ્રગતિકારક મિશ્રણની પ્રક્રિયામાં ખોટાને બહાર કાઢી નાખવાની અને",
                    "ખરાને અપનાવવાની ક્રિયા સતત ચાલ્યા કરે છે. બંગાળમાં વસનારા એક",
                    "ગુજરાતી તરીકે બંગાળમાં જે કંઈ સારું હોય તે મારે ઝટ પચાવી",
                    "લેવું જોઈએ.૧"
                ]
            },
            {
                "block_text": "સરકારી ખાતાંની નોકરીઓની બાબતમાં તો હું માનું છું કે કોમી \nપક્ષપાતની ભાવનાને એ પ્રદેશમાં પણ જો આપણે દાખલ થવા દઈશું \nતો આપણા સુતંત્રમાં એ કેવળ ઘાતક નીવડશે, જો રાજતંત્રને કાર્યદક્ષ \nરાખવું હોય તો સૌથી કાબેલ લોકોને જ એમાં રોકવા પડશે. અલબત્ત, \nએમાં પક્ષાપક્ષી અને વગવસીલા ને ચાલવા જોઈએ, એટલે કે જો",
                "lines": [
                    "સરકારી ખાતાંની નોકરીઓની બાબતમાં તો હું માનું છું કે કોમી",
                    "પક્ષપાતની ભાવનાને એ પ્રદેશમાં પણ જો આપણે દાખલ થવા દઈશું",
                    "તો આપણા સુતંત્રમાં એ કેવળ ઘાતક નીવડશે, જો રાજતંત્રને કાર્યદક્ષ",
                    "રાખવું હોય તો સૌથી કાબેલ લોકોને જ એમાં રોકવા પડશે. અલબત્ત,",
                    "એમાં પક્ષાપક્ષી અને વગવસીલા ને ચાલવા જોઈએ, એટલે કે જો"
                ]
            }
        ]
    }
}