{
    "page_number": 48,
    "right_column": {
        "blocks": [
            {
                "block_text": "૧૭૬ગાંધીજીની અપેક્ષા",
                "lines": [
                    "૧૭૬ગાંધીજીની અપેક્ષા"
                ]
            },
            {
                "block_text": "બીજી વાત : મારી પાસે એવી ફરિયાદો આવી છે કે, આજકાલ  \nવેપારમાં પણ સરકાર પડી છે. દા૰ત. અનાજનું તંત્ર રાજેન્દ્રબાબુ સંભાળે \nછે, કાપડનું તંત્ર રાજાજી સંભાળે છે. આવી જીવનજરૂરિયાતની મુખ્ય  \nચીજોનો વેપાર શ્રેષ્ઠ પુરુષોના હાથમાં હોવા છતાં લોકોને જરૂર પૂરતું \nકાપડ કે ખાવાનું મળી શકતું નથી. કારણ કે સરકારી માણસો પુષ્કળ \nપ્રમાણમાં લાંચરુશવત લે છે. હું કહી શકતો નથી કે આ હકીકત ક્યાં \nસુધી સાચી છે. પણ જો સરકારી નોકરો આવા હોય તો જે ખાતાના જે \nપ્રધાનો હોય તેમણે યોગ્ય તપાસ કરવી જ જોઈએ. સરકારી માણસોની \nજેના ઉપર મહેરબાની હોય, જ્યાં લાગવગ હોય અથવા સગાંઓ હોય \nતેમને તુરત નોકરી મળે, સંખ્યા કરતાં બેત્રણ ગણાં રૅશનકાર્ડો મળે, આ \nતમામ હકીકત સાચી હોય તો આપણે શરમાવું જોઈએ. અને હવે વિદેશી \nસરકાર આપણા ઉપર રાજ્ય નથી કરતી, તેમ જ અંગ્રેજોના જમાનામાં \nનાના સરકારી નોકરો ઉપર જેવી જાતના હુકમો બજાવવામાં આવતા \nહતા, તેવા હુકમો હવે તમને કોઈ કરી શકે તેમ નથી. એટલે નાના-\nમોટા સહુએ દેશ પ્રત્યે વફાદારીપૂર્વક સેવા કરવી જોઈએ. નોકરી કરવી \nએટલે કેવળ પૈસા કમાઈ તમારું પેટ ભરાઈ જાય એટલે દુનિયા જીતી \nગયા એ મનોવૃત્તિ હવે કાઢવી જોઈએ. અને આજથી હવે પંચાયત-\nરાજ શરૂ થાય છે તો જેટલા સિવિલ સર્વિસવાળા નોકરો છે તેઓને \nવિનંતીપૂર્વક સૂચવું છું કે, તમારી જવાબદારી આજથી દસ ગણી હવે \nવધે છે. જેટલી તમે વફાદારીપૂર્વક સેવા કરશો તેટલી સ્વરાજ્યમાં \nસુખ, શાંતિ અને સમૃદ્ધિ જલદી સાંપડશે.૪",
                "lines": [
                    "બીજી વાત : મારી પાસે એવી ફરિયાદો આવી છે કે, આજકાલ",
                    "વેપારમાં પણ સરકાર પડી છે. દા૰ત. અનાજનું તંત્ર રાજેન્દ્રબાબુ સંભાળે",
                    "છે, કાપડનું તંત્ર રાજાજી સંભાળે છે. આવી જીવનજરૂરિયાતની મુખ્ય",
                    "ચીજોનો વેપાર શ્રેષ્ઠ પુરુષોના હાથમાં હોવા છતાં લોકોને જરૂર પૂરતું",
                    "કાપડ કે ખાવાનું મળી શકતું નથી. કારણ કે સરકારી માણસો પુષ્કળ",
                    "પ્રમાણમાં લાંચરુશવત લે છે. હું કહી શકતો નથી કે આ હકીકત ક્યાં",
                    "સુધી સાચી છે. પણ જો સરકારી નોકરો આવા હોય તો જે ખાતાના જે",
                    "પ્રધાનો હોય તેમણે યોગ્ય તપાસ કરવી જ જોઈએ. સરકારી માણસોની",
                    "જેના ઉપર મહેરબાની હોય, જ્યાં લાગવગ હોય અથવા સગાંઓ હોય",
                    "તેમને તુરત નોકરી મળે, સંખ્યા કરતાં બેત્રણ ગણાં રૅશનકાર્ડો મળે, આ",
                    "તમામ હકીકત સાચી હોય તો આપણે શરમાવું જોઈએ. અને હવે વિદેશી",
                    "સરકાર આપણા ઉપર રાજ્ય નથી કરતી, તેમ જ અંગ્રેજોના જમાનામાં",
                    "નાના સરકારી નોકરો ઉપર જેવી જાતના હુકમો બજાવવામાં આવતા",
                    "હતા, તેવા હુકમો હવે તમને કોઈ કરી શકે તેમ નથી. એટલે નાના-",
                    "મોટા સહુએ દેશ પ્રત્યે વફાદારીપૂર્વક સેવા કરવી જોઈએ. નોકરી કરવી",
                    "એટલે કેવળ પૈસા કમાઈ તમારું પેટ ભરાઈ જાય એટલે દુનિયા જીતી",
                    "ગયા એ મનોવૃત્તિ હવે કાઢવી જોઈએ. અને આજથી હવે પંચાયત-",
                    "રાજ શરૂ થાય છે તો જેટલા સિવિલ સર્વિસવાળા નોકરો છે તેઓને",
                    "વિનંતીપૂર્વક સૂચવું છું કે, તમારી જવાબદારી આજથી દસ ગણી હવે",
                    "વધે છે. જેટલી તમે વફાદારીપૂર્વક સેવા કરશો તેટલી સ્વરાજ્યમાં",
                    "સુખ, શાંતિ અને સમૃદ્ધિ જલદી સાંપડશે.૪"
                ]
            },
            {
                "block_text": "ઘોડદોડ અને સરકારી નોકરો",
                "lines": [
                    "ઘોડદોડ અને સરકારી નોકરો"
                ]
            },
            {
                "block_text": "આ વિષય ઉપર એક જાણીતા ભાઈ લખે છે :",
                "lines": [
                    "આ વિષય ઉપર એક જાણીતા ભાઈ લખે છે :"
                ]
            },
            {
                "block_text": "“આ સાથે જાહેર ખબરની એક કાપલી મોકલું છું. મુંબઈમાં \nવરસાદ વધારે એટલે ચોમાસા દરમિયાન ઘોડદોડ પૂનામાં થાય છે. \nદર શનિવારે એક તો હોય જ. ઉપરાંત વચ્ચે તહેવારોની રજા \nઆવે ત્યારે પ્રત્યેક ઘોડદોડ પ્રસંગે ત્રણ સ્પેશિયલ ટ્રેન જાય \nને આવે. ઘણાં અગત્યનાં કાર્યો માટે પણ આ આવજાનાં સાધનો \nપૂરાં નથી પડતાં. યાત્રાઓ બંધ કરાવવામાં આવે છે. કામધંધે",
                "lines": [
                    "“આ સાથે જાહેર ખબરની એક કાપલી મોકલું છું. મુંબઈમાં",
                    "વરસાદ વધારે એટલે ચોમાસા દરમિયાન ઘોડદોડ પૂનામાં થાય છે.",
                    "દર શનિવારે એક તો હોય જ. ઉપરાંત વચ્ચે તહેવારોની રજા",
                    "આવે ત્યારે પ્રત્યેક ઘોડદોડ પ્રસંગે ત્રણ સ્પેશિયલ ટ્રેન જાય",
                    "ને આવે. ઘણાં અગત્યનાં કાર્યો માટે પણ આ આવજાનાં સાધનો",
                    "પૂરાં નથી પડતાં. યાત્રાઓ બંધ કરાવવામાં આવે છે. કામધંધે"
                ]
            }
        ]
    }
}