{
    "page_number": 8,
    "right_column": {
        "blocks": [
            {
                "block_text": "છે. એમની ધાર્મમિકતા, એમનો સંયમ, એમનો ત્્યયાગ, એમની તિતિક્ષા સાધુ \nસંતોનાં નહીીં પણ ક્ષત્રિય વીરનાં છે. એમનું વર્્ણન એક જ શબ્્દમાં કરવું \nહોય તો એમ જ કહેવું જોઈએ કે તે મહા યોદ્ધા છે, વીર સુભટ છે. તેથી જ \nલોકહૃદયે એમને સરદાર તરીકે અપનાવ્્યયા છે. આગ્રહ, દૃઢતા, હસતે મોોંએ \nશારીરિક દુઃખો સહન કરવાની અપાર શક્્તતિ, સંપૂર્્ણ નિર્્ભયતા, એ બધા \nમહા યોદ્ધાના ગુણો જે સરદારમાં પરાકાષ્ઠાએ જોવામાં આવે છે તે પિતાના \nસંયમમય અને આગ્રહી જીવનનો જ વારસો છે. એ ગુણો પિતાશ્રીમાં બીજરૂપે \nહશે તે એમનામાં વિકસીને ઉત્્કર્ષ પામ્્યયા. આ ઉપરાંત મોટાં તંત્ર અથવા \nસંગઠન રચવાની અને ચલાવવાની શક્્તતિ પણ એમનામાં જન્્મજાત છે. \nઅત્્યયારે આપણા સ્્વરાજનું તંત્ર ચલાવવામાં જે મુત્્સદ્દીગીરીનો જગતને પરિચય \nઆપી રહ્યા છે તે એમનામાં જન્્મજાત છે એમ કહેવું મુશ્્કકેલ છે. પણ \nચરોતરમાં ઘણા મુત્્સદ્દીઓ પાક્્યયા છે. તેમનામાં એક વિશિષ્ટ પ્રકારની, બહાદુરીવાળી \nમુત્્સદ્દીગીરી જોવામાં આવે છે તે સરદારમાં પણ ઊતરી આવી છે એમ \nકહી શકાય. સરદારને જેમ જેમ પ્રસંગો મળતા ગયા અને એમનું પ્રવૃત્તિક્ષેત્ર \nજેમ જેમ વિશાળ થતું ગયું તેમ તેમ એ ગુણ અથવા શક્્તતિ ખીલતાં ગયાં છે. \nએ બધા ગુણોનાં દર્્શન તો વાચક જેમ જેમ આ જીવનચરિત્ર વાંચતો જશે \nતેમ તેમ એને થશે.",
                "lines": [
                    "છે. એમની ધાર્મમિકતા, એમનો સંયમ, એમનો ત્્યયાગ, એમની તિતિક્ષા સાધુ ",
                    "સંતોનાં નહીીં પણ ક્ષત્રિય વીરનાં છે. એમનું વર્્ણન એક જ શબ્્દમાં કરવું ",
                    "હોય તો એમ જ કહેવું જોઈએ કે તે મહા યોદ્ધા છે, વીર સુભટ છે. તેથી જ ",
                    "લોકહૃદયે એમને સરદાર તરીકે અપનાવ્્યયા છે. આગ્રહ, દૃઢતા, હસતે મોોંએ ",
                    "શારીરિક દુઃખો સહન કરવાની અપાર શક્્તતિ, સંપૂર્્ણ નિર્્ભયતા, એ બધા ",
                    "મહા યોદ્ધાના ગુણો જે સરદારમાં પરાકાષ્ઠાએ જોવામાં આવે છે તે પિતાના ",
                    "સંયમમય અને આગ્રહી જીવનનો જ વારસો છે. એ ગુણો પિતાશ્રીમાં બીજરૂપે ",
                    "હશે તે એમનામાં વિકસીને ઉત્્કર્ષ પામ્્યયા. આ ઉપરાંત મોટાં તંત્ર અથવા ",
                    "સંગઠન રચવાની અને ચલાવવાની શક્્તતિ પણ એમનામાં જન્્મજાત છે. ",
                    "અત્્યયારે આપણા સ્્વરાજનું તંત્ર ચલાવવામાં જે મુત્્સદ્દીગીરીનો જગતને પરિચય ",
                    "આપી રહ્યા છે તે એમનામાં જન્્મજાત છે એમ કહેવું મુશ્્કકેલ છે. પણ ",
                    "ચરોતરમાં ઘણા મુત્્સદ્દીઓ પાક્્યયા છે. તેમનામાં એક વિશિષ્ટ પ્રકારની, બહાદુરીવાળી ",
                    "મુત્્સદ્દીગીરી જોવામાં આવે છે તે સરદારમાં પણ ઊતરી આવી છે એમ ",
                    "કહી શકાય. સરદારને જેમ જેમ પ્રસંગો મળતા ગયા અને એમનું પ્રવૃત્તિક્ષેત્ર ",
                    "જેમ જેમ વિશાળ થતું ગયું તેમ તેમ એ ગુણ અથવા શક્્તતિ ખીલતાં ગયાં છે. ",
                    "એ બધા ગુણોનાં દર્્શન તો વાચક જેમ જેમ આ જીવનચરિત્ર વાંચતો જશે ",
                    "તેમ તેમ એને થશે."
                ]
            },
            {
                "block_text": "સરદારને શારીરિક સહનશક્્તતિ અથવા તિતિક્ષા પણ વારસામાં મળેલી છે. \nવકીલાતનો અભ્્યયાસ કરતા ત્્યયારે પોતાના એક મિત્રની સાથે વાંચવા માટે બે\nમહિના બાકરોલ રહેલા. ત્્યાાં એમને કાખબિલાડી થઈ. ગામડામાં બીજા ઉપાયો \nતો શેના જડે? કોઈકે કહ્યુું કે ગામમાં અમુક વાળંદ છે તે નસ્્તર મૂકીને \nગમે તેવું ગૂમડું ફોડી નાખવામાં બહુ હોશિયાર છે તેને બોલાવો. વાળંદને \nબોલાવ્્યયો. તેણે નસ્્તર મૂકવા માટે સળિયો ધગધગતો કરીને કાખબિલાડીને \nલગાડ્યો પણ અંદરથી પરુનો બધો રોષ કાઢી નાખવાની તેની હિંમત ન ચાલી. \nસરદારે તેને કહ્યુું : “આમ જોયાં શું કરે છે? લાવ, તારાથી ન થાય તો હું \nકરુું.” એમ કહીને સળિયો હાથમાં લઈ તરત અંદર ખોસી દીધો અને અંદર \nચારે બાજુ ફેરવી બધું પરુ કાઢી નાખ્્યુું.",
                "lines": [
                    "સરદારને શારીરિક સહનશક્્તતિ અથવા તિતિક્ષા પણ વારસામાં મળેલી છે. ",
                    "વકીલાતનો અભ્્યયાસ કરતા ત્્યયારે પોતાના એક મિત્રની સાથે વાંચવા માટે બે",
                    "મહિના બાકરોલ રહેલા. ત્્યાાં એમને કાખબિલાડી થઈ. ગામડામાં બીજા ઉપાયો ",
                    "તો શેના જડે? કોઈકે કહ્યુું કે ગામમાં અમુક વાળંદ છે તે નસ્્તર મૂકીને ",
                    "ગમે તેવું ગૂમડું ફોડી નાખવામાં બહુ હોશિયાર છે તેને બોલાવો. વાળંદને ",
                    "બોલાવ્્યયો. તેણે નસ્્તર મૂકવા માટે સળિયો ધગધગતો કરીને કાખબિલાડીને ",
                    "લગાડ્યો પણ અંદરથી પરુનો બધો રોષ કાઢી નાખવાની તેની હિંમત ન ચાલી. ",
                    "સરદારે તેને કહ્યુું : “આમ જોયાં શું કરે છે? લાવ, તારાથી ન થાય તો હું ",
                    "કરુું.” એમ કહીને સળિયો હાથમાં લઈ તરત અંદર ખોસી દીધો અને અંદર ",
                    "ચારે બાજુ ફેરવી બધું પરુ કાઢી નાખ્્યુું."
                ]
            },
            {
                "block_text": "વિલાયતમાં ઘરમાલિક એક બાઈને ત્્યાાં તેઓ રહેતા. સને ૧૯૧૧ના મે \nમહિનામાં એક દિવસ નહાતી વેળાએ ચક્કર ખાઈને પડ્યા. પછી તો ખૂબ \nતાવ ચઢ્યો અને પગમાં વાળાનું દરદ માલૂમ પડ્યુું. ડૉ. પી. ટી. પટેલ, જેઓ \nપાછળથી મુંબઈ કૉર્પોરેશનમાં હતા તેઓ તે વખતે ત્્યાાં ભણતા હતા. તેમની \nસલાહથી એક નર્સિિંગ હોમમાં દાખલ થયા. ત્્યાાં ઑપરેશન કર્્યું. પણ સર્્જનને \nઆ દરદની બરાબર ખબર નહીીં એટલે વાળો પૂરેપૂરો બહાર ન નીકળ્યો. એણે‡",
                "lines": [
                    "વિલાયતમાં ઘરમાલિક એક બાઈને ત્્યાાં તેઓ રહેતા. સને ૧૯૧૧ના મે ",
                    "મહિનામાં એક દિવસ નહાતી વેળાએ ચક્કર ખાઈને પડ્યા. પછી તો ખૂબ ",
                    "તાવ ચઢ્યો અને પગમાં વાળાનું દરદ માલૂમ પડ્યુું. ડૉ. પી. ટી. પટેલ, જેઓ ",
                    "પાછળથી મુંબઈ કૉર્પોરેશનમાં હતા તેઓ તે વખતે ત્્યાાં ભણતા હતા. તેમની ",
                    "સલાહથી એક નર્સિિંગ હોમમાં દાખલ થયા. ત્્યાાં ઑપરેશન કર્્યું. પણ સર્્જનને ",
                    "આ દરદની બરાબર ખબર નહીીં એટલે વાળો પૂરેપૂરો બહાર ન નીકળ્યો. એણે‡"
                ]
            },
            {
                "block_text": "માતાપિતા\b\n૮",
                "lines": [
                    "માતાપિતા\b",
                    "૮"
                ]
            }
        ]
    }
}