{
    "page_number": 22,
    "right_column": {
        "blocks": [
            {
                "block_text": "બોરસદમાં વકીલાત કરતા ત્્યયારે મણિબહેનનો જન્્મ ૧૯૦૪ના એપ્રિલમાં \nઅને ડાહ્યાભાઈનો જન્્મ ૧૯૦૫ના નવેમ્્બરમાં થયેલો. બંને એમના મોસાળ \nગાનામાં જન્્મેલાં.",
                "lines": [
                    "બોરસદમાં વકીલાત કરતા ત્્યયારે મણિબહેનનો જન્્મ ૧૯૦૪ના એપ્રિલમાં ",
                    "અને ડાહ્યાભાઈનો જન્્મ ૧૯૦૫ના નવેમ્્બરમાં થયેલો. બંને એમના મોસાળ ",
                    "ગાનામાં જન્્મેલાં."
                ]
            },
            {
                "block_text": "સરદારને પાટીદાર ઢબની પાઘડી પહેરી મૅજિસ્્ટ્રરેટની કોર્ટોમાં વકીલાત \nકરતા કલ્્પવા અત્્યયારે બહુ મુશ્્કકેલ પડે ખરુું, પણ ગોધરામાં તેઓ એવી \nપાઘડી પહેરતા. તેમના એક સહાધ્્યયાયીએ મને કહેલું કે નડિયાદ હાઈસ્્કકૂલમાં \nભણતા ત્્યયારે એકબે વાર ટીખળ કરવાની ખાતર વર્્ગમાં પાઘડી પહેરીને \nગયેલા. બોરસદ ગયા પછી રેવન્્યૂ ખાતાના અમલદારો જે ઢબનો ફેેંટો તે \nવખતે અને ત્્યયાર પછી ઘણા વખત સુધી પહેરતા એવી ઢબનો કસબી \nકિનારવાળો સફેદ ફેેંટો પહેરતા.",
                "lines": [
                    "સરદારને પાટીદાર ઢબની પાઘડી પહેરી મૅજિસ્્ટ્રરેટની કોર્ટોમાં વકીલાત ",
                    "કરતા કલ્્પવા અત્્યયારે બહુ મુશ્્કકેલ પડે ખરુું, પણ ગોધરામાં તેઓ એવી ",
                    "પાઘડી પહેરતા. તેમના એક સહાધ્્યયાયીએ મને કહેલું કે નડિયાદ હાઈસ્્કકૂલમાં ",
                    "ભણતા ત્્યયારે એકબે વાર ટીખળ કરવાની ખાતર વર્્ગમાં પાઘડી પહેરીને ",
                    "ગયેલા. બોરસદ ગયા પછી રેવન્્યૂ ખાતાના અમલદારો જે ઢબનો ફેેંટો તે ",
                    "વખતે અને ત્્યયાર પછી ઘણા વખત સુધી પહેરતા એવી ઢબનો કસબી ",
                    "કિનારવાળો સફેદ ફેેંટો પહેરતા."
                ]
            },
            {
                "block_text": "વિઠ્ઠલભાઈ ૧૯૦૬ના આરંભમાં વિલાયત ગયા તે અઢી વર્ષમાં \nબૅરિસ્્ટર થઈ ૧૯૦૮ના મધ્્યમાં પાછા આવ્્યયા. તેમણે મુંબઈમાં વકીલાત શરૂ \nકરી અને ત્્યાાં ઘર માંડીને પત્્નની સાથે રહેવા માંડ્યુું. એટલામાં ઝવેરબા માંદાં \nપડ્્યાાં. તેમને આંતરડાંનો વ્્યયાધિ હતો. વિઠ્ઠલભાઈ ૧૯૦૮ની આખરમાં તેમને \nઉપચાર કરવા માટે મુંબઈ લઈ ગયા. સાથે મણિબહેન અને ડાહ્યાભાઈ પણ \nમુંબઈ ગયાં અને ત્્યયારથી એ વિઠ્ઠલભાઈની પાસે રહેવા લાગ્્યાાં. ઝવેરબાને \nઑપરેશન કરવું પડશે એમ દાક્્તરોની સલાહ થઈ. તે માટે એમને કામા \nહૉસ્્પપિટલમાં દાખલ કર્યાાં. સરદાર તે વખતે ત્્યાાં ગયેલા. પણ હૉસ્્પપિટલના \nદાક્્તરે જણાવ્્યુું કે બીજી રીતે તબિયત કાંઈક સુધરે એટલે પંદરેક દિવસ પછી \nઑપરેશન કરી શકાશે. ઑપરેશન કરવાનું નક્કી થાય ત્્યયારે મને બોલાવજો એમ \nકહી બીજે દિવસે આણંદ એક ખૂનનો બહુ અગત્્યનો કેસ હતો તે માટે સરદાર \nઆણંદ આવ્્યયા. પણ દાક્્તરનો વિચાર ફર્યો, તેને એકદમ ઑપરેશન કરવાની \nજરૂર લાગી. એટલે એણે તો સરદારને ખબર આપ્્યયા વિના વહેલું ઑપરેશન \nકરી નાખ્્યુું. સરદારને તાર મળ્યો કે, “ઑપરેશન સફળ થયું છે.” પણ \nબીજે જ દિવસે સ્્થથિતિ બગડી અને કોર્્ટમાં સરદાર કેસ ચલાવતા હતા ત્્યાાં \nઝવેરબા ગુજરી ગયાંના કારમા સમાચારનો તાર મળ્યો (તા. ૧૧–૧–૧૯૦૯).",
                "lines": [
                    "વિઠ્ઠલભાઈ ૧૯૦૬ના આરંભમાં વિલાયત ગયા તે અઢી વર્ષમાં ",
                    "બૅરિસ્્ટર થઈ ૧૯૦૮ના મધ્્યમાં પાછા આવ્્યયા. તેમણે મુંબઈમાં વકીલાત શરૂ ",
                    "કરી અને ત્્યાાં ઘર માંડીને પત્્નની સાથે રહેવા માંડ્યુું. એટલામાં ઝવેરબા માંદાં ",
                    "પડ્્યાાં. તેમને આંતરડાંનો વ્્યયાધિ હતો. વિઠ્ઠલભાઈ ૧૯૦૮ની આખરમાં તેમને ",
                    "ઉપચાર કરવા માટે મુંબઈ લઈ ગયા. સાથે મણિબહેન અને ડાહ્યાભાઈ પણ ",
                    "મુંબઈ ગયાં અને ત્્યયારથી એ વિઠ્ઠલભાઈની પાસે રહેવા લાગ્્યાાં. ઝવેરબાને ",
                    "ઑપરેશન કરવું પડશે એમ દાક્્તરોની સલાહ થઈ. તે માટે એમને કામા ",
                    "હૉસ્્પપિટલમાં દાખલ કર્યાાં. સરદાર તે વખતે ત્્યાાં ગયેલા. પણ હૉસ્્પપિટલના ",
                    "દાક્્તરે જણાવ્્યુું કે બીજી રીતે તબિયત કાંઈક સુધરે એટલે પંદરેક દિવસ પછી ",
                    "ઑપરેશન કરી શકાશે. ઑપરેશન કરવાનું નક્કી થાય ત્્યયારે મને બોલાવજો એમ ",
                    "કહી બીજે દિવસે આણંદ એક ખૂનનો બહુ અગત્્યનો કેસ હતો તે માટે સરદાર ",
                    "આણંદ આવ્્યયા. પણ દાક્્તરનો વિચાર ફર્યો, તેને એકદમ ઑપરેશન કરવાની ",
                    "જરૂર લાગી. એટલે એણે તો સરદારને ખબર આપ્્યયા વિના વહેલું ઑપરેશન ",
                    "કરી નાખ્્યુું. સરદારને તાર મળ્યો કે, “ઑપરેશન સફળ થયું છે.” પણ ",
                    "બીજે જ દિવસે સ્્થથિતિ બગડી અને કોર્્ટમાં સરદાર કેસ ચલાવતા હતા ત્્યાાં ",
                    "ઝવેરબા ગુજરી ગયાંના કારમા સમાચારનો તાર મળ્યો (તા. ૧૧–૧–૧૯૦૯)."
                ]
            },
            {
                "block_text": "સરદારને માટે આ પ્રસંગ અતિશય દુઃખનો અને તેની સાથે ધર્્મસંકટનો \nહતો. ખૂનનો કેસ હતો, આરોપી પ્રતિષ્ઠિત માણસ હતો. મહત્તત્વના સાક્ષીની \nસરદાર ઊલટતપાસ ચલાવી રહ્યા હતા. તે જ દિવસે કાળજીપૂર્્વક એ પૂરી ન \nથાય તો કેસ કથળે અને આરોપીને જીવનું જોખમ આવી પડે. કારણ ફાંસીની \nસજા થવાનો સંભવ હતો. એટલે આવો દુઃખદ તાર મળ્યા છતાં અતિશય દૃઢતા \nરાખી, કાળજું કઠણ કરી કામ પૂરુું કર્્યું. સાંજે કોર્્ટનું કામ પૂરુું થયે તારના \nસમાચાર બીજાઓને આપ્્યયા. છેલ્લી ઘડીએ પત્્નનીની મુલાકાત ન થઈ શકી",
                "lines": [
                    "સરદારને માટે આ પ્રસંગ અતિશય દુઃખનો અને તેની સાથે ધર્્મસંકટનો ",
                    "હતો. ખૂનનો કેસ હતો, આરોપી પ્રતિષ્ઠિત માણસ હતો. મહત્તત્વના સાક્ષીની ",
                    "સરદાર ઊલટતપાસ ચલાવી રહ્યા હતા. તે જ દિવસે કાળજીપૂર્્વક એ પૂરી ન ",
                    "થાય તો કેસ કથળે અને આરોપીને જીવનું જોખમ આવી પડે. કારણ ફાંસીની ",
                    "સજા થવાનો સંભવ હતો. એટલે આવો દુઃખદ તાર મળ્યા છતાં અતિશય દૃઢતા ",
                    "રાખી, કાળજું કઠણ કરી કામ પૂરુું કર્્યું. સાંજે કોર્્ટનું કામ પૂરુું થયે તારના ",
                    "સમાચાર બીજાઓને આપ્્યયા. છેલ્લી ઘડીએ પત્્નનીની મુલાકાત ન થઈ શકી"
                ]
            },
            {
                "block_text": "વકીલાત\b\n૨૨",
                "lines": [
                    "વકીલાત\b",
                    "૨૨"
                ]
            }
        ]
    }
}