{
    "page_number": 17,
    "right_column": {
        "blocks": [
            {
                "block_text": "કરીને જાતે જ પીરસે અને આગ્રહ કરી કરીને ખવડાવે, રસોડા ઉપર જાતે \nજ દેખરેખ રાખે, એ બધી વાતો હવે ઘણા જાણે છે.",
                "lines": [
                    "કરીને જાતે જ પીરસે અને આગ્રહ કરી કરીને ખવડાવે, રસોડા ઉપર જાતે ",
                    "જ દેખરેખ રાખે, એ બધી વાતો હવે ઘણા જાણે છે."
                ]
            },
            {
                "block_text": "આપણા હિંદુ સમાજમાં અને તે જમાનામાં વિદ્યાભ્્યયાસના કાળ \nદરમિયાન જ છોકરાનાં લગ્ન થઈ જાય એમાં કશી નવાઈ નહોતી. સરદારનાં \nલગ્ન એમની અઢાર વર્ષની ઉંમરે થયેલાં. એ તો કાંઈક મોટી ઉંમરે થયાં \nગણાય. એમનાં પત્્નની ઝવેરબાની ઉંમર તે વખતે બાર-તેર વર્ષની હશે. એ \nનજીકના જ ગાના ગામનાં હતાં. તે વખતે પરણ્્યયા પછી પાંચ-સાત વર્ષે સ્ત્રીઓ \nસાસરે આવે એવો રિવાજ હતો. એટલે સરદારનો ગૃહસ્્થથાશ્રમ વકીલ થયા \nપછી અથવા થોડો વખત પહેલાં શરૂ થયો.",
                "lines": [
                    "આપણા હિંદુ સમાજમાં અને તે જમાનામાં વિદ્યાભ્્યયાસના કાળ ",
                    "દરમિયાન જ છોકરાનાં લગ્ન થઈ જાય એમાં કશી નવાઈ નહોતી. સરદારનાં ",
                    "લગ્ન એમની અઢાર વર્ષની ઉંમરે થયેલાં. એ તો કાંઈક મોટી ઉંમરે થયાં ",
                    "ગણાય. એમનાં પત્્નની ઝવેરબાની ઉંમર તે વખતે બાર-તેર વર્ષની હશે. એ ",
                    "નજીકના જ ગાના ગામનાં હતાં. તે વખતે પરણ્્યયા પછી પાંચ-સાત વર્ષે સ્ત્રીઓ ",
                    "સાસરે આવે એવો રિવાજ હતો. એટલે સરદારનો ગૃહસ્્થથાશ્રમ વકીલ થયા ",
                    "પછી અથવા થોડો વખત પહેલાં શરૂ થયો."
                ]
            },
            {
                "block_text": "સમજણા થયા ત્્યયારથી જ પાટીદાર ન્્યયાતના પહેરામણી વગેરે રિવાજો \nપ્રત્્યયે એમને તિરસ્્કકાર હતો. પણ પોતાનો તિરસ્્કકાર સુધારાનો ઉપદેશ આપીને \nકે સુધારાનાં ભાષણ કરીને તેઓ વ્્યક્્ત કરતા નહીીં. ભાષણ કે ઉપદેશ કરતાં \nહાડોહાડ લાગી જાય એવાં તીખાં કટાક્ષ અને માર્મમિક ટીખળથી અસર \nપાડવાની તેમની પદ્ધતિ આજે પણ છે. કોઈની પહેરામણી લીધાંની વાત \nસાંભળે ત્્યયારે પૂછે કે, “આખલાના પાંચ હજાર ઊપજ્્યયા કે સાત હજાર?” \nપોતાના સગામાં જ એક છોકરાની સગાઈ કરતી વખતે પહેરામણીની રકમ \nઠરાવવાની વાટાઘાટો ચાલતી હતી ત્્યયારે કહે કે, “આ બધી ભાંજગડ છોડીને \nએ છોકરાને શુક્કરવારીમાં જ મૂકોને!”",
                "lines": [
                    "સમજણા થયા ત્્યયારથી જ પાટીદાર ન્્યયાતના પહેરામણી વગેરે રિવાજો ",
                    "પ્રત્્યયે એમને તિરસ્્કકાર હતો. પણ પોતાનો તિરસ્્કકાર સુધારાનો ઉપદેશ આપીને ",
                    "કે સુધારાનાં ભાષણ કરીને તેઓ વ્્યક્્ત કરતા નહીીં. ભાષણ કે ઉપદેશ કરતાં ",
                    "હાડોહાડ લાગી જાય એવાં તીખાં કટાક્ષ અને માર્મમિક ટીખળથી અસર ",
                    "પાડવાની તેમની પદ્ધતિ આજે પણ છે. કોઈની પહેરામણી લીધાંની વાત ",
                    "સાંભળે ત્્યયારે પૂછે કે, “આખલાના પાંચ હજાર ઊપજ્્યયા કે સાત હજાર?” ",
                    "પોતાના સગામાં જ એક છોકરાની સગાઈ કરતી વખતે પહેરામણીની રકમ ",
                    "ઠરાવવાની વાટાઘાટો ચાલતી હતી ત્્યયારે કહે કે, “આ બધી ભાંજગડ છોડીને ",
                    "એ છોકરાને શુક્કરવારીમાં જ મૂકોને!”"
                ]
            },
            {
                "block_text": "ભાષાના આવા પ્રયોગો કોઈ શિક્ષક પાસેથી કે ચોપડીમાંથી ક્્યાાંથી \nશિખાય? મેં આ પ્રકરણનું મથાળું વિદ્યાભ્્યયાસ એવું કર્્યું છે પણ પ્રકરણ \nવાંચ્્યયા પછી સહેજે જણાશે કે શાળાના ભણતરે અથવા તો શાળાના કોઈ \nશિક્ષકે એમના ઘડતરમાં ખાસ કશો ફાળો આપ્્યયો નથી; આપ્્યયો હોય તોપણ \nજૂજ, નજીવો. એમણે તો જે કાંઈ મેળવ્્યુું તે અગાઉ કહ્યુું તેમ ‘માંય માંય \nભણીને’, જાતે જ નિરીક્ષણ અને પરીક્ષણ કરીને મેળવ્્યુું છે. તેઓ પોતે \nએને ‘કોઠા વિદ્યા’ કહે છે. અનુભવથી મેળવેલી અને કોઠે જરેલી એટલે કે \nબરાબર પચાવેલી હોય તે જ ખરી વિદ્યા. એવી વિદ્યા તેઓ બાળપણથી જ \nભણતા આવ્્યયા છે અને હજી પણ ભણતા જ રહે છે. એ વિદ્યાનો અભ્્યયાસ \nકરતાં જેને આવડે છે, તેનો વિદ્યાભ્્યયાસ કદી પૂરો થતો જ નથી.",
                "lines": [
                    "ભાષાના આવા પ્રયોગો કોઈ શિક્ષક પાસેથી કે ચોપડીમાંથી ક્્યાાંથી ",
                    "શિખાય? મેં આ પ્રકરણનું મથાળું વિદ્યાભ્્યયાસ એવું કર્્યું છે પણ પ્રકરણ ",
                    "વાંચ્્યયા પછી સહેજે જણાશે કે શાળાના ભણતરે અથવા તો શાળાના કોઈ ",
                    "શિક્ષકે એમના ઘડતરમાં ખાસ કશો ફાળો આપ્્યયો નથી; આપ્્યયો હોય તોપણ ",
                    "જૂજ, નજીવો. એમણે તો જે કાંઈ મેળવ્્યુું તે અગાઉ કહ્યુું તેમ ‘માંય માંય ",
                    "ભણીને’, જાતે જ નિરીક્ષણ અને પરીક્ષણ કરીને મેળવ્્યુું છે. તેઓ પોતે ",
                    "એને ‘કોઠા વિદ્યા’ કહે છે. અનુભવથી મેળવેલી અને કોઠે જરેલી એટલે કે ",
                    "બરાબર પચાવેલી હોય તે જ ખરી વિદ્યા. એવી વિદ્યા તેઓ બાળપણથી જ ",
                    "ભણતા આવ્્યયા છે અને હજી પણ ભણતા જ રહે છે. એ વિદ્યાનો અભ્્યયાસ ",
                    "કરતાં જેને આવડે છે, તેનો વિદ્યાભ્્યયાસ કદી પૂરો થતો જ નથી."
                ]
            },
            {
                "block_text": "વિદ્યાભ્\b\n૧૭",
                "lines": [
                    "વિદ્યાભ્\b",
                    "૧૭"
                ]
            }
        ]
    }
}