{
    "page_number": 20,
    "right_column": {
        "blocks": [
            {
                "block_text": "આણંદ જિલ્લાનું મધ્્ય સ્્થળ હોવાથી આખા જિલ્લાના કેસ ત્્યાાં ચલાવવામાં \nસાક્ષીઓને પણ જવા-આવવાની અનુકૂળતા થશે. આ ઉપરથી કોર્્ટ આણંદ \nખસેડવામાં આવી. સરદાર પણ પોતાનો મુકામ બોરસદથી ઉપાડી આણંદ \nલઈ ગયા. પરિણામ એ આવ્્યુું કે જિલ્લાના ઘણા કેસ છૂટી જવા લાગ્્યયા. \nઆખરે એક વર્ષમાં થાકીને કોર્્ટ પાછી બોરસદ લઈ જવામાં આવી.",
                "lines": [
                    "આણંદ જિલ્લાનું મધ્્ય સ્્થળ હોવાથી આખા જિલ્લાના કેસ ત્્યાાં ચલાવવામાં ",
                    "સાક્ષીઓને પણ જવા-આવવાની અનુકૂળતા થશે. આ ઉપરથી કોર્્ટ આણંદ ",
                    "ખસેડવામાં આવી. સરદાર પણ પોતાનો મુકામ બોરસદથી ઉપાડી આણંદ ",
                    "લઈ ગયા. પરિણામ એ આવ્્યુું કે જિલ્લાના ઘણા કેસ છૂટી જવા લાગ્્યયા. ",
                    "આખરે એક વર્ષમાં થાકીને કોર્્ટ પાછી બોરસદ લઈ જવામાં આવી."
                ]
            },
            {
                "block_text": "સરદારની વકીલાતમાં કાયદાની બારીકીઓની ઝીણી છણાવટના કરતાં \nતેમનું ઊંડું વ્્યવહારજ્ઞાન, માનવસ્્વભાવની સૂક્ષષ્મ પારખ, સાક્ષીની ઊલટતપાસની \nઅજબ કુનેહ અને પુરાવાને છણવાની ભારે શક્્તતિ, એ ગુણોએ વધારે ભાગ \nલીધો છે. દીવાની કેસ તો તેઓ ભાગ્્યયેજ લેતા. એ વિશે પૂછતાં તેમણે કહેલું : \n“થોડા વખતમાં વધારેમાં વધારે કમાઈ શકાય એવા જ કેસો હું લેતો, દીવાની \nકેસો બહુ ઓછા અને તે પણ જેમાં કાયદાની ગલીકૂંચીઓમાં ઊતરવાનું હોય તેવા \nન લઉં, પણ પુરાવાની સામે પુરાવા રજૂ કરવાના હોય અથવા સામા પક્ષના \nઆખા પુરાવા ઉડાવી દેવાના હોય તેવા જ કેસો લેતો.” ફોજદારી વકીલ \nતરીકે તેમની પ્રતિષ્ઠા ખૂબ જામી અને થોડા જ વખતમાં આખા ખેડા \nજિલ્લામાં તેમની હાક વાગતી થઈ. ઘણા ફોજદારી વકીલો, મૅજિસ્્ટ્રરેટનો મિજાજ \nસાચવીને તથા પોલીસ અધિકારીઓ સાથે દોસ્્તતી રાખીને પોતાનું કામ ચલાવે \nછે. પણ સરદારની એ રીત નહોતી. મૅજિસ્્ટ્રરેટની કે પોલીસ અધિકારીઓની \nરજ પણ મુરવ્્વત તેઓ કદી રાખતા નહીીં. પોતાના કેસની ઝીણામાં ઝીણી \nવિગતનો પાકો અભ્્યયાસ કરી, ફરિયાદ પક્ષના નબળા મુદ્દા શોધી કાઢી ઉઘાડા \nપાડવામાં તથા ફરિયાદ પક્ષે ઊભા કરેલા સાક્ષીઓને ઊલટતપાસમાં તોડી પાડવામાં \nતેમની ખૂબી રહેતી. આ કામ એટલી સુંદર રીતે તેઓ કરતા કે પુરાવા \nલેવાઈ રહ્યા પછી તેમને ઝાઝું દલીલ કરવાપણું પણ રહેતું નહીીં. કોર્્ટમાં તેમનાં \nદલીલનાં ભાષણ બીજા વકીલોને મુકાબલે બહુ ટૂંકાં, સીધાં અને મુદ્દાસર થતાં. \nપ્રજાને ત્રાસ આપનારા પોલીસ અધિકારીઓ તથા વકીલોનું અપમાન કરનારા \nઅને તેમને ધમકાવનારા મૅજિસ્્ટ્રરેટને તેઓ પાંશરાદોર રાખતા. સરદાર જે \nકેસમાં વકીલ તરીકે આવે તેમાં કોર્્ટને તેમજ ફરિયાદ પક્ષના વકીલને બહુ \nસાવધ રહેવુ પડતું.",
                "lines": [
                    "સરદારની વકીલાતમાં કાયદાની બારીકીઓની ઝીણી છણાવટના કરતાં ",
                    "તેમનું ઊંડું વ્્યવહારજ્ઞાન, માનવસ્્વભાવની સૂક્ષષ્મ પારખ, સાક્ષીની ઊલટતપાસની ",
                    "અજબ કુનેહ અને પુરાવાને છણવાની ભારે શક્્તતિ, એ ગુણોએ વધારે ભાગ ",
                    "લીધો છે. દીવાની કેસ તો તેઓ ભાગ્્યયેજ લેતા. એ વિશે પૂછતાં તેમણે કહેલું : ",
                    "“થોડા વખતમાં વધારેમાં વધારે કમાઈ શકાય એવા જ કેસો હું લેતો, દીવાની ",
                    "કેસો બહુ ઓછા અને તે પણ જેમાં કાયદાની ગલીકૂંચીઓમાં ઊતરવાનું હોય તેવા ",
                    "ન લઉં, પણ પુરાવાની સામે પુરાવા રજૂ કરવાના હોય અથવા સામા પક્ષના ",
                    "આખા પુરાવા ઉડાવી દેવાના હોય તેવા જ કેસો લેતો.” ફોજદારી વકીલ ",
                    "તરીકે તેમની પ્રતિષ્ઠા ખૂબ જામી અને થોડા જ વખતમાં આખા ખેડા ",
                    "જિલ્લામાં તેમની હાક વાગતી થઈ. ઘણા ફોજદારી વકીલો, મૅજિસ્્ટ્રરેટનો મિજાજ ",
                    "સાચવીને તથા પોલીસ અધિકારીઓ સાથે દોસ્્તતી રાખીને પોતાનું કામ ચલાવે ",
                    "છે. પણ સરદારની એ રીત નહોતી. મૅજિસ્્ટ્રરેટની કે પોલીસ અધિકારીઓની ",
                    "રજ પણ મુરવ્્વત તેઓ કદી રાખતા નહીીં. પોતાના કેસની ઝીણામાં ઝીણી ",
                    "વિગતનો પાકો અભ્્યયાસ કરી, ફરિયાદ પક્ષના નબળા મુદ્દા શોધી કાઢી ઉઘાડા ",
                    "પાડવામાં તથા ફરિયાદ પક્ષે ઊભા કરેલા સાક્ષીઓને ઊલટતપાસમાં તોડી પાડવામાં ",
                    "તેમની ખૂબી રહેતી. આ કામ એટલી સુંદર રીતે તેઓ કરતા કે પુરાવા ",
                    "લેવાઈ રહ્યા પછી તેમને ઝાઝું દલીલ કરવાપણું પણ રહેતું નહીીં. કોર્્ટમાં તેમનાં ",
                    "દલીલનાં ભાષણ બીજા વકીલોને મુકાબલે બહુ ટૂંકાં, સીધાં અને મુદ્દાસર થતાં. ",
                    "પ્રજાને ત્રાસ આપનારા પોલીસ અધિકારીઓ તથા વકીલોનું અપમાન કરનારા ",
                    "અને તેમને ધમકાવનારા મૅજિસ્્ટ્રરેટને તેઓ પાંશરાદોર રાખતા. સરદાર જે ",
                    "કેસમાં વકીલ તરીકે આવે તેમાં કોર્્ટને તેમજ ફરિયાદ પક્ષના વકીલને બહુ ",
                    "સાવધ રહેવુ પડતું."
                ]
            },
            {
                "block_text": "બોરસદ આવ્્યયા પછી ત્રણ જ વર્ષમાં વિલાયત જવાના પૈસા પાસે \nથઈ ગયા એટલે જવાની તૈયારી કરવા માંડી. પહેલાં તો વિલાયત જવાનો એક \nમનોરથ જ હતો પણ હવે તો બીજું એક સંગીન કારણ પણ મળ્યુું. ભારે \nકેસોમાં જ્્યાાં અસીલ પૈસાપાત્ર હોય ત્્યાાં એ સરદારને વકીલ કરે તોપણ મનમાં \nઅધીરાઈ રહે તેથી અમદાવાદથી બૅરિસ્્ટર લઈ આવે. મૅજિસ્્ટ્રરેટોની સામે",
                "lines": [
                    "બોરસદ આવ્્યયા પછી ત્રણ જ વર્ષમાં વિલાયત જવાના પૈસા પાસે ",
                    "થઈ ગયા એટલે જવાની તૈયારી કરવા માંડી. પહેલાં તો વિલાયત જવાનો એક ",
                    "મનોરથ જ હતો પણ હવે તો બીજું એક સંગીન કારણ પણ મળ્યુું. ભારે ",
                    "કેસોમાં જ્્યાાં અસીલ પૈસાપાત્ર હોય ત્્યાાં એ સરદારને વકીલ કરે તોપણ મનમાં ",
                    "અધીરાઈ રહે તેથી અમદાવાદથી બૅરિસ્્ટર લઈ આવે. મૅજિસ્્ટ્રરેટોની સામે"
                ]
            },
            {
                "block_text": "વકીલાત\b\n૨૦",
                "lines": [
                    "વકીલાત\b",
                    "૨૦"
                ]
            }
        ]
    }
}