{
    "page_number": 21,
    "right_column": {
        "blocks": [
            {
                "block_text": "રોફબંધ બોલીને અને ધમપછાડા કરીને પોતાની હોશિયારી દેખાડનારા \nએ ત્રણ બૅરિસ્્ટરો ખેડા જિલ્લામાં સારા જામી ગયા હતા. તેઓ સરદાર કરતાં \nવધારે ફીઓ લેતા. સરદાર જુએ કે કેસ ચલાવવાની આવડત-હોશિયારીમાં \nતો આ લોકો પોતાની જરાયે તોલે આવે એવા નથી. છતાં એવા બૅરિસ્્ટરોને \nફી વધારે મળે અને એમના જ મદદનીશ તરીકે કોર્્ટમાં બેસવું પડે \nએ એમને માથાના ઘા જેવું લાગતું. પોતે જ બૅરિસ્્ટર થઈ આવે તો આ \nબધા બૅરિસ્્ટરોને ક્્યાાંય આંટી દે એની એમને ખાતરી હતી. એટલે સને \n૧૯૦૫માં એમણે વિલાયત જવાનો નિશ્ચય પાકો કરી નાખ્્યયો. વિલાયત જવા \nમાટે સ્્ટટીમર વગેરેની ગોઠવણ કરવા ટૉમસ કૂક ઍન્્ડ સન્્સ કંપની સાથે \nપત્રવ્્યવહાર ચલાવ્્યયો. પણ એક નાનો અકસ્્મમાત એવો બન્્યયો જેથી સરદારને \nબદલે વિઠ્ઠલભાઈ પહેલાં વિલાયત ગયા. બધું નક્કી થયાનો છેલ્લો જે જવાબ \nઆવ્્યયો તે બંને ભાઈ અંગ્રેજીમાં વી. જે. પટેલ કહેવાય તે ઉપરથી વિઠ્ઠલભાઈના \nહાથમાં આવ્્યયો. વિઠ્ઠલભાઈએ સરદારને કહ્યુું : “હું તમારાથી મોટો, માટે મને \nજવા દો. મારા આવ્્યયા પછી તમને જવાની તક મળશે, પણ તમારા આવ્્યયા \nપછી મારાથી નહીીં જવાય.” વિઠ્ઠલભાઈની વાત સરદારે માન્્ય રાખી એટલું \nજ નહીીં, પણ એમનું વિલાયતનું ખર્્ચ પણ મોકલવાનું માથે લીધું. ઘરમાં કે \nબીજા કોઈને ખબર આપ્્યયા વગર બંને ભાઈઓ અસીલના કામનું બહાનું \nબતાવી મુંબઈ ગયા અને વિઠ્ઠલભાઈ વિલાયત ઊપડ્યા.",
                "lines": [
                    "રોફબંધ બોલીને અને ધમપછાડા કરીને પોતાની હોશિયારી દેખાડનારા ",
                    "એ ત્રણ બૅરિસ્્ટરો ખેડા જિલ્લામાં સારા જામી ગયા હતા. તેઓ સરદાર કરતાં ",
                    "વધારે ફીઓ લેતા. સરદાર જુએ કે કેસ ચલાવવાની આવડત-હોશિયારીમાં ",
                    "તો આ લોકો પોતાની જરાયે તોલે આવે એવા નથી. છતાં એવા બૅરિસ્્ટરોને ",
                    "ફી વધારે મળે અને એમના જ મદદનીશ તરીકે કોર્્ટમાં બેસવું પડે ",
                    "એ એમને માથાના ઘા જેવું લાગતું. પોતે જ બૅરિસ્્ટર થઈ આવે તો આ ",
                    "બધા બૅરિસ્્ટરોને ક્્યાાંય આંટી દે એની એમને ખાતરી હતી. એટલે સને ",
                    "૧૯૦૫માં એમણે વિલાયત જવાનો નિશ્ચય પાકો કરી નાખ્્યયો. વિલાયત જવા ",
                    "માટે સ્્ટટીમર વગેરેની ગોઠવણ કરવા ટૉમસ કૂક ઍન્્ડ સન્્સ કંપની સાથે ",
                    "પત્રવ્્યવહાર ચલાવ્્યયો. પણ એક નાનો અકસ્્મમાત એવો બન્્યયો જેથી સરદારને ",
                    "બદલે વિઠ્ઠલભાઈ પહેલાં વિલાયત ગયા. બધું નક્કી થયાનો છેલ્લો જે જવાબ ",
                    "આવ્્યયો તે બંને ભાઈ અંગ્રેજીમાં વી. જે. પટેલ કહેવાય તે ઉપરથી વિઠ્ઠલભાઈના ",
                    "હાથમાં આવ્્યયો. વિઠ્ઠલભાઈએ સરદારને કહ્યુું : “હું તમારાથી મોટો, માટે મને ",
                    "જવા દો. મારા આવ્્યયા પછી તમને જવાની તક મળશે, પણ તમારા આવ્્યયા ",
                    "પછી મારાથી નહીીં જવાય.” વિઠ્ઠલભાઈની વાત સરદારે માન્્ય રાખી એટલું ",
                    "જ નહીીં, પણ એમનું વિલાયતનું ખર્્ચ પણ મોકલવાનું માથે લીધું. ઘરમાં કે ",
                    "બીજા કોઈને ખબર આપ્્યયા વગર બંને ભાઈઓ અસીલના કામનું બહાનું ",
                    "બતાવી મુંબઈ ગયા અને વિઠ્ઠલભાઈ વિલાયત ઊપડ્યા."
                ]
            },
            {
                "block_text": "સરદાર બોરસદ પાછા આવ્્યયા ત્્યયારે વિઠ્ઠલભાઈના ગયાની બધાંને ખબર \nપડી. વિઠ્ઠલભાઈનાં પત્્નનીએ ખૂબ કંકાસ માંડ્યો. અત્્યયાર સુધી બોરસદમાં \nબંને ભાઈઓ જુદા રહેતા, પણ વિઠ્ઠલભાઈના ગયા પછી સરદારે ભાભીને \nપોતાને ત્્યાાં રહેવા બોલાવ્્યાાં. ભાભીનાં ભાઈભાભી વિઠ્ઠલભાઈને ત્્યાાં રહેતાં \nએમને પણ સરદારે પોતાને ઘેર રાખ્્યાાં. વિઠ્ઠલભાઈનાં પત્્નનીએ તો માનતાઓ \nમાનવા માંડી, બાધા-આખડીઓ કરવા માંડી અને બ્રાહ્મણો જમાડવા માંડ્યા \nઅને એવું ખોટું ખર્્ચ કરવા માંડ્યુું. તે સરદારે જરા પણ કચવાયા વિના \nબધું સહન કર્્યું. પણ દેરાણી-જેઠાણીને રોજ ઝઘડા થવા માંડ્યા અને ઘરમાં \nજબરો ક્્લલેશ પેઠો. ભાઈ પરદેશ ગયેલા હોઈ સરદારે ભાભીને કશું ન કહેતાં \nપોતાનાં પત્્નની ઝવેરબાને પિયર મોકલી દીધાં તે વિઠ્ઠલભાઈ પાછા આવ્્યયા ત્્યાાં \nસુધી એટલે બેએક વરસ તેઓ પિયર જ રહ્્યાાં. આમ સરદારને માથે ઘરનું \nખર્્ચ વધ્્યુું, દર મહિને વિલાયત રકમ મોકલવાનું ખર્્ચ વધ્્યુું અને ઝવેરબાને \nપિયર રાખવાં પડ્્યાાં તે તો વધારામાં. પણ સરદારે આ વિશે કોઈની આગળ \nવરાળ સરખી કાઢી નથી. ખર્્ચ વધ્્યુું તેની તો એમને જરાયે પરવા જ ન હતી. \nવકીલાતનો ધંધો પ્રતિ વર્ષ વધતો જ જતો હતો.",
                "lines": [
                    "સરદાર બોરસદ પાછા આવ્્યયા ત્્યયારે વિઠ્ઠલભાઈના ગયાની બધાંને ખબર ",
                    "પડી. વિઠ્ઠલભાઈનાં પત્્નનીએ ખૂબ કંકાસ માંડ્યો. અત્્યયાર સુધી બોરસદમાં ",
                    "બંને ભાઈઓ જુદા રહેતા, પણ વિઠ્ઠલભાઈના ગયા પછી સરદારે ભાભીને ",
                    "પોતાને ત્્યાાં રહેવા બોલાવ્્યાાં. ભાભીનાં ભાઈભાભી વિઠ્ઠલભાઈને ત્્યાાં રહેતાં ",
                    "એમને પણ સરદારે પોતાને ઘેર રાખ્્યાાં. વિઠ્ઠલભાઈનાં પત્્નનીએ તો માનતાઓ ",
                    "માનવા માંડી, બાધા-આખડીઓ કરવા માંડી અને બ્રાહ્મણો જમાડવા માંડ્યા ",
                    "અને એવું ખોટું ખર્્ચ કરવા માંડ્યુું. તે સરદારે જરા પણ કચવાયા વિના ",
                    "બધું સહન કર્્યું. પણ દેરાણી-જેઠાણીને રોજ ઝઘડા થવા માંડ્યા અને ઘરમાં ",
                    "જબરો ક્્લલેશ પેઠો. ભાઈ પરદેશ ગયેલા હોઈ સરદારે ભાભીને કશું ન કહેતાં ",
                    "પોતાનાં પત્્નની ઝવેરબાને પિયર મોકલી દીધાં તે વિઠ્ઠલભાઈ પાછા આવ્્યયા ત્્યાાં ",
                    "સુધી એટલે બેએક વરસ તેઓ પિયર જ રહ્્યાાં. આમ સરદારને માથે ઘરનું ",
                    "ખર્્ચ વધ્્યુું, દર મહિને વિલાયત રકમ મોકલવાનું ખર્્ચ વધ્્યુું અને ઝવેરબાને ",
                    "પિયર રાખવાં પડ્્યાાં તે તો વધારામાં. પણ સરદારે આ વિશે કોઈની આગળ ",
                    "વરાળ સરખી કાઢી નથી. ખર્્ચ વધ્્યુું તેની તો એમને જરાયે પરવા જ ન હતી. ",
                    "વકીલાતનો ધંધો પ્રતિ વર્ષ વધતો જ જતો હતો."
                ]
            },
            {
                "block_text": "વકીલાત\b\n૨૧",
                "lines": [
                    "વકીલાત\b",
                    "૨૧"
                ]
            }
        ]
    }
}