{
    "page_number": 6,
    "right_column": {
        "blocks": [
            {
                "block_text": "એમને રાજભા કહેતું. શા ઉપરથી એમ કહેવાતા હશે તે મને ખબર આપનાર \nકહી શકતા નથી.",
                "lines": [
                    "એમને રાજભા કહેતું. શા ઉપરથી એમ કહેવાતા હશે તે મને ખબર આપનાર ",
                    "કહી શકતા નથી."
                ]
            },
            {
                "block_text": "મહાદેવભાઈ એ ‘વીર વલ્લભભાઈ’માં નોોંધ્્યુું છે કે, “પિતાશ્રીએ નાનપણમાં \n’૫૭ના બળવામાં ઝાંસીની રાણીના પ્રદેશમાં ભાગ લીધેલો. એબે ત્રણ વર્ષ \nસુધી ઘેર એમનો પત્તો જ નહોતો લાગ્્યયો. મલ્્હહારરાવ હોલકરે એમને કેદ \nકર્યયા હતા. કેદ કરી પોતાની સામે બાંધી રાખી એક વાર મલ્્હહારરાવ શેતરંજ \nરમતા હતા. શેતરંજમાં રાજા ખોટી ચાલ ચાલતા જાય ત્્યાાં ઝવેરભાઈ કહેતા \nજાય : ‘રાજા, ફલાણું મહોરુું આમ ચલાવો.’ મલ્્હહારરાવ ચકિત થઈ ગયેલા \nઅને કેદીને છોડી મિત્ર કરેલા.” બોરસદ તથા નડિયાદમાં હું સરદારના કેટલાક \nસમવયસ્્કકોને મળેલો. તેમણે મને કહ્યુું કે અમને આ વાતનું સ્્મરણ નથી. પણ \nએ અરસામાં તેઓ કરમસદ છોડીને બહારગામ ઘણું કરીને ઇન્્દદોર તરફ \nકોઈને કહ્યા વિના ચાલ્્યયા ગયેલા ખરા. એટલે મહાદેવભાઈની વાત બરાબર \nહોવાનો સંભવ છે.",
                "lines": [
                    "મહાદેવભાઈ એ ‘વીર વલ્લભભાઈ’માં નોોંધ્્યુું છે કે, “પિતાશ્રીએ નાનપણમાં ",
                    "’૫૭ના બળવામાં ઝાંસીની રાણીના પ્રદેશમાં ભાગ લીધેલો. એબે ત્રણ વર્ષ ",
                    "સુધી ઘેર એમનો પત્તો જ નહોતો લાગ્્યયો. મલ્્હહારરાવ હોલકરે એમને કેદ ",
                    "કર્યયા હતા. કેદ કરી પોતાની સામે બાંધી રાખી એક વાર મલ્્હહારરાવ શેતરંજ ",
                    "રમતા હતા. શેતરંજમાં રાજા ખોટી ચાલ ચાલતા જાય ત્્યાાં ઝવેરભાઈ કહેતા ",
                    "જાય : ‘રાજા, ફલાણું મહોરુું આમ ચલાવો.’ મલ્્હહારરાવ ચકિત થઈ ગયેલા ",
                    "અને કેદીને છોડી મિત્ર કરેલા.” બોરસદ તથા નડિયાદમાં હું સરદારના કેટલાક ",
                    "સમવયસ્્કકોને મળેલો. તેમણે મને કહ્યુું કે અમને આ વાતનું સ્્મરણ નથી. પણ ",
                    "એ અરસામાં તેઓ કરમસદ છોડીને બહારગામ ઘણું કરીને ઇન્્દદોર તરફ ",
                    "કોઈને કહ્યા વિના ચાલ્્યયા ગયેલા ખરા. એટલે મહાદેવભાઈની વાત બરાબર ",
                    "હોવાનો સંભવ છે."
                ]
            },
            {
                "block_text": "સરદારનું મોસાળ નડિયાદમાં દેસાઈ વગામાં છે. તેમનો જન્્મ પણ ત્્યાાં જ \nથયેલો. એમના આજા — માના બાપ — નું નામ જીજીભાઈ વસ્્તતાભાઈ દેસાઈ \nઅને મામાનું નામ ડુંગરભાઈ. એમની આર્થથિક સ્્થથિતિ ઝવેરભાઈના પ્રમાણમાં \nસારી હતી. વિઠ્ઠલભાઈનો અંગ્રેજી વિદ્યાભ્્યયાસ બધો મોસાળમાં જ થયેલો અને \nસરદાર પણ હાઈસ્્કકૂલનાં ત્રણેક વર્ષ નડિયાદ રહેલા. પણ તે મોસાળમાં ન \nરહેતાં, પોતાના વિદ્યાર્થીમિત્રોની એક અલગ ક્્લબ કાઢીને તેમાં રહેલા. માતુશ્રી \nલાડબાઈ નરમ અને સુશીલ સ્્વભાવનાં હતાં. ધર ચલાવવામાં બહુ કુશળ \nહતાં. સ્્થથિતિ ગરીબ હતી છતાં મહેમાન-પરોણા સારી રીતે સાચવતાં. કોઈ \nસાથે તકરારમાં ઊતરવાનું તો એમના સ્્વભાવમાં જ નહોતું. સેવાભાવી વૃત્તિનાં \nહતાં. પાડોશીનું પણ કામ કરી છૂટે. આસપાસનાં સૌનો પ્રેમ સંપાદન કરવાની \nશક્્તતિ એમનામાં સહજ હતી. વહુઓને પણ બહુ સારી રીતે રાખતાં. નાના \nદીકરા કાશીભાઈ વિધુર થયા પછી એમનું ઘર સંભાળતાં, અને છોકરાંને \nસાચવતાં. લગભગ પંચાશી વર્ષની ઉંમરે સને ૧૯૩૨માં ગુજરી ગયાં ત્્યાાં સુધી \nકાશીભાઈ બધું તૈયાર કરી આપે અને એ બેઠાં બેઠાં રાંધી જમાડે, એ પ્રમાણે \nઘરનું કામ કર્્યું. ગાંધીજીએ રેેંટિયો કાઢ્યો ત્્યયાર પછી તો નવરાશ મળે કે \nતરત રેેંટિયો લઈને બેસતાં. પિતાશ્રી પણ પંચાશી વર્ષની જ ઉંમરે સને \n૧૯૧૪માં ગુજરી ગયેલા. આમ માતાપિતા વચ્્ચચે ઉંમરમાં અઢાર વર્ષનું \nઅંતર હતું. આનું કારણ એ છે કે પિતાશ્રીનું પહેલું લગ્ન સુણાવ ગામમાં \nથયેલું. પણ પહેલાં પત્્નની નિઃસંતાન ગુજરી ગયેલાં. માતુશ્રી લાડબાઈ બીજી \nવારનાં હતાં.",
                "lines": [
                    "સરદારનું મોસાળ નડિયાદમાં દેસાઈ વગામાં છે. તેમનો જન્્મ પણ ત્્યાાં જ ",
                    "થયેલો. એમના આજા — માના બાપ — નું નામ જીજીભાઈ વસ્્તતાભાઈ દેસાઈ ",
                    "અને મામાનું નામ ડુંગરભાઈ. એમની આર્થથિક સ્્થથિતિ ઝવેરભાઈના પ્રમાણમાં ",
                    "સારી હતી. વિઠ્ઠલભાઈનો અંગ્રેજી વિદ્યાભ્્યયાસ બધો મોસાળમાં જ થયેલો અને ",
                    "સરદાર પણ હાઈસ્્કકૂલનાં ત્રણેક વર્ષ નડિયાદ રહેલા. પણ તે મોસાળમાં ન ",
                    "રહેતાં, પોતાના વિદ્યાર્થીમિત્રોની એક અલગ ક્્લબ કાઢીને તેમાં રહેલા. માતુશ્રી ",
                    "લાડબાઈ નરમ અને સુશીલ સ્્વભાવનાં હતાં. ધર ચલાવવામાં બહુ કુશળ ",
                    "હતાં. સ્્થથિતિ ગરીબ હતી છતાં મહેમાન-પરોણા સારી રીતે સાચવતાં. કોઈ ",
                    "સાથે તકરારમાં ઊતરવાનું તો એમના સ્્વભાવમાં જ નહોતું. સેવાભાવી વૃત્તિનાં ",
                    "હતાં. પાડોશીનું પણ કામ કરી છૂટે. આસપાસનાં સૌનો પ્રેમ સંપાદન કરવાની ",
                    "શક્્તતિ એમનામાં સહજ હતી. વહુઓને પણ બહુ સારી રીતે રાખતાં. નાના ",
                    "દીકરા કાશીભાઈ વિધુર થયા પછી એમનું ઘર સંભાળતાં, અને છોકરાંને ",
                    "સાચવતાં. લગભગ પંચાશી વર્ષની ઉંમરે સને ૧૯૩૨માં ગુજરી ગયાં ત્્યાાં સુધી ",
                    "કાશીભાઈ બધું તૈયાર કરી આપે અને એ બેઠાં બેઠાં રાંધી જમાડે, એ પ્રમાણે ",
                    "ઘરનું કામ કર્્યું. ગાંધીજીએ રેેંટિયો કાઢ્યો ત્્યયાર પછી તો નવરાશ મળે કે ",
                    "તરત રેેંટિયો લઈને બેસતાં. પિતાશ્રી પણ પંચાશી વર્ષની જ ઉંમરે સને ",
                    "૧૯૧૪માં ગુજરી ગયેલા. આમ માતાપિતા વચ્્ચચે ઉંમરમાં અઢાર વર્ષનું ",
                    "અંતર હતું. આનું કારણ એ છે કે પિતાશ્રીનું પહેલું લગ્ન સુણાવ ગામમાં ",
                    "થયેલું. પણ પહેલાં પત્્નની નિઃસંતાન ગુજરી ગયેલાં. માતુશ્રી લાડબાઈ બીજી ",
                    "વારનાં હતાં."
                ]
            },
            {
                "block_text": "માતાપિતા\b\n૬",
                "lines": [
                    "માતાપિતા\b",
                    "૬"
                ]
            }
        ]
    }
}