{
    "page_number": 7,
    "right_column": {
        "blocks": [
            {
                "block_text": "સરદાર ભાંડુમાં પાંચ ભાઈ અને એક બહેન. બુદ્ધિપ્રભાવ અને સ્્વભાવ \nઉપરથી જોતાં એમ કહી શકાય કે સૌથી મોટા સોમાભાઈ અને સૌથી નાના \nકાશીભાઈમાં માના ગુણ વધારે ઊતર્યાાં હશે અને બીજા, ત્રીજા અને ચોથા —  \nનરસિંહભાઈ, વિઠ્ઠલભાઈ અને સરદાર, એમનામાં આપના ગુણ વધારે ઊતર્યાાં \nહશે. નરસિંહભાઈ અંગ્રેજી ભણ્્યયા ન હતા. તેમણે કરમસદમાં ખેડૂત તરીકે જ \nજીવન પૂરુું કર્્યું. તેમને વિશે સરદાર ઘણી વાર કહે છે કે, એ અંગ્રેજી ભણ્્યયા \nનહીીં અને ગામ બહાર નીકળ્યા નહીીં એટલે પ્રસિદ્ધિમાં આવ્્યયા નહીીં; બાકી \nબુદ્ધિપ્રભાવ અને વ્્યવહારકુશળતામાં વિઠ્ઠલભાઈને અને મને તો ક્્યાાંય ટપી \nજાય એવા હતા. બહેન ડાહીબા સૌથી નાનાં. તેઓ નામ પ્રમાણે જ બહુ \nડાહ્્યાાં, ઠરેલ અને વિવેકી હતાં. સઘળા ભાઈઓનાં એ બહુ લાડકાં હતાં. \nસરદારનો એમની ઉપર સવિશેષ પ્રેમ હતો. એ સને ૧૯૧૬ના ફેબ્રુઆરીમાં \nગુજરી ગયાં.",
                "lines": [
                    "સરદાર ભાંડુમાં પાંચ ભાઈ અને એક બહેન. બુદ્ધિપ્રભાવ અને સ્્વભાવ ",
                    "ઉપરથી જોતાં એમ કહી શકાય કે સૌથી મોટા સોમાભાઈ અને સૌથી નાના ",
                    "કાશીભાઈમાં માના ગુણ વધારે ઊતર્યાાં હશે અને બીજા, ત્રીજા અને ચોથા —  ",
                    "નરસિંહભાઈ, વિઠ્ઠલભાઈ અને સરદાર, એમનામાં આપના ગુણ વધારે ઊતર્યાાં ",
                    "હશે. નરસિંહભાઈ અંગ્રેજી ભણ્્યયા ન હતા. તેમણે કરમસદમાં ખેડૂત તરીકે જ ",
                    "જીવન પૂરુું કર્્યું. તેમને વિશે સરદાર ઘણી વાર કહે છે કે, એ અંગ્રેજી ભણ્્યયા ",
                    "નહીીં અને ગામ બહાર નીકળ્યા નહીીં એટલે પ્રસિદ્ધિમાં આવ્્યયા નહીીં; બાકી ",
                    "બુદ્ધિપ્રભાવ અને વ્્યવહારકુશળતામાં વિઠ્ઠલભાઈને અને મને તો ક્્યાાંય ટપી ",
                    "જાય એવા હતા. બહેન ડાહીબા સૌથી નાનાં. તેઓ નામ પ્રમાણે જ બહુ ",
                    "ડાહ્્યાાં, ઠરેલ અને વિવેકી હતાં. સઘળા ભાઈઓનાં એ બહુ લાડકાં હતાં. ",
                    "સરદારનો એમની ઉપર સવિશેષ પ્રેમ હતો. એ સને ૧૯૧૬ના ફેબ્રુઆરીમાં ",
                    "ગુજરી ગયાં."
                ]
            },
            {
                "block_text": "માતાપિતાનાં ધર્્મપરાયણ અને સંયમમય જીવનનો વારસો સરદારને પૂરતા \nપ્રમાણમાં મળ્યો છે. સાધારણ પ્રચલિત અર્્થમાં સરદારને ભાગ્્યયેજ કોઈ \nધાર્મમિક માણસ કહે. પણ એમની અનન્્ય શ્રદ્ધા કે જે કાળે અને જે સ્્થળે \nઈશ્વર આપણને ઉપાડી લેવા ઇચ્્છતો હોય છે તેમાં માણસ ગમે તેટલા ધમપછાડા \nકરે છતાં મીનમેખ ફેરફાર થઈ શકતો નથી અને તેથી મૃત્્યયુનો જરા પણ \nડર નહીીં. એટલું જ નહીીં, પણ પ્રાપ્ત સંજોગોમાં શરીર સાચવવા માટે શક્્ય \nતેટલી કાળજી લીધા પછી માંદગી કે મૃત્્યયુ વિશે બેપરવાઈ; જે કામ હાથમાં \nલીધું હોય તે પાર પાડવા તનતોડ પ્રયત્્ન કર્યયા પછી પરિણામ વિશે નિશ્્ચિંતતા; \nજે સાથીઓ ઉપર વિશ્વાસ મૂક્્યયો, પછી તે પોતાથી મોટા હોય કે નાના હોય, \nતેમના ખોળામાં માથું મૂકી દેવાની પૂરેપૂરી તત્્પરતા; એ બધું ધર્્મપરાયણતામાં \nગણાતું હોય તો એવી ધર્્મપરાયણતા એમનામાં પૂરેપૂરી છે. ધાર્મમિક વૃત્તિના \nમાણસમાં જે સંયમ હાય છે, એનું જે તિતિક્ષામય અને તપોમય જીવન \nહોય છે એની સરદાર કદી ધાલાવેલી દેખાડતા નથી. છતાં એવા જીવન માટે \nપ્રયત્્ન કરનારા, તે માટે પ્રાર્્થના કરનારા અને વિવિધ વ્રતો આચરનારા કરતાં \nઅનાયાસે જ એમનું જીવન ઓછું સંયમમય, તિતિક્ષામય કે તપોમય નથી. \nઆ વસ્્તતુને હું માતાપિતા તરફથી મળેલો ધાર્મમિક વારસો ગણું છું. બહાર દેખાય \nકે નહીીં પણ વનમાં ઊંડે ઊંડે ધાર્મમિકતા અથવા કોઈ મંગળ સ્્વરૂપ એવી અદૃષ્ટ \nશક્્તતિ વિશે શ્રદ્ધા, એનો ઝરો વહેતો હોય તો જ નિઃસ્્વવાર્્થ સેવાવૃત્તિ અને કશી \nગણતરી કર્યયા વિના શરીરને ઘસી નાખવાની ઉત્્કટતા આવે છે. હા, સરદારની \nધાર્મમિકતા પ્રચલિત કરતાં જુદા પ્રકારની, વિશિષ્ટ સ્્વરૂપની ગણાય. પૌરાણિક \nપરિભાષા વાપરીએ તો એમ કહી શકાય કે સરદાર બ્રહ્મર્્ષષિ નહીીં પણ રાજર્્ષષિ",
                "lines": [
                    "માતાપિતાનાં ધર્્મપરાયણ અને સંયમમય જીવનનો વારસો સરદારને પૂરતા ",
                    "પ્રમાણમાં મળ્યો છે. સાધારણ પ્રચલિત અર્્થમાં સરદારને ભાગ્્યયેજ કોઈ ",
                    "ધાર્મમિક માણસ કહે. પણ એમની અનન્્ય શ્રદ્ધા કે જે કાળે અને જે સ્્થળે ",
                    "ઈશ્વર આપણને ઉપાડી લેવા ઇચ્્છતો હોય છે તેમાં માણસ ગમે તેટલા ધમપછાડા ",
                    "કરે છતાં મીનમેખ ફેરફાર થઈ શકતો નથી અને તેથી મૃત્્યયુનો જરા પણ ",
                    "ડર નહીીં. એટલું જ નહીીં, પણ પ્રાપ્ત સંજોગોમાં શરીર સાચવવા માટે શક્્ય ",
                    "તેટલી કાળજી લીધા પછી માંદગી કે મૃત્્યયુ વિશે બેપરવાઈ; જે કામ હાથમાં ",
                    "લીધું હોય તે પાર પાડવા તનતોડ પ્રયત્્ન કર્યયા પછી પરિણામ વિશે નિશ્્ચિંતતા; ",
                    "જે સાથીઓ ઉપર વિશ્વાસ મૂક્્યયો, પછી તે પોતાથી મોટા હોય કે નાના હોય, ",
                    "તેમના ખોળામાં માથું મૂકી દેવાની પૂરેપૂરી તત્્પરતા; એ બધું ધર્્મપરાયણતામાં ",
                    "ગણાતું હોય તો એવી ધર્્મપરાયણતા એમનામાં પૂરેપૂરી છે. ધાર્મમિક વૃત્તિના ",
                    "માણસમાં જે સંયમ હાય છે, એનું જે તિતિક્ષામય અને તપોમય જીવન ",
                    "હોય છે એની સરદાર કદી ધાલાવેલી દેખાડતા નથી. છતાં એવા જીવન માટે ",
                    "પ્રયત્્ન કરનારા, તે માટે પ્રાર્્થના કરનારા અને વિવિધ વ્રતો આચરનારા કરતાં ",
                    "અનાયાસે જ એમનું જીવન ઓછું સંયમમય, તિતિક્ષામય કે તપોમય નથી. ",
                    "આ વસ્્તતુને હું માતાપિતા તરફથી મળેલો ધાર્મમિક વારસો ગણું છું. બહાર દેખાય ",
                    "કે નહીીં પણ વનમાં ઊંડે ઊંડે ધાર્મમિકતા અથવા કોઈ મંગળ સ્્વરૂપ એવી અદૃષ્ટ ",
                    "શક્્તતિ વિશે શ્રદ્ધા, એનો ઝરો વહેતો હોય તો જ નિઃસ્્વવાર્્થ સેવાવૃત્તિ અને કશી ",
                    "ગણતરી કર્યયા વિના શરીરને ઘસી નાખવાની ઉત્્કટતા આવે છે. હા, સરદારની ",
                    "ધાર્મમિકતા પ્રચલિત કરતાં જુદા પ્રકારની, વિશિષ્ટ સ્્વરૂપની ગણાય. પૌરાણિક ",
                    "પરિભાષા વાપરીએ તો એમ કહી શકાય કે સરદાર બ્રહ્મર્્ષષિ નહીીં પણ રાજર્્ષષિ"
                ]
            },
            {
                "block_text": "માતાપિતા\b\n૭",
                "lines": [
                    "માતાપિતા\b",
                    "૭"
                ]
            }
        ]
    }
}