{
    "page_number": 4,
    "right_column": {
        "blocks": [
            {
                "block_text": "“મહારાજ ઉપર વળી વૉરંટ કેવું? એ તો પુરુષોત્તમ ભગવાનનો \nઅવતાર કહેવાય. આપણને સૌને આ ભવમાંથી છોડાવનારા. એમને પકડનારા \nકોણ હોય?”",
                "lines": [
                    "“મહારાજ ઉપર વળી વૉરંટ કેવું? એ તો પુરુષોત્તમ ભગવાનનો ",
                    "અવતાર કહેવાય. આપણને સૌને આ ભવમાંથી છોડાવનારા. એમને પકડનારા ",
                    "કોણ હોય?”"
                ]
            },
            {
                "block_text": "“અત્્યયારે તારુું આ ટીખળ જવા દે. મેં પાકે પાયે સાંભળ્યુું છે કે \nવડતાલ અને બોચાસણનાં મંદિરોના કબજા સંબંધી તકરાર થઈ છે અને તેમાં \nઆપણા મહારાજ ઉપર પણ વૉરંટ નીકળ્યુું છે. તારે એ વૉરંટ રદ કરાવવું \nજ પડશે. મહારાજને પકડે તો તો મારી સાથે તારી પણ આબરૂ જાય.”",
                "lines": [
                    "“અત્્યયારે તારુું આ ટીખળ જવા દે. મેં પાકે પાયે સાંભળ્યુું છે કે ",
                    "વડતાલ અને બોચાસણનાં મંદિરોના કબજા સંબંધી તકરાર થઈ છે અને તેમાં ",
                    "આપણા મહારાજ ઉપર પણ વૉરંટ નીકળ્યુું છે. તારે એ વૉરંટ રદ કરાવવું ",
                    "જ પડશે. મહારાજને પકડે તો તો મારી સાથે તારી પણ આબરૂ જાય.”"
                ]
            },
            {
                "block_text": "“આબરૂ શું કામ આપણી જાય? એવાં કરમ કરે તેની જાય. પણ હું \nતપાસ કરીશ. એમ વૉરંટ શેનાં નીકળે છે? મારાથી થઈ શકે તે બધું કરીશ.”",
                "lines": [
                    "“આબરૂ શું કામ આપણી જાય? એવાં કરમ કરે તેની જાય. પણ હું ",
                    "તપાસ કરીશ. એમ વૉરંટ શેનાં નીકળે છે? મારાથી થઈ શકે તે બધું કરીશ.”"
                ]
            },
            {
                "block_text": "પછી જરા ગંભીર થઈને પણ નમ્રતાથી પિતાશ્રીને જણાવ્્યુું : “તમે \nહવે છોડો આ સાધુઓને. જેઓ આવા પ્રપંચ કરે છે, કજિયા કરી કોર્ટે ચઢે \nછે, પોતાનું જેઓ આ ભવમાં રક્ષણ કરી શકતા નથી તે આપણને આવતા \nભવમાં શું તારવાના હતા અને આપણા શો ઉદ્ધાર કરવાના હતા?”",
                "lines": [
                    "પછી જરા ગંભીર થઈને પણ નમ્રતાથી પિતાશ્રીને જણાવ્્યુું : “તમે ",
                    "હવે છોડો આ સાધુઓને. જેઓ આવા પ્રપંચ કરે છે, કજિયા કરી કોર્ટે ચઢે ",
                    "છે, પોતાનું જેઓ આ ભવમાં રક્ષણ કરી શકતા નથી તે આપણને આવતા ",
                    "ભવમાં શું તારવાના હતા અને આપણા શો ઉદ્ધાર કરવાના હતા?”"
                ]
            },
            {
                "block_text": "“એ બધી પંચાત આપણે શું કામ કરીએ? પણ જો, તારે એટલું \nધ્્યયાનમાં રાખવાનું કે મહારાજ ઉપર વૉરંટ નીકળ્યુું હોય તો એ રદ થવું જ \nજોઈએ.” એમ કહી પિતાશ્રી ઑફિસમાંથી ચાલ્્યયા ગયા.",
                "lines": [
                    "“એ બધી પંચાત આપણે શું કામ કરીએ? પણ જો, તારે એટલું ",
                    "ધ્્યયાનમાં રાખવાનું કે મહારાજ ઉપર વૉરંટ નીકળ્યુું હોય તો એ રદ થવું જ ",
                    "જોઈએ.” એમ કહી પિતાશ્રી ઑફિસમાંથી ચાલ્્યયા ગયા."
                ]
            },
            {
                "block_text": "પિતાશ્રી સ્્વવામીનારાયણના મહાભક્્ત હતા. પાછલી અવસ્્થથામાં તો સૂવા \nબેસવાનું પણ ગામના સ્્વવામીનારાયણ મંદિરમાં જ રાખ્્યુું હતું. એક વેળા \nજમતા અને જમવા માટે જ ઘેર આવતા. તેઓ ૧૯૧૪ના માર્્ચ માસમાં \nલગભગ પંચાશી વર્ષની વયે ગુજરી ગયા ત્્યાાં સુધી દર પૂનમે વડતાલ જવાનું \nએક્કે વાર ચૂક્્યયા નથી. સરદાર પણ અનેક વાર વડતાલ ગયેલા. સત્તર વર્ષના \nથયા ત્્યાાં સુધી પિતાશ્રી પાસે કરમસદમાં જ રહેલા અને ત્્યાાં સુધી નિરાહારી \nઅને કોઈ કોઈ વાર નિર્્જળા એકાદશી વિનાની ભાગ્્યયેજ કાઈ એકાદશી ગઈ \nહશે. આમ સ્્વવામીનારાયણ સંપ્રદાયમાં ઊછરેલા હોવા છતાં એ સંપ્રદાય તરફ \nએમણે ખાસ શ્રદ્ધા સેવી નથી. આગળ ભણવા માટે કરમસદ છોડ્યુું. તેની જ \nસાથે એનાં વ્રતયાત્રાદિ પણ છોડ્્યાાં. સહજાનંદ સ્્વવામી અને એમના સંપ્રદાય વિશે \nવાત કરતાં અગાઉના સાધુઓના પવિત્ર જીવનની સરદાર બહુ તારીફ કરે છે \nઅને ઘણાં સામાન્્ય માણસોનાં — પછાત કોમનાં બિનકેળવાયેલા માણસોનાં — \nજીવન સુધારવામાં સંપ્રદાયે સારો ફાળો આપ્્યયો એમ પણ તેઓ સ્્વવીકારે છે. \nપણ પાછળથી એ સંપ્રદાયમાં સ્્વવાર્્થ અને લોભે પ્રવેશ કર્યો અને સંપ્રદાયનો \nસુધારક જુસ્્સસો જતો રહ્યો એમ તેઓ જણાવે છે.",
                "lines": [
                    "પિતાશ્રી સ્્વવામીનારાયણના મહાભક્્ત હતા. પાછલી અવસ્્થથામાં તો સૂવા ",
                    "બેસવાનું પણ ગામના સ્્વવામીનારાયણ મંદિરમાં જ રાખ્્યુું હતું. એક વેળા ",
                    "જમતા અને જમવા માટે જ ઘેર આવતા. તેઓ ૧૯૧૪ના માર્્ચ માસમાં ",
                    "લગભગ પંચાશી વર્ષની વયે ગુજરી ગયા ત્્યાાં સુધી દર પૂનમે વડતાલ જવાનું ",
                    "એક્કે વાર ચૂક્્યયા નથી. સરદાર પણ અનેક વાર વડતાલ ગયેલા. સત્તર વર્ષના ",
                    "થયા ત્્યાાં સુધી પિતાશ્રી પાસે કરમસદમાં જ રહેલા અને ત્્યાાં સુધી નિરાહારી ",
                    "અને કોઈ કોઈ વાર નિર્્જળા એકાદશી વિનાની ભાગ્્યયેજ કાઈ એકાદશી ગઈ ",
                    "હશે. આમ સ્્વવામીનારાયણ સંપ્રદાયમાં ઊછરેલા હોવા છતાં એ સંપ્રદાય તરફ ",
                    "એમણે ખાસ શ્રદ્ધા સેવી નથી. આગળ ભણવા માટે કરમસદ છોડ્યુું. તેની જ ",
                    "સાથે એનાં વ્રતયાત્રાદિ પણ છોડ્્યાાં. સહજાનંદ સ્્વવામી અને એમના સંપ્રદાય વિશે ",
                    "વાત કરતાં અગાઉના સાધુઓના પવિત્ર જીવનની સરદાર બહુ તારીફ કરે છે ",
                    "અને ઘણાં સામાન્્ય માણસોનાં — પછાત કોમનાં બિનકેળવાયેલા માણસોનાં — ",
                    "જીવન સુધારવામાં સંપ્રદાયે સારો ફાળો આપ્્યયો એમ પણ તેઓ સ્્વવીકારે છે. ",
                    "પણ પાછળથી એ સંપ્રદાયમાં સ્્વવાર્્થ અને લોભે પ્રવેશ કર્યો અને સંપ્રદાયનો ",
                    "સુધારક જુસ્્સસો જતો રહ્યો એમ તેઓ જણાવે છે."
                ]
            },
            {
                "block_text": "ઉપર વર્્ણવેલા પ્રસંગની હકીકત એવી છે કે એક યજ્ઞપુરુષોત્તમદાસજી \nનામના સાધુ, જે વિદ્વાન બ્રાહ્મણ હોઈ શાસ્ત્રીજી કહેવાતા તેમણે વડતાલની",
                "lines": [
                    "ઉપર વર્્ણવેલા પ્રસંગની હકીકત એવી છે કે એક યજ્ઞપુરુષોત્તમદાસજી ",
                    "નામના સાધુ, જે વિદ્વાન બ્રાહ્મણ હોઈ શાસ્ત્રીજી કહેવાતા તેમણે વડતાલની"
                ]
            },
            {
                "block_text": "માતાપિતા\b\n૪",
                "lines": [
                    "માતાપિતા\b",
                    "૪"
                ]
            }
        ]
    }
}