{
    "page_number": 24,
    "right_column": {
        "blocks": [
            {
                "block_text": "કે કેમ તેની બાતમી મેળવવા તેણે ખૂબ મહેનત કરવા માંડી. આ વાતની \nખબર પડતાં સરદારની સલાહથી આરોપીએ જાતે જ સુપરિન્્ટટેન્્ડડેન્્ટને \nમળીને કહ્યુું કે, “તમે નકામી મહેનત શું કામ કરો છો? હું પોતે કબૂલ કરુું છું \nકે મને પ્રથમ એક વાર નવ માસની સજા થયેલી અને બધો વખત ‘સૉલિટરી \nકન્્ફફાઇનમેન્્ટ’ — એકાંત કેદમાં રાખવામાં આવેલો. પણ એને તો ઘણો વખત \nથઈ ગયો. ત્રીસ વરસ પહેલાં એ સજા ભોગવેલી. એટલે એનું કશું મહત્તત્વ ન \nગણી શકાય.” આ હકીકતની પેલા સુપરિન્્ટટેન્્ડડેન્્ટટે ચાર્્જશીટ ઉપર નોોંધ કરી \nદીધી અને કેસ કોર્્ટમાં મોકલ્્યયો. જ્્યયારે કેસ નીકળ્યો ત્્યયારે સરદાર માંદા પડી \nગયેલા હોવાથી આરોપી તરફથી કેસ ચલાવવા માટે તેમને બદલે વિઠ્ઠલભાઈ \nગયા હતા. સરકારી વકીલ સાથે તેમને ખૂબ બોલાચાલી અને તકરાર થઈ. ધારી \nમૂક્્યુું હતું તે પ્રમાણે મૅજિસ્્ટ્રરેટે તો આરોપીને ગુનેગાર ઠરાવી તેને છ માસની \nસખત કેદની સજા કરી અને જજમેન્્ટમાં વિઠ્ઠલભાઈની વિરુદ્ધ કડક ટીકાઓ કરી. \nઆ કેસની અપીલ સરદારે અમદાવાદ સેશન્્સ કોર્્ટમાં દાખલ કરાવી. આરોપીને \nજામીન પર છોડવાની અરજી કરવા ત્્યાાંના એક મશહૂર બૅરિસ્્ટરને રોક્્યયા. \nસરકાર તરફથી જામીન પર છોડવા માટે સખત વિરોધ કરવામાં આવ્્યયો. પેલા \nસરકારી વકીલે કેસના મહત્તત્વ ઉપર ખાસ ભાર મૂકી જામીનઅરજી રદ \nકરાવી. એટલે સરદારે અપીલની સુનાવણી તરત જ કરવાની માગણી કરી, \nતે મંજૂર થઈ અને બે કે ત્રણ દિવસમાં અપીલની સુનાવણી રાખવામાં આવી. \nઆવા કેસો ભાગ્્યયેજ પકડાય છે અને આરોપી પોલીસનો અમલદાર છે એ \nવાત પર વારંવાર ભાર મૂકી કેસ ખૂબ નબળો હોવા છતાં સરકારી વકીલ જોસથી \nદલીલ કરતા હતા. બચાવ પક્ષના બૅરિસ્્ટર એમ દલીલ કરતા હતા કે ગુનો \nસાબિત ન થાય ત્્યાાં સુધી આરોપી કોણ છે એ વાત લક્ષમાં ન લેવાય. જજનું \nમન ડામાડોળ થતું હતું. સરકારી વકીલે વધુમાં એ દલીલ કરી કે આ \nઆરોપીને અગાઉ નવ માસની સજા થઈ ગયેલી છે એ વાત લક્ષમાં લેવી \nજોઈએ. એમ કહીને ચાર્્જશીટ ઉપરની એ વિશેની નોોંધ જજને બતાવી. \nઆ સાંભળીને બચાવ પક્ષના બૅરિસ્્ટર તો સ્્તબ્્ધ થઈ ગયા, અને જજે એમનો \nખુલાસો પૂછ્યો એટલે એ તો સરદાર ઉપર ખૂબ ગુસ્્સસે થયા અને કહેવા લાગ્્યયા \nકે આ વાતની પ્રથમથી જ મને જાણ કરી હોત તો અપીલ ન કરવાની સલાહ \nઆપત. એમ કહીને તેઓ તો બેસી ગયા. આરોપીનું ભવિષ્્ય ત્રાજવામાં તોળાઈ \nરહ્યુું હતું. કેસ રસાકસીનો હોવાથી આખી કોર્્ટ ચિકાર ભરાઈ ગઈ હતી. તે વખતે \nસરદારે ઊભા થઈ કોર્્ટને વિનંતી કરી કે આરોપીને અગાઉ સજા થયાનો પુરાવો \nઅમને બતાવવો જોઈએ. જજે પેલી નોોંધ સરદારને જોવા આપવાનો હુકમ \nકર્યો. સરકારી વકીલ ગુસ્્સસે થઈને દલીલ કરવા લાગ્્યયા કે આરોપીએ પોતે કબૂલ",
                "lines": [
                    "કે કેમ તેની બાતમી મેળવવા તેણે ખૂબ મહેનત કરવા માંડી. આ વાતની ",
                    "ખબર પડતાં સરદારની સલાહથી આરોપીએ જાતે જ સુપરિન્્ટટેન્્ડડેન્્ટને ",
                    "મળીને કહ્યુું કે, “તમે નકામી મહેનત શું કામ કરો છો? હું પોતે કબૂલ કરુું છું ",
                    "કે મને પ્રથમ એક વાર નવ માસની સજા થયેલી અને બધો વખત ‘સૉલિટરી ",
                    "કન્્ફફાઇનમેન્્ટ’ — એકાંત કેદમાં રાખવામાં આવેલો. પણ એને તો ઘણો વખત ",
                    "થઈ ગયો. ત્રીસ વરસ પહેલાં એ સજા ભોગવેલી. એટલે એનું કશું મહત્તત્વ ન ",
                    "ગણી શકાય.” આ હકીકતની પેલા સુપરિન્્ટટેન્્ડડેન્્ટટે ચાર્્જશીટ ઉપર નોોંધ કરી ",
                    "દીધી અને કેસ કોર્્ટમાં મોકલ્્યયો. જ્્યયારે કેસ નીકળ્યો ત્્યયારે સરદાર માંદા પડી ",
                    "ગયેલા હોવાથી આરોપી તરફથી કેસ ચલાવવા માટે તેમને બદલે વિઠ્ઠલભાઈ ",
                    "ગયા હતા. સરકારી વકીલ સાથે તેમને ખૂબ બોલાચાલી અને તકરાર થઈ. ધારી ",
                    "મૂક્્યુું હતું તે પ્રમાણે મૅજિસ્્ટ્રરેટે તો આરોપીને ગુનેગાર ઠરાવી તેને છ માસની ",
                    "સખત કેદની સજા કરી અને જજમેન્્ટમાં વિઠ્ઠલભાઈની વિરુદ્ધ કડક ટીકાઓ કરી. ",
                    "આ કેસની અપીલ સરદારે અમદાવાદ સેશન્્સ કોર્્ટમાં દાખલ કરાવી. આરોપીને ",
                    "જામીન પર છોડવાની અરજી કરવા ત્્યાાંના એક મશહૂર બૅરિસ્્ટરને રોક્્યયા. ",
                    "સરકાર તરફથી જામીન પર છોડવા માટે સખત વિરોધ કરવામાં આવ્્યયો. પેલા ",
                    "સરકારી વકીલે કેસના મહત્તત્વ ઉપર ખાસ ભાર મૂકી જામીનઅરજી રદ ",
                    "કરાવી. એટલે સરદારે અપીલની સુનાવણી તરત જ કરવાની માગણી કરી, ",
                    "તે મંજૂર થઈ અને બે કે ત્રણ દિવસમાં અપીલની સુનાવણી રાખવામાં આવી. ",
                    "આવા કેસો ભાગ્્યયેજ પકડાય છે અને આરોપી પોલીસનો અમલદાર છે એ ",
                    "વાત પર વારંવાર ભાર મૂકી કેસ ખૂબ નબળો હોવા છતાં સરકારી વકીલ જોસથી ",
                    "દલીલ કરતા હતા. બચાવ પક્ષના બૅરિસ્્ટર એમ દલીલ કરતા હતા કે ગુનો ",
                    "સાબિત ન થાય ત્્યાાં સુધી આરોપી કોણ છે એ વાત લક્ષમાં ન લેવાય. જજનું ",
                    "મન ડામાડોળ થતું હતું. સરકારી વકીલે વધુમાં એ દલીલ કરી કે આ ",
                    "આરોપીને અગાઉ નવ માસની સજા થઈ ગયેલી છે એ વાત લક્ષમાં લેવી ",
                    "જોઈએ. એમ કહીને ચાર્્જશીટ ઉપરની એ વિશેની નોોંધ જજને બતાવી. ",
                    "આ સાંભળીને બચાવ પક્ષના બૅરિસ્્ટર તો સ્્તબ્્ધ થઈ ગયા, અને જજે એમનો ",
                    "ખુલાસો પૂછ્યો એટલે એ તો સરદાર ઉપર ખૂબ ગુસ્્સસે થયા અને કહેવા લાગ્્યયા ",
                    "કે આ વાતની પ્રથમથી જ મને જાણ કરી હોત તો અપીલ ન કરવાની સલાહ ",
                    "આપત. એમ કહીને તેઓ તો બેસી ગયા. આરોપીનું ભવિષ્્ય ત્રાજવામાં તોળાઈ ",
                    "રહ્યુું હતું. કેસ રસાકસીનો હોવાથી આખી કોર્્ટ ચિકાર ભરાઈ ગઈ હતી. તે વખતે ",
                    "સરદારે ઊભા થઈ કોર્્ટને વિનંતી કરી કે આરોપીને અગાઉ સજા થયાનો પુરાવો ",
                    "અમને બતાવવો જોઈએ. જજે પેલી નોોંધ સરદારને જોવા આપવાનો હુકમ ",
                    "કર્યો. સરકારી વકીલ ગુસ્્સસે થઈને દલીલ કરવા લાગ્્યયા કે આરોપીએ પોતે કબૂલ"
                ]
            },
            {
                "block_text": "વકીલાત\b\n૨૪",
                "lines": [
                    "વકીલાત\b",
                    "૨૪"
                ]
            }
        ]
    }
}