{
    "page_number": 18,
    "right_column": {
        "blocks": [
            {
                "block_text": "૩\nવકીલાત\nસરદારે વકીલાતની શરૂઆત ગોધરામાં કરી. નડિયાદમાં મોટા મોટા \nવકીલોએ પોતાની સાથે રહીને વકીલાત કરવા એમને નોતરેલા. પેલા ડુંગરભાઈ \nમૂળજીભાઈ તો સરકારી વકીલ હતા. તેમણે પોતાની સાથે રહી વકીલાત કરવા \nખૂબ જ આગ્રહ કર્યો પણ એમણે સ્્વતંત્ર રહેવાની ખાતર ગોધરાનું નાનકડું \nક્ષેત્ર પસંદ કર્્યું. ગોધરા પસંદ કરવાનું એક બીજું કારણ એ પણ લાગે છે \nકે વિઠ્ઠલભાઈ ૧૮૯૫માં વકીલ થયા પછી ગોધરામાં જ વકીલાત કરતા હતા \nઅને થોડા વખત પહેલાં જ બોરસદ ગયા હતા, એટલે એમની ઓળખાણનો \nઅને લાગવગનો લાભ મળે. વિઠ્ઠલભાઈએ તો પોતાની સાથે બોરસદ રહેવાનો \nજ આગ્રહ કર્યો હતો. પણ બીજાની છાયા નીચે રહેવાથી માણસની પોતાની \nશક્્તતિ પૂરેપૂરી ખીલી શકતી નથી એ વિચારના હોવાથી સરદારે પોતાના જ \nપગ પર ઊભા રહેવાનો નિર્્ણય કર્યો. ગોધરે ગયા ત્્યયારે એમની પાસે કાંઈ જ \nસાધન નહોતું. ઘર માંડવા માટે જોઈતાં વાસણકૂસણ અને બીજું રાચરચીલું \nપણ સસ્્તુું મળે માટે નડિયાદની ગુજરીમાંથી અને તેય દેવું કરીને ખરીદેલું. \nઆમ જીવનની શરૂઆત બહુ સંકોચમાં કરી.",
                "lines": [
                    "૩",
                    "વકીલાત",
                    "સરદારે વકીલાતની શરૂઆત ગોધરામાં કરી. નડિયાદમાં મોટા મોટા ",
                    "વકીલોએ પોતાની સાથે રહીને વકીલાત કરવા એમને નોતરેલા. પેલા ડુંગરભાઈ ",
                    "મૂળજીભાઈ તો સરકારી વકીલ હતા. તેમણે પોતાની સાથે રહી વકીલાત કરવા ",
                    "ખૂબ જ આગ્રહ કર્યો પણ એમણે સ્્વતંત્ર રહેવાની ખાતર ગોધરાનું નાનકડું ",
                    "ક્ષેત્ર પસંદ કર્્યું. ગોધરા પસંદ કરવાનું એક બીજું કારણ એ પણ લાગે છે ",
                    "કે વિઠ્ઠલભાઈ ૧૮૯૫માં વકીલ થયા પછી ગોધરામાં જ વકીલાત કરતા હતા ",
                    "અને થોડા વખત પહેલાં જ બોરસદ ગયા હતા, એટલે એમની ઓળખાણનો ",
                    "અને લાગવગનો લાભ મળે. વિઠ્ઠલભાઈએ તો પોતાની સાથે બોરસદ રહેવાનો ",
                    "જ આગ્રહ કર્યો હતો. પણ બીજાની છાયા નીચે રહેવાથી માણસની પોતાની ",
                    "શક્્તતિ પૂરેપૂરી ખીલી શકતી નથી એ વિચારના હોવાથી સરદારે પોતાના જ ",
                    "પગ પર ઊભા રહેવાનો નિર્્ણય કર્યો. ગોધરે ગયા ત્્યયારે એમની પાસે કાંઈ જ ",
                    "સાધન નહોતું. ઘર માંડવા માટે જોઈતાં વાસણકૂસણ અને બીજું રાચરચીલું ",
                    "પણ સસ્્તુું મળે માટે નડિયાદની ગુજરીમાંથી અને તેય દેવું કરીને ખરીદેલું. ",
                    "આમ જીવનની શરૂઆત બહુ સંકોચમાં કરી."
                ]
            },
            {
                "block_text": "ગોધરાના નિવાસ વખતનું એક સ્્મરણ નોોંધવા જેવું છે. સરદાર ગોધરા \nગયા તે અરસામાં જ ત્્યાાં ખૂબ પ્્લલેગ ચાલ્્યયો. તેમાં કોર્્ટના નાજર જે પોતાના \nસ્્નનેહી હતા તેમનો દીકરો સપડાયો. સરદાર તેની સારવારમાં પડ્યા પણ દરદી \nબચ્્યયો નહીીં. દરદીને સ્્મશાને મૂકી આવીને પોતે પ્્લલેગમાં પટકાયા. મોટી \nગાંઠ નીકળી. સરદાર ગભરાયા વિના પત્્નનીની સાથે ગાડીએ બેઠા. આણંદ \nઆવીને પત્્નનીને કહે : “તમે જાઓ કરમસદ. હું નડિયાદ જાઉં છું. ત્્યાાં સાજો \nથઈ જઈશ.” પ્્લલેગમાં પડેલા પતિને છોડીને જવાની કઈ પત્્નનીની હિંમત ચાલે? \nપણ પત્્નનીને જવાનો આગ્રહ કરવાની અને મોકલી દેવાની સરદારની હિંમત \nચાલી. નડિયાદમાં રહીને પોતે સાજા થયા.",
                "lines": [
                    "ગોધરાના નિવાસ વખતનું એક સ્્મરણ નોોંધવા જેવું છે. સરદાર ગોધરા ",
                    "ગયા તે અરસામાં જ ત્્યાાં ખૂબ પ્્લલેગ ચાલ્્યયો. તેમાં કોર્્ટના નાજર જે પોતાના ",
                    "સ્્નનેહી હતા તેમનો દીકરો સપડાયો. સરદાર તેની સારવારમાં પડ્યા પણ દરદી ",
                    "બચ્્યયો નહીીં. દરદીને સ્્મશાને મૂકી આવીને પોતે પ્્લલેગમાં પટકાયા. મોટી ",
                    "ગાંઠ નીકળી. સરદાર ગભરાયા વિના પત્્નનીની સાથે ગાડીએ બેઠા. આણંદ ",
                    "આવીને પત્્નનીને કહે : “તમે જાઓ કરમસદ. હું નડિયાદ જાઉં છું. ત્્યાાં સાજો ",
                    "થઈ જઈશ.” પ્્લલેગમાં પડેલા પતિને છોડીને જવાની કઈ પત્્નનીની હિંમત ચાલે? ",
                    "પણ પત્્નનીને જવાનો આગ્રહ કરવાની અને મોકલી દેવાની સરદારની હિંમત ",
                    "ચાલી. નડિયાદમાં રહીને પોતે સાજા થયા."
                ]
            },
            {
                "block_text": "ગોધરામાં બે જ વર્ષ રહીને ૧૯૦૨માં બોરસદ આવી ગયા. જલદી \nબોરસદ જવાનું મુખ્્ય કારણ તો એ હતું કે બોરસદના સ્્થથાનિક અમલદારો \nસાથે વિઠ્ઠલભાઈને ભારે ખટપટ ઊભી થયેલી. બોરસદના મુખ્્ય અમલદારોમાં \nરેસિડેન્્ટ ફર્્સ્્ટક્્લલાસ મૅજિસ્્ટ્રરેટ, મામલતદાર તથા ફર્્સ્્ટક્્લલાસ સબ જજ એટલા",
                "lines": [
                    "ગોધરામાં બે જ વર્ષ રહીને ૧૯૦૨માં બોરસદ આવી ગયા. જલદી ",
                    "બોરસદ જવાનું મુખ્્ય કારણ તો એ હતું કે બોરસદના સ્્થથાનિક અમલદારો ",
                    "સાથે વિઠ્ઠલભાઈને ભારે ખટપટ ઊભી થયેલી. બોરસદના મુખ્્ય અમલદારોમાં ",
                    "રેસિડેન્્ટ ફર્્સ્્ટક્્લલાસ મૅજિસ્્ટ્રરેટ, મામલતદાર તથા ફર્્સ્્ટક્્લલાસ સબ જજ એટલા"
                ]
            },
            {
                "block_text": "વકીલાત\b\n૧૮",
                "lines": [
                    "વકીલાત\b",
                    "૧૮"
                ]
            }
        ]
    }
}