{
    "page_number": 3,
    "right_column": {
        "blocks": [
            {
                "block_text": "૧\nમાતાપિતા\nપોતાની ઑફિસમાં ત્રીસેક વર્ષની વયના વકીલ વલ્લભભાઈ આરામ-ખુરશીમાં \nપડ્યા પડ્યા બાજુમાં પડેલો રબ્્બરની લાંબી નેહવાળો હુક્કો ગગડાવી \nરહ્યા હતા. બોરસદ, તાલુકાનું મુખ્્ય ગામ પણ મુંબઈ કે અમદાવાદ જેવાં મોટાં \nશહેરોને મુકાબલે ગામડા જેવું ગણાય. ઑફિસનું બધું ફર્નનિચર ફૅશનેબલ કે ફેન્્સસી \nનહોતું પણ બોરસદના પ્રમાણમાં સારુું હતું, અને સુઘડ રીતે ટાપટીપથી ગોઠવેલું \nહતું. આખો ઓરડો ઢંકાય એવી જાજમ સાફ અને જરા પણ કરચલી વિનાની \nપાથરેલી હતી. વકીલસાહેબના ટેબલની સામે થોડી ખુરશીઓ ગોઠવેલી \nહતી. તે ઉપરાંત ગાદીતકિયાની પણ બેઠક હતી. ગાદીની ચાદર અને તકિયાનો \nગલેફ બગલાની પાંખ જેવાં સફેદ હતાં. ટેબલ તથા બધી ખુરશીઓ પૉલિશ્્ડ \nઅને સ્્વચ્્છ હતાં. કબાટોમાં ચોપડીઓ અને ફાઈલો બરાબર ગોઠવીને મૂકેલી \nહતી. આખા ઓરડામાં ખૂણેખાંચરે ક્્યાાંય પણ ધૂળ કે કચરાનું નામ ન હતું. \nબારીબારણાં બધું સાફ ઝાપટેલું હતું. તમામ વસ્્તતુઓ સાફ અને ચળકતી હતી. \nઑફિસમાં કશું ભભકાવાળું ન હતું, પણ જે કાંઈ હતું તે બધું પોતાને સ્્થથાને \nબરાબર ગોઠવેલું હતું.",
                "lines": [
                    "૧",
                    "માતાપિતા",
                    "પોતાની ઑફિસમાં ત્રીસેક વર્ષની વયના વકીલ વલ્લભભાઈ આરામ-ખુરશીમાં ",
                    "પડ્યા પડ્યા બાજુમાં પડેલો રબ્્બરની લાંબી નેહવાળો હુક્કો ગગડાવી ",
                    "રહ્યા હતા. બોરસદ, તાલુકાનું મુખ્્ય ગામ પણ મુંબઈ કે અમદાવાદ જેવાં મોટાં ",
                    "શહેરોને મુકાબલે ગામડા જેવું ગણાય. ઑફિસનું બધું ફર્નનિચર ફૅશનેબલ કે ફેન્્સસી ",
                    "નહોતું પણ બોરસદના પ્રમાણમાં સારુું હતું, અને સુઘડ રીતે ટાપટીપથી ગોઠવેલું ",
                    "હતું. આખો ઓરડો ઢંકાય એવી જાજમ સાફ અને જરા પણ કરચલી વિનાની ",
                    "પાથરેલી હતી. વકીલસાહેબના ટેબલની સામે થોડી ખુરશીઓ ગોઠવેલી ",
                    "હતી. તે ઉપરાંત ગાદીતકિયાની પણ બેઠક હતી. ગાદીની ચાદર અને તકિયાનો ",
                    "ગલેફ બગલાની પાંખ જેવાં સફેદ હતાં. ટેબલ તથા બધી ખુરશીઓ પૉલિશ્્ડ ",
                    "અને સ્્વચ્્છ હતાં. કબાટોમાં ચોપડીઓ અને ફાઈલો બરાબર ગોઠવીને મૂકેલી ",
                    "હતી. આખા ઓરડામાં ખૂણેખાંચરે ક્્યાાંય પણ ધૂળ કે કચરાનું નામ ન હતું. ",
                    "બારીબારણાં બધું સાફ ઝાપટેલું હતું. તમામ વસ્્તતુઓ સાફ અને ચળકતી હતી. ",
                    "ઑફિસમાં કશું ભભકાવાળું ન હતું, પણ જે કાંઈ હતું તે બધું પોતાને સ્્થથાને ",
                    "બરાબર ગોઠવેલું હતું."
                ]
            },
            {
                "block_text": "એક વૃદ્ધ પણ તંદુરસ્્ત અને કસાયેલા શરીરવાળા ટટ્ટાર પુરુષ દાદર \nચઢીને ઉપર આવ્્યયા. તદ્દન સફેદ પોશાક તેમણે પહેરેલો હતો. ધોતિયું, પહેરણ, \nખેસ અને પાઘડી પણ સફેદ. બધાં જ કપડાં ઊજળાં દૂધ જેવાં હતાં.",
                "lines": [
                    "એક વૃદ્ધ પણ તંદુરસ્્ત અને કસાયેલા શરીરવાળા ટટ્ટાર પુરુષ દાદર ",
                    "ચઢીને ઉપર આવ્્યયા. તદ્દન સફેદ પોશાક તેમણે પહેરેલો હતો. ધોતિયું, પહેરણ, ",
                    "ખેસ અને પાઘડી પણ સફેદ. બધાં જ કપડાં ઊજળાં દૂધ જેવાં હતાં."
                ]
            },
            {
                "block_text": "એમને જોતાં જ મોોંમાંથી હુક્કાની નેહ કાઢી નાખી વલ્લભભાઈ ઊભા \nથઈ ગયા અને બોલ્્યયા : “મોટાકાકા, તમે ક્્યાાંથી?”",
                "lines": [
                    "એમને જોતાં જ મોોંમાંથી હુક્કાની નેહ કાઢી નાખી વલ્લભભાઈ ઊભા ",
                    "થઈ ગયા અને બોલ્્યયા : “મોટાકાકા, તમે ક્્યાાંથી?”"
                ]
            },
            {
                "block_text": "“ભાઈ, તારુું કામ પડ્યુું છે તેથી જ આવ્્યયો ને!” \n“પણ મને કહેવડાવવું હતું ને? હું કરમસદ આવી જાત. લાડબાઈને \nપણ મળાત.”",
                "lines": [
                    "“ભાઈ, તારુું કામ પડ્યુું છે તેથી જ આવ્્યયો ને!” ",
                    "“પણ મને કહેવડાવવું હતું ને? હું કરમસદ આવી જાત. લાડબાઈને ",
                    "પણ મળાત.”"
                ]
            },
            {
                "block_text": "“પણ કામ બોરસદમાં છે એટલે તને ત્્યાાં બોલાવીને શું કરુું?”\n“એવું શું કામ છે?”\n“આખા જિલ્લામાં તારી હાક વાગે અને આપણા મહારાજ ઉપર વૉરંટ \nનીકળે એ કાંઈ ઠીક કહેવાય? તું બેઠા છતાં મહારાજને પોલીસ પકડી શકે?”",
                "lines": [
                    "“પણ કામ બોરસદમાં છે એટલે તને ત્્યાાં બોલાવીને શું કરુું?”",
                    "“એવું શું કામ છે?”",
                    "“આખા જિલ્લામાં તારી હાક વાગે અને આપણા મહારાજ ઉપર વૉરંટ ",
                    "નીકળે એ કાંઈ ઠીક કહેવાય? તું બેઠા છતાં મહારાજને પોલીસ પકડી શકે?”"
                ]
            },
            {
                "block_text": "માતાપિતા\b\n૩",
                "lines": [
                    "માતાપિતા\b",
                    "૩"
                ]
            }
        ]
    }
}