{
    "page_number": 23,
    "right_column": {
        "blocks": [
            {
                "block_text": "તેનો ભારે આઘાત સરદારના દિલમાં રહી ગયો. તે વખતે એમની ઉંમર \nતેત્રીસ વર્ષની હતી. ફરી પરણવાનો આગ્રહ સગાંવહાલાં તથા મિત્રો તરફથી \nસરદારને ઘણો થયો. પણ ફરી નહીીં પરણવાના વિચારમાં તેઓ ખૂબ દૃઢ \nહતા. વિલાયત ગયા ત્્યાાં પણ મિત્રો સારી સારી કન્્યયાઓનાં નામ સાથે કાગળો \nલખતા અને એકબે કન્્યયાઓના ફોટા પણ એમને મોકલવામાં આવેલા. \nકાગળોના જવાબમાં બીજી બધી વાતો લખે પણ આ વાતનો જવાબ જ ખાઈ જતા.",
                "lines": [
                    "તેનો ભારે આઘાત સરદારના દિલમાં રહી ગયો. તે વખતે એમની ઉંમર ",
                    "તેત્રીસ વર્ષની હતી. ફરી પરણવાનો આગ્રહ સગાંવહાલાં તથા મિત્રો તરફથી ",
                    "સરદારને ઘણો થયો. પણ ફરી નહીીં પરણવાના વિચારમાં તેઓ ખૂબ દૃઢ ",
                    "હતા. વિલાયત ગયા ત્્યાાં પણ મિત્રો સારી સારી કન્્યયાઓનાં નામ સાથે કાગળો ",
                    "લખતા અને એકબે કન્્યયાઓના ફોટા પણ એમને મોકલવામાં આવેલા. ",
                    "કાગળોના જવાબમાં બીજી બધી વાતો લખે પણ આ વાતનો જવાબ જ ખાઈ જતા."
                ]
            },
            {
                "block_text": "થોડા વખત પછી વિઠ્ઠલભાઈનાં પત્્નની માંદાં પડ્્યાાં. તેમને બોરસદ બોલાવી \nપોતાને ત્્યાાં રાખ્્યાાં. ત્્યાાં તેઓ ૧૯૧૦ના આરંભમાં ગુજરી ગયાં. સરદારને \nઆ મંદવાડને લીધે વિલાયત જવાનું મુલતવી રાખવું પડેલું હતું તે હવે તેમણે \nનક્કી કરી નાખ્્યુું અને તેને અંગે બધી વ્્યવસ્્થથા કરી દીધી. મણિબહેન તથા \nડાહ્યાભાઈને સહેજ મોટાં થાય એટલે વિલાયતમાં રાખી ત્્યાાંની જ કેળવણી \nઆપવાનો વિચાર હતો. તેની પૂર્્વતૈયારી તરીકે મુંબઈની સેન્્ટ મેરિઝ સ્્કકૂલવાળાં \nએક મિસ વિલ્્સનને ત્્યાાં ‘બોર્્ડર’ — છાત્ર તરીકે રાખ્્યાાં જેથી તેઓ સીધી \nવાતચીત દ્વારા (‘ડિરેક્્ટ મેથડ’થી) અંગ્રેજી શીખી શકે. તેમને દરેકને માટે માસિક \nરૂપિયા સો આપવાના હતા. વિઠ્ઠલભાઈનું વિલાયતનું ખર્્ચ દસ હજાર રૂપિયા \nથયું હતું. પોતાને પણ ઓછામાં ઓછું એટલું ખર્્ચ તો થાય જ. તે ઉપરાંત \nપોતે વિલાયત રહે એ ત્રણ વર્ષ છોકરાંનું બોર્્ડિિંગ અને બીજું ખર્્ચ મળી \nઆશરે દસેક હજાર રૂપિયા ખર્્ચ થાય. વકીલાતની કમાણીમાંથી બચાવેલી \nરકમમાંથી આ બધા ખર્્ચની વ્્યવસ્્થથા થઈ શકી. આમ બધી ગોઠવણ પાકી \nકરી ૧૯૧૦ના ઑગસ્્ટમાં સરદાર વિલાયત જવા ઊપડ્યા.",
                "lines": [
                    "થોડા વખત પછી વિઠ્ઠલભાઈનાં પત્્નની માંદાં પડ્્યાાં. તેમને બોરસદ બોલાવી ",
                    "પોતાને ત્્યાાં રાખ્્યાાં. ત્્યાાં તેઓ ૧૯૧૦ના આરંભમાં ગુજરી ગયાં. સરદારને ",
                    "આ મંદવાડને લીધે વિલાયત જવાનું મુલતવી રાખવું પડેલું હતું તે હવે તેમણે ",
                    "નક્કી કરી નાખ્્યુું અને તેને અંગે બધી વ્્યવસ્્થથા કરી દીધી. મણિબહેન તથા ",
                    "ડાહ્યાભાઈને સહેજ મોટાં થાય એટલે વિલાયતમાં રાખી ત્્યાાંની જ કેળવણી ",
                    "આપવાનો વિચાર હતો. તેની પૂર્્વતૈયારી તરીકે મુંબઈની સેન્્ટ મેરિઝ સ્્કકૂલવાળાં ",
                    "એક મિસ વિલ્્સનને ત્્યાાં ‘બોર્્ડર’ — છાત્ર તરીકે રાખ્્યાાં જેથી તેઓ સીધી ",
                    "વાતચીત દ્વારા (‘ડિરેક્્ટ મેથડ’થી) અંગ્રેજી શીખી શકે. તેમને દરેકને માટે માસિક ",
                    "રૂપિયા સો આપવાના હતા. વિઠ્ઠલભાઈનું વિલાયતનું ખર્્ચ દસ હજાર રૂપિયા ",
                    "થયું હતું. પોતાને પણ ઓછામાં ઓછું એટલું ખર્્ચ તો થાય જ. તે ઉપરાંત ",
                    "પોતે વિલાયત રહે એ ત્રણ વર્ષ છોકરાંનું બોર્્ડિિંગ અને બીજું ખર્્ચ મળી ",
                    "આશરે દસેક હજાર રૂપિયા ખર્્ચ થાય. વકીલાતની કમાણીમાંથી બચાવેલી ",
                    "રકમમાંથી આ બધા ખર્્ચની વ્્યવસ્્થથા થઈ શકી. આમ બધી ગોઠવણ પાકી ",
                    "કરી ૧૯૧૦ના ઑગસ્્ટમાં સરદાર વિલાયત જવા ઊપડ્યા."
                ]
            },
            {
                "block_text": "હવે આ દસ વર્ષની વકીલાત દરમિયાનના થોડા પ્રસંગો નોોંધીશું :\n૧. તેમના એક સ્્નનેહી રેલવે પોલીસમાં ઇન્્સ્પેક્્ટર હતા. તેને પોતાના \nઉપરી અમલદાર જે સુપરિન્્ટટેન્્ડડેન્્ટ હતા તેની સાથે અણબનાવ હતો. સુપરિન્્ટટેન્્ડડેન્્ટટે \nપેલા ઇન્્સ્પેક્્ટરને એક નજીવા કેસમાં સંડોવ્્યયો અને એ કેસને બહુ મોટું રૂપ \nઆપ્્યુું. રેલવે વૅગનમાંથી એક રૂપિયાની કિંમતનાં બળતણનાં લાકડાંની પોતાના \nનોકર પાસે ચોરી કરાવ્્યયાનો આરોપ મૂકી એમને કેદમાં પુરાવી દીધા. સુપરિન્્ટટેન્્ડડેન્્ટ \nબહુ મોટી લાગવગવાળો અંગ્રેજ હતો. એનો ભાઈ મુંબઈ સરકારમાં હોમ-મેમ્્બર \nહતો. તે વખતે રેલવેમાં ચોરીલૂંટના ઘણા કેસો બનતા. એ બહાના હેઠળ આ \nનજીવા કેસને ભારે રૂપ આપવામાં આવ્્યુું અને આરોપી લાગવગવાળા હોવાનું \nજણાવી આ કેસ ચલાવવા એક સ્્પપેશિયલ મૅજિસ્્ટ્રરેટની નિમણૂક કરાવી. કેસ \nખેડા જિલ્લામાં ચાલવાનો હતો છતાં અમદાવાદ જિલ્લાના સરકારી વકીલને આ \nકૈસ ચલાવવા માટે ખાસ રોકવામાં આવ્્યયો. કેસ કોર્્ટમાં મોકલતાં પહેલાં બધી \nતપાસ પેલા સુપરિન્્ટટેન્્ડડેન્્ટટે જાતે કરેલી. આરોપીને પ્રથમ કોઈ વાર સજા થયેલી",
                "lines": [
                    "હવે આ દસ વર્ષની વકીલાત દરમિયાનના થોડા પ્રસંગો નોોંધીશું :",
                    "૧. તેમના એક સ્્નનેહી રેલવે પોલીસમાં ઇન્્સ્પેક્્ટર હતા. તેને પોતાના ",
                    "ઉપરી અમલદાર જે સુપરિન્્ટટેન્્ડડેન્્ટ હતા તેની સાથે અણબનાવ હતો. સુપરિન્્ટટેન્્ડડેન્્ટટે ",
                    "પેલા ઇન્્સ્પેક્્ટરને એક નજીવા કેસમાં સંડોવ્્યયો અને એ કેસને બહુ મોટું રૂપ ",
                    "આપ્્યુું. રેલવે વૅગનમાંથી એક રૂપિયાની કિંમતનાં બળતણનાં લાકડાંની પોતાના ",
                    "નોકર પાસે ચોરી કરાવ્્યયાનો આરોપ મૂકી એમને કેદમાં પુરાવી દીધા. સુપરિન્્ટટેન્્ડડેન્્ટ ",
                    "બહુ મોટી લાગવગવાળો અંગ્રેજ હતો. એનો ભાઈ મુંબઈ સરકારમાં હોમ-મેમ્્બર ",
                    "હતો. તે વખતે રેલવેમાં ચોરીલૂંટના ઘણા કેસો બનતા. એ બહાના હેઠળ આ ",
                    "નજીવા કેસને ભારે રૂપ આપવામાં આવ્્યુું અને આરોપી લાગવગવાળા હોવાનું ",
                    "જણાવી આ કેસ ચલાવવા એક સ્્પપેશિયલ મૅજિસ્્ટ્રરેટની નિમણૂક કરાવી. કેસ ",
                    "ખેડા જિલ્લામાં ચાલવાનો હતો છતાં અમદાવાદ જિલ્લાના સરકારી વકીલને આ ",
                    "કૈસ ચલાવવા માટે ખાસ રોકવામાં આવ્્યયો. કેસ કોર્્ટમાં મોકલતાં પહેલાં બધી ",
                    "તપાસ પેલા સુપરિન્્ટટેન્્ડડેન્્ટટે જાતે કરેલી. આરોપીને પ્રથમ કોઈ વાર સજા થયેલી"
                ]
            },
            {
                "block_text": "વકીલાત\b\n૨૩",
                "lines": [
                    "વકીલાત\b",
                    "૨૩"
                ]
            }
        ]
    }
}