{
    "page_number": 5,
    "right_column": {
        "blocks": [
            {
                "block_text": "ગાદીથી જુદા પડી બોચાસણમાં ગાદી સ્્થથાપેલી અને ત્્યાાં એક મોટું શિખરબંધી \nમંદિર બંધાવવા માંડેલું. સરદારના પિતાશ્રી આ બોચાસવાળાના નવા પંથમાં \nભળ્યા હતા અને શાસ્ત્રીજીના અનુયાયી થયા હતા. આ શાસ્ત્રીજી બળવો કરી \nવડતાલથી જુદા પડ્યા ત્્યયારે તેમની સાથે કેટલાક સાધુઓ અને પાળાઓ પણ \nભળ્યા અને એ સુધારક ટોળીએ વડતાલના મંદિરના તાબાનાં જે મંદિરો ગામેગામ \nહતાં તેમનો કબજો લેવા માંડ્યો. એ કબજો લેવા જતાં, વડતાલના અસલ પક્ષના \nસાધુઓ અને પાળાઓ જેમના કબજામાં એ મંદિરો હતાં તેમની સાથે મારામારી \nથતી. આમ ગામેગામ બળજબરીના પ્રસંગો ઊભા થતાં જિલ્લામાં સુલેહનો \nભંગ થવા લાગ્્યયો. એટલે બંને પક્ષના સાધુઓ અને પાળાઓ ઉપર સુલેહનો \nભંગ ન કરવા બદલ જામીન લેવા માટે સામસામે કેસ કરવામાં આવ્્યયા. આવા \nએક કેસમાં પહેલા નંબરના તહોમતદાર પેલા શાસ્ત્રીજી હતા અને તેમની સાથે \nતેમના પક્ષના બીજા દસ-બાર સાધુઓ અને પાળાઓ હતા. આ કેસ બોરસદના \nરેસિડેન્્સસી મૅજિસ્્ટ્રરેટની. કોર્્ટમાં દાખલ થયેલો. પિતાશ્રીના આગ્રહને લીધે સરદારે \nએ કેસ હાથમાં લીધેલો અને કેસની માંડવાળ કરાવી બેઉ પક્ષના તહોમતદારોને \nછોડાવેલા.",
                "lines": [
                    "ગાદીથી જુદા પડી બોચાસણમાં ગાદી સ્્થથાપેલી અને ત્્યાાં એક મોટું શિખરબંધી ",
                    "મંદિર બંધાવવા માંડેલું. સરદારના પિતાશ્રી આ બોચાસવાળાના નવા પંથમાં ",
                    "ભળ્યા હતા અને શાસ્ત્રીજીના અનુયાયી થયા હતા. આ શાસ્ત્રીજી બળવો કરી ",
                    "વડતાલથી જુદા પડ્યા ત્્યયારે તેમની સાથે કેટલાક સાધુઓ અને પાળાઓ પણ ",
                    "ભળ્યા અને એ સુધારક ટોળીએ વડતાલના મંદિરના તાબાનાં જે મંદિરો ગામેગામ ",
                    "હતાં તેમનો કબજો લેવા માંડ્યો. એ કબજો લેવા જતાં, વડતાલના અસલ પક્ષના ",
                    "સાધુઓ અને પાળાઓ જેમના કબજામાં એ મંદિરો હતાં તેમની સાથે મારામારી ",
                    "થતી. આમ ગામેગામ બળજબરીના પ્રસંગો ઊભા થતાં જિલ્લામાં સુલેહનો ",
                    "ભંગ થવા લાગ્્યયો. એટલે બંને પક્ષના સાધુઓ અને પાળાઓ ઉપર સુલેહનો ",
                    "ભંગ ન કરવા બદલ જામીન લેવા માટે સામસામે કેસ કરવામાં આવ્્યયા. આવા ",
                    "એક કેસમાં પહેલા નંબરના તહોમતદાર પેલા શાસ્ત્રીજી હતા અને તેમની સાથે ",
                    "તેમના પક્ષના બીજા દસ-બાર સાધુઓ અને પાળાઓ હતા. આ કેસ બોરસદના ",
                    "રેસિડેન્્સસી મૅજિસ્્ટ્રરેટની. કોર્્ટમાં દાખલ થયેલો. પિતાશ્રીના આગ્રહને લીધે સરદારે ",
                    "એ કેસ હાથમાં લીધેલો અને કેસની માંડવાળ કરાવી બેઉ પક્ષના તહોમતદારોને ",
                    "છોડાવેલા."
                ]
            },
            {
                "block_text": "એમ કહેવાય છે કે પંજાબમાંથી અમુક લેઉવા પાટીદારો ગુજરાતમાં \nઆવેલા અને તેમણે નડિયાદ, વસો, કરમસદ, ભાદરણ, ધર્્મજ, સોજિત્રા વગેરે \nબાર ગામો વસાવેલાં. તેમાં આ છ ગામ મોટાં અને વિશેષ કુળવાન ગણાય છે. \nકરમસદ ગામ વસાવનાર મૂળ એક જ પુરુષ હતા. એટલે કરમસદમાં રહેનાર બધા \nપાટીદારો મૂળ એક જ કુટુંબની પ્રજા ગણાય. એ કુટુંબની શાખાઓ અને \nઉપશાખાઓ ગામની જુદી જુદી ખડકીમાં વસેલી છે. ઝવેરભાઈવાળી ખડકીમાં \nવસ્્તતી કાંઈક વધારે એટલે ઝવેરભાઈ પાસે દસેક વીઘાં જ જમીન આવેલી. વળી \nઝવેરભાઈનું ખેતીમાં જરાય ધ્્યયાન નહીીં એટલે સ્્થથિતિ ગરીબ રહેલી. પણ એ બહુ \nસ્્વતંત્ર મિજાજના અને કડક સ્્વભાવના હતા. કોઈ પણ બાબતમાં કોઈથી દબાય \nતો શાના જ? પહેલેથી ધર્્મપરાયણ વૃત્તિના અને મંદિરમાં વધારે વખત ગાળતા. \nસરદાર ઘરમાં હોય ત્્યયારે બેસતા નથી, પણ આંટા મારવાની એમને ટેવ છે તે \nપિતાશ્રી તરફથી વારસામાં મળેલી છે. ઝવેરભાઈ મંદિરમાં કદી બેસી રહેતા \nનહીીં. માળા ફેરવતા ફેરવતા અથવા ભજન ગણગણતા આંટા માર્યયા કરવાની \nએમને ટેવ હતી. ગામની પંચાતમાં તે કદી ભાગ લેતા જ નહીીં. પણ ભગવતી \nપુરુષ તરીકે ગામમાં એમનું માન સારુું ગણાતું. સૌ એમની આમન્્યયા રાખતું \nઅને કોઈનો વાંક હોય અને એ બે શબ્્દ કહે તો સૌને સાંભળવા પડતા. \nવિઠ્ઠલભાઈ, સરદાર વગેરે ભાઈઓ એમને મોટાકાકા કહેતા. પણ ગામમાં સૌ",
                "lines": [
                    "એમ કહેવાય છે કે પંજાબમાંથી અમુક લેઉવા પાટીદારો ગુજરાતમાં ",
                    "આવેલા અને તેમણે નડિયાદ, વસો, કરમસદ, ભાદરણ, ધર્્મજ, સોજિત્રા વગેરે ",
                    "બાર ગામો વસાવેલાં. તેમાં આ છ ગામ મોટાં અને વિશેષ કુળવાન ગણાય છે. ",
                    "કરમસદ ગામ વસાવનાર મૂળ એક જ પુરુષ હતા. એટલે કરમસદમાં રહેનાર બધા ",
                    "પાટીદારો મૂળ એક જ કુટુંબની પ્રજા ગણાય. એ કુટુંબની શાખાઓ અને ",
                    "ઉપશાખાઓ ગામની જુદી જુદી ખડકીમાં વસેલી છે. ઝવેરભાઈવાળી ખડકીમાં ",
                    "વસ્્તતી કાંઈક વધારે એટલે ઝવેરભાઈ પાસે દસેક વીઘાં જ જમીન આવેલી. વળી ",
                    "ઝવેરભાઈનું ખેતીમાં જરાય ધ્્યયાન નહીીં એટલે સ્્થથિતિ ગરીબ રહેલી. પણ એ બહુ ",
                    "સ્્વતંત્ર મિજાજના અને કડક સ્્વભાવના હતા. કોઈ પણ બાબતમાં કોઈથી દબાય ",
                    "તો શાના જ? પહેલેથી ધર્્મપરાયણ વૃત્તિના અને મંદિરમાં વધારે વખત ગાળતા. ",
                    "સરદાર ઘરમાં હોય ત્્યયારે બેસતા નથી, પણ આંટા મારવાની એમને ટેવ છે તે ",
                    "પિતાશ્રી તરફથી વારસામાં મળેલી છે. ઝવેરભાઈ મંદિરમાં કદી બેસી રહેતા ",
                    "નહીીં. માળા ફેરવતા ફેરવતા અથવા ભજન ગણગણતા આંટા માર્યયા કરવાની ",
                    "એમને ટેવ હતી. ગામની પંચાતમાં તે કદી ભાગ લેતા જ નહીીં. પણ ભગવતી ",
                    "પુરુષ તરીકે ગામમાં એમનું માન સારુું ગણાતું. સૌ એમની આમન્્યયા રાખતું ",
                    "અને કોઈનો વાંક હોય અને એ બે શબ્્દ કહે તો સૌને સાંભળવા પડતા. ",
                    "વિઠ્ઠલભાઈ, સરદાર વગેરે ભાઈઓ એમને મોટાકાકા કહેતા. પણ ગામમાં સૌ"
                ]
            },
            {
                "block_text": "માતાપિતા\b\n૫",
                "lines": [
                    "માતાપિતા\b",
                    "૫"
                ]
            }
        ]
    }
}