{
    "page_number": 19,
    "right_column": {
        "blocks": [
            {
                "block_text": "હતા. આ ત્રણે વિઠ્ઠલભાઈ સાથે દુશ્્મનાવટ રાખતા, કારણ પહેલાંના સબ જજ \nઉપર રુશવતો લીધા બાબત તપાસ કરવા માટે વિઠ્ઠલભાઈએ કમિશન નિમાવરાવ્્યુું \nહતું અને એની સામે આખો કેસ ચલાવી એને બરતરફ કરાવ્્યયો હતો. એટલે \nવિઠ્ઠલભાઈની વિરુદ્ધ કાંઈ પણ મળી આવે તો આ લોકો વેર લેવા માગતા \nહતા. બોરસદથી ઘણા વકીલોના કાગળો આવતા તે ઉપરથી સરદારને આ \nવાતની ખબર પડી. પોતે બોરસદમાં હોય તો વિઠ્ઠલભાઈને મદદરૂપ થવાય એ \nહેતુથી તેઓએ પોતાનો મુકામ એકદમ બોરસદ ફેરવ્્યયો.",
                "lines": [
                    "હતા. આ ત્રણે વિઠ્ઠલભાઈ સાથે દુશ્્મનાવટ રાખતા, કારણ પહેલાંના સબ જજ ",
                    "ઉપર રુશવતો લીધા બાબત તપાસ કરવા માટે વિઠ્ઠલભાઈએ કમિશન નિમાવરાવ્્યુું ",
                    "હતું અને એની સામે આખો કેસ ચલાવી એને બરતરફ કરાવ્્યયો હતો. એટલે ",
                    "વિઠ્ઠલભાઈની વિરુદ્ધ કાંઈ પણ મળી આવે તો આ લોકો વેર લેવા માગતા ",
                    "હતા. બોરસદથી ઘણા વકીલોના કાગળો આવતા તે ઉપરથી સરદારને આ ",
                    "વાતની ખબર પડી. પોતે બોરસદમાં હોય તો વિઠ્ઠલભાઈને મદદરૂપ થવાય એ ",
                    "હેતુથી તેઓએ પોતાનો મુકામ એકદમ બોરસદ ફેરવ્્યયો."
                ]
            },
            {
                "block_text": "બોરસદમાં સરદાર જુદું મકાન રાખીને રહેવા લાગ્્યયા. બહારનો બધો \nદેખાવ અને વહેવાર એવો રાખતા હતા કે બધા અમલદારો એમ માનવા \nલાગ્્યયા કે એ ભાઈઓને બનતું જ નથી. કોઈ કોઈ કેસમાં બેઉ સામસામા \nઊભા રહેતા ત્્યયારે તો લોકોને ખૂબ જ રસ પડતો. સરદારે થોડા જ વખતમાં \nસઘળા અમલદારો ઉપર સારો પ્રભાવ પાડ્યો. સરદાર પાસેના એક કેસમાં \nમામલતદાર બરાબર ભેરવાયો હતો અને રેસિડેન્્ટ મૅજિસ્્ટ્રરેટ એનો મિત્ર હોઈ \nએને બચાવવા ઇચ્્છતો હતો. એટલે અમલદારોને સરદારને શરણે ગયા વિના \nછૂટકો નહોતો. પણ સરદારે માન્્યુું નહીીં એટલે એમને વિઠ્ઠલભાઈની મદદ લેવી \nપડી. વિઠ્ઠલભાઈએ ભલામણ કરી ત્્યયારે એમની વિરુદ્ધ અમલદારો જે ખટપટ \nઅને કાવતરાં કરતા હતા એ બધાની આગળ ખુલ્્લાાં કરી વિઠ્ઠલભાઈનો વિરોધ \nછોડી દેવાનું સરદારે અમલદારોને સમજાવ્્યુું અને બંને વચ્્ચચે મિત્રાચારી \nકરાવી તથા મામલતદાર ઉપર ઘેરાયેલું વાદળ પણ દૂર કરાવ્્યુું. સરદાર પાસેના \nકેસની વિગતો આ જ પ્રકરણમાં આગળ એમની વકીલાતના પ્રસંગો આપ્્યયા \nછે તેમાં આપેલી છે.",
                "lines": [
                    "બોરસદમાં સરદાર જુદું મકાન રાખીને રહેવા લાગ્્યયા. બહારનો બધો ",
                    "દેખાવ અને વહેવાર એવો રાખતા હતા કે બધા અમલદારો એમ માનવા ",
                    "લાગ્્યયા કે એ ભાઈઓને બનતું જ નથી. કોઈ કોઈ કેસમાં બેઉ સામસામા ",
                    "ઊભા રહેતા ત્્યયારે તો લોકોને ખૂબ જ રસ પડતો. સરદારે થોડા જ વખતમાં ",
                    "સઘળા અમલદારો ઉપર સારો પ્રભાવ પાડ્યો. સરદાર પાસેના એક કેસમાં ",
                    "મામલતદાર બરાબર ભેરવાયો હતો અને રેસિડેન્્ટ મૅજિસ્્ટ્રરેટ એનો મિત્ર હોઈ ",
                    "એને બચાવવા ઇચ્્છતો હતો. એટલે અમલદારોને સરદારને શરણે ગયા વિના ",
                    "છૂટકો નહોતો. પણ સરદારે માન્્યુું નહીીં એટલે એમને વિઠ્ઠલભાઈની મદદ લેવી ",
                    "પડી. વિઠ્ઠલભાઈએ ભલામણ કરી ત્્યયારે એમની વિરુદ્ધ અમલદારો જે ખટપટ ",
                    "અને કાવતરાં કરતા હતા એ બધાની આગળ ખુલ્્લાાં કરી વિઠ્ઠલભાઈનો વિરોધ ",
                    "છોડી દેવાનું સરદારે અમલદારોને સમજાવ્્યુું અને બંને વચ્્ચચે મિત્રાચારી ",
                    "કરાવી તથા મામલતદાર ઉપર ઘેરાયેલું વાદળ પણ દૂર કરાવ્્યુું. સરદાર પાસેના ",
                    "કેસની વિગતો આ જ પ્રકરણમાં આગળ એમની વકીલાતના પ્રસંગો આપ્્યયા ",
                    "છે તેમાં આપેલી છે."
                ]
            },
            {
                "block_text": "બોરસદમાં થોડા જ વખતમાં વકીલાતમાં સરદારની પ્રતિષ્ઠા ખૂબ જામી \nગઈ અને કમાણી પણ સારી થવા માંડી. આખા મુંબઈ ઇલાકામાં સૌથી વધારે \nફોજદારી ગુના ખેડા જિલ્લામાં થતા હતા અને જિલ્લામાં સૌથી વધારે \nબોરસદ તાલુકામાં થતા હતા. તેથી સરકારે આ તાલુકામાં એક ખાસ રેસિડેન્્ટ \nફર્્સ્્ટક્્લલાસ મૅજિસ્્ટ્રરેટની નિમણૂક કરી, જેને પહેલા વર્્ગના કેસો ચલાવવા \nસિવાય બીજું કંઈ કામ કરવાનું ન હતું. આ કોર્્ટમાં અગત્્યના કેસો ચલાવવા \nમાટે અમદાવાદના સરકારી વકીલને સરકાર તરફથી રોકવામાં આવતા હતા. \nબચાવ પક્ષે લગભગ દરેક કેસમાં સરદારને રોકવામાં આવતા હતા. બધા કેસોમાં \nઆરોપીઓ છૂટી જવા માંડ્યા એટલે પેલા સરકારી વકીલ અને પોલીસ \nઅમલદારો મૂંઝાયા. સરકારે પણ એમનો ખુલાસો માગ્્યયો. એ લોકોએ રિપોર્્ટ \nકર્યો કે જ્્યાાં સુધી અહીીં વલ્લભભાઈ વકીલ છે ત્્યાાં સુધી અહીીં કેસો છૂટી જવાનો \nપૂરેપૂરો સંભવ છે. માટે આ કોર્્ટ અહીીંથી ખસેડી આણંદ લઈ જવી જોઈએ.",
                "lines": [
                    "બોરસદમાં થોડા જ વખતમાં વકીલાતમાં સરદારની પ્રતિષ્ઠા ખૂબ જામી ",
                    "ગઈ અને કમાણી પણ સારી થવા માંડી. આખા મુંબઈ ઇલાકામાં સૌથી વધારે ",
                    "ફોજદારી ગુના ખેડા જિલ્લામાં થતા હતા અને જિલ્લામાં સૌથી વધારે ",
                    "બોરસદ તાલુકામાં થતા હતા. તેથી સરકારે આ તાલુકામાં એક ખાસ રેસિડેન્્ટ ",
                    "ફર્્સ્્ટક્્લલાસ મૅજિસ્્ટ્રરેટની નિમણૂક કરી, જેને પહેલા વર્્ગના કેસો ચલાવવા ",
                    "સિવાય બીજું કંઈ કામ કરવાનું ન હતું. આ કોર્્ટમાં અગત્્યના કેસો ચલાવવા ",
                    "માટે અમદાવાદના સરકારી વકીલને સરકાર તરફથી રોકવામાં આવતા હતા. ",
                    "બચાવ પક્ષે લગભગ દરેક કેસમાં સરદારને રોકવામાં આવતા હતા. બધા કેસોમાં ",
                    "આરોપીઓ છૂટી જવા માંડ્યા એટલે પેલા સરકારી વકીલ અને પોલીસ ",
                    "અમલદારો મૂંઝાયા. સરકારે પણ એમનો ખુલાસો માગ્્યયો. એ લોકોએ રિપોર્્ટ ",
                    "કર્યો કે જ્્યાાં સુધી અહીીં વલ્લભભાઈ વકીલ છે ત્્યાાં સુધી અહીીં કેસો છૂટી જવાનો ",
                    "પૂરેપૂરો સંભવ છે. માટે આ કોર્્ટ અહીીંથી ખસેડી આણંદ લઈ જવી જોઈએ."
                ]
            },
            {
                "block_text": "વકીલાત\b\n૧૯",
                "lines": [
                    "વકીલાત\b",
                    "૧૯"
                ]
            }
        ]
    }
}