{
    "page_number": 15,
    "right_column": {
        "blocks": [
            {
                "block_text": "પાસે આવ્યા અને બોલ્યા કે, “આજે અમારા તરફથી \nરસોઈ કરાવો.”",
                "lines": [
                    "પાસે આવ્યા અને બોલ્યા કે, “આજે અમારા તરફથી",
                    "રસોઈ કરાવો.”"
                ]
            },
            {
                "block_text": "એક સમયે શ્રીજી મહારાજ વિરાજમાન હતા. ત્યાં \nસરતચૂક થવાથી એક બાઈએ આવીને શ્રીજી મહારાજને પગે \nલાગીને પગે સ્પર્શ કર્યો તે શ્રીજી મહારાજને સારું ન \nલાગ્યું. આથી પોતે રિસાઈને મોઢા ઉપર લૂગડું ઓઢીને \nસૂઈ ગયા અને બોલ્યા કે ‘બ્રહ્માનંદ સ્વામી! અમને \nરીસ ચડી છે.” ત્યારે બ્રહ્માનંદ સ્વામી કહે, “તમને \nરીસ ચઢે એ તો દૂધના ઉફાણા (ઊભરા) જેવી છે.” \nત્યારે મહારાજે મુક્તાનંદ સ્વામીને કહ્યું, “બ્રહ્માનંદ \nસ્વામી અમારી રીસની ઠેકડી કરે છે.” ત્યારે મુક્તાનંદ \nસ્વામી હાથ જોડીને કહે, “મહારાજ! એ સ્વામી ઠીક કહે \nછે.” પછી મહારાજ કહે, “મુક્તાનંદ સ્વામીએ કહ્યું તે \nહવે ઠીક.”",
                "lines": [
                    "એક સમયે શ્રીજી મહારાજ વિરાજમાન હતા. ત્યાં",
                    "સરતચૂક થવાથી એક બાઈએ આવીને શ્રીજી મહારાજને પગે",
                    "લાગીને પગે સ્પર્શ કર્યો તે શ્રીજી મહારાજને સારું ન",
                    "લાગ્યું. આથી પોતે રિસાઈને મોઢા ઉપર લૂગડું ઓઢીને",
                    "સૂઈ ગયા અને બોલ્યા કે ‘બ્રહ્માનંદ સ્વામી! અમને",
                    "રીસ ચડી છે.” ત્યારે બ્રહ્માનંદ સ્વામી કહે, “તમને",
                    "રીસ ચઢે એ તો દૂધના ઉફાણા (ઊભરા) જેવી છે.”",
                    "ત્યારે મહારાજે મુક્તાનંદ સ્વામીને કહ્યું, “બ્રહ્માનંદ",
                    "સ્વામી અમારી રીસની ઠેકડી કરે છે.” ત્યારે મુક્તાનંદ",
                    "સ્વામી હાથ જોડીને કહે, “મહારાજ! એ સ્વામી ઠીક કહે",
                    "છે.” પછી મહારાજ કહે, “મુક્તાનંદ સ્વામીએ કહ્યું તે",
                    "હવે ઠીક.”"
                ]
            },
            {
                "block_text": "પછી મહારાજે બ્રહ્માનંદ સ્વામીને પૂછ્યું, “સ્વામી! \nતમે દૂધનો ઉફાણો કહ્યો તે કેમ કહેવાય?” ત્યારે બ્રહ્માનંદ \nસ્વામીએ જવાબ આપ્યો, “દૂધ ઉફાણે આવ્યું \nહોય એટલે પાણી નાખે કે તરત બેસી જાય; પણ તમે તો \nઅમને સમજવા સારુ કહો છો, પણ તમારામાં તો કોઈ \nદોષ નથી.”",
                "lines": [
                    "પછી મહારાજે બ્રહ્માનંદ સ્વામીને પૂછ્યું, “સ્વામી!",
                    "તમે દૂધનો ઉફાણો કહ્યો તે કેમ કહેવાય?” ત્યારે બ્રહ્માનંદ",
                    "સ્વામીએ જવાબ આપ્યો, “દૂધ ઉફાણે આવ્યું",
                    "હોય એટલે પાણી નાખે કે તરત બેસી જાય; પણ તમે તો",
                    "અમને સમજવા સારુ કહો છો, પણ તમારામાં તો કોઈ",
                    "દોષ નથી.”"
                ]
            },
            {
                "block_text": "તે સમયે ગુલાલના ટોપલા ભરાઈને આવ્યા. તે અબીલ-\nગુલાલના ગોટા મહારાજ છેટેથી મારે એટલે ગુલાલની સેડો",
                "lines": [
                    "તે સમયે ગુલાલના ટોપલા ભરાઈને આવ્યા. તે અબીલ-",
                    "ગુલાલના ગોટા મહારાજ છેટેથી મારે એટલે ગુલાલની સેડો"
                ]
            }
        ]
    }
}