{
    "page_number": 1,
    "right_column": {
        "blocks": [
            {
                "block_text": "પર લાવવા તથા પોતાના સાચા ભક્તોની પરીક્ષા કરવા માટે \nઘણી વાર રોષે ભરાતા અને રિસાતા પણ ખરા. ક્રોધનો જો \nઆવી રીતે વ્યવહારમાં ઉપયોગ થાય તો જ તે ક્રોધ સાર્થક \nબને છે અને તેનાથી સંમોહ થતો નથી, સ્મૃતિભ્રમ થતો \nનથી તથા આવો ક્રોધ કરનારનું પતન થતું નથી. માતા-પિતા \nતથા ગુરુને ઘણી વાર રોષ કરવાની જરૂર પડે છે. માતા \nઘણી વાર બાળકને સુધારવા શિક્ષા કરે છે પણ તે બાળકના \nકલ્યાણ માટે જ હોય છે. આવી જ રીતે પિતા અને ગુરુ \nપણ જે શિક્ષા કરે તે કલ્યાણને માટે જ હોય છે. આવી જ \nરીતે શ્રી સ્વામિનારાયણ ભગવાનની રીસમાં પણ રમણીયતા \nછે. સૌન્દર્યલહરી નામના એક સ્તોત્રમાં શંકરાચાર્યે કહ્યું \nછે કે દેવી ગંગા પર ક્રોધ કરે છે ત્યારે એમનાં નયનો \nક્રોધથી લાલ બની જાય છે અને આ લાલ રંગ તેમણે \nકમળોને દાનમાં આપ્યો હોવાથી કમળો મનોહર લાલ રંગ \nધારણ કરે છે. (सरोषा गंगायां सरसिरुहसौभाग्यजननी।)",
                "lines": [
                    "પર લાવવા તથા પોતાના સાચા ભક્તોની પરીક્ષા કરવા માટે",
                    "ઘણી વાર રોષે ભરાતા અને રિસાતા પણ ખરા. ક્રોધનો જો",
                    "આવી રીતે વ્યવહારમાં ઉપયોગ થાય તો જ તે ક્રોધ સાર્થક",
                    "બને છે અને તેનાથી સંમોહ થતો નથી, સ્મૃતિભ્રમ થતો",
                    "નથી તથા આવો ક્રોધ કરનારનું પતન થતું નથી. માતા-પિતા",
                    "તથા ગુરુને ઘણી વાર રોષ કરવાની જરૂર પડે છે. માતા",
                    "ઘણી વાર બાળકને સુધારવા શિક્ષા કરે છે પણ તે બાળકના",
                    "કલ્યાણ માટે જ હોય છે. આવી જ રીતે પિતા અને ગુરુ",
                    "પણ જે શિક્ષા કરે તે કલ્યાણને માટે જ હોય છે. આવી જ",
                    "રીતે શ્રી સ્વામિનારાયણ ભગવાનની રીસમાં પણ રમણીયતા",
                    "છે. સૌન્દર્યલહરી નામના એક સ્તોત્રમાં શંકરાચાર્યે કહ્યું",
                    "છે કે દેવી ગંગા પર ક્રોધ કરે છે ત્યારે એમનાં નયનો",
                    "ક્રોધથી લાલ બની જાય છે અને આ લાલ રંગ તેમણે",
                    "કમળોને દાનમાં આપ્યો હોવાથી કમળો મનોહર લાલ રંગ",
                    "ધારણ કરે છે. (सरोषा गंगायां सरसिरुहसौभाग्यजननी।)"
                ]
            },
            {
                "block_text": "શ્રી સ્વામિનારાયણ ભગવાને પોતાના ભક્તોની પરીક્ષા \nકરવા માટે ઘણી વાર રીસનો ઉપયોગ કર્યો છે. આપણે \nઆવાં કેટલાંક દૃષ્ટાન્તો એમના જીવનમાંથી જોઈએ.",
                "lines": [
                    "શ્રી સ્વામિનારાયણ ભગવાને પોતાના ભક્તોની પરીક્ષા",
                    "કરવા માટે ઘણી વાર રીસનો ઉપયોગ કર્યો છે. આપણે",
                    "આવાં કેટલાંક દૃષ્ટાન્તો એમના જીવનમાંથી જોઈએ."
                ]
            },
            {
                "block_text": "એક સમયે શ્રીજી મહારાજે દાદાખાચરને રાત્રે કહ્યું \nકે “દાદા! બે હજાર રૂપિઆલાવો, મારે ધર્માદામાં આપવા \nછે.” ત્યારે દાદા ખાચરે કહ્યું, “મહારાજ! સવારે આપીશ.” \nઆ સાંભળી શ્રીહરિ કાંઈ બોલ્યા નહિ અને વહેલી સવારમાં \nરિસાઈને ગઢડાના પોતાના નિવાસસ્થાનમાંથી ચાલી નીકળ્યા",
                "lines": [
                    "એક સમયે શ્રીજી મહારાજે દાદાખાચરને રાત્રે કહ્યું",
                    "કે “દાદા! બે હજાર રૂપિઆલાવો, મારે ધર્માદામાં આપવા",
                    "છે.” ત્યારે દાદા ખાચરે કહ્યું, “મહારાજ! સવારે આપીશ.”",
                    "આ સાંભળી શ્રીહરિ કાંઈ બોલ્યા નહિ અને વહેલી સવારમાં",
                    "રિસાઈને ગઢડાના પોતાના નિવાસસ્થાનમાંથી ચાલી નીકળ્યા"
                ]
            }
        ]
    }
}