{
    "page_number": 12,
    "right_column": {
        "blocks": [
            {
                "block_text": "એક સમયે ગઢડામાં શ્રીજી મહારાજ રિસાઈને ચાલી \nનીકળ્યા અને લીંબડી ગામમાં સગરામ વાઘરીના કૂબામાં \nગયા અને તેમણે સગરામને કહ્યું : “તું દાતણ સોરવા \nબારણામાં બેસ અને કોઈ આવે તો તેને ના પાડજે.”",
                "lines": [
                    "એક સમયે ગઢડામાં શ્રીજી મહારાજ રિસાઈને ચાલી",
                    "નીકળ્યા અને લીંબડી ગામમાં સગરામ વાઘરીના કૂબામાં",
                    "ગયા અને તેમણે સગરામને કહ્યું : “તું દાતણ સોરવા",
                    "બારણામાં બેસ અને કોઈ આવે તો તેને ના પાડજે.”"
                ]
            },
            {
                "block_text": "થોડી વાર પછી પાછળથી બ્રહ્માનંદ સ્વામી આદિક \nસંતો તથા સુરા ખાચર આદિ હરિભક્તો લીંબડી આવ્યા \nઅને સગરામના કૂબા પાસે આવી તેમણે પૂછ્યું : “સગરામ! \nમહારાજ તારા કૂબામાં આવ્યા છે?”",
                "lines": [
                    "થોડી વાર પછી પાછળથી બ્રહ્માનંદ સ્વામી આદિક",
                    "સંતો તથા સુરા ખાચર આદિ હરિભક્તો લીંબડી આવ્યા",
                    "અને સગરામના કૂબા પાસે આવી તેમણે પૂછ્યું : “સગરામ!",
                    "મહારાજ તારા કૂબામાં આવ્યા છે?”"
                ]
            },
            {
                "block_text": "સગરામે ના પાડી અને કહ્યું : “મહારાજ કદાચ \nમૂળજી શેઠની મેડીએ હશે.” આ સાંભળી બધા મૂળજી \nશેઠની મેડીએ ગયા ત્યારે શ્રીજી મહારાજ કૂબામાંથી નીસરીને \nબીજે જવા ચાલવા લાગ્યા. બ્રહ્માનંદ સ્વામી તથા સુરા \nખાચરે જઈને મૂળજી શેઠને પૂછ્યું, મૂળજી શેઠે મેડી \nઉપર ચડીને જોયું તો શ્રીજી મહારાજને દૂર જતા જોયા. \nએમણે કહ્યું : “શ્રીજી મહારાજ તો દોડ્યા જાય છે.” \nઆ સાંભળી બધા શ્રીજી મહારાજની પાછળ દોડ્યા પણ \nશ્રીજી મહારાજ કાણોતર ગામે પહોંચી ગયા. ત્યાં બે સત્સંગી \nભરવાડ ભાઈઓ હતા તેમને ઘેર ગયા અને એક ભાઈને \nતેમણે કહ્યું : “અમને કોઠીમાં સંતાડો.”",
                "lines": [
                    "સગરામે ના પાડી અને કહ્યું : “મહારાજ કદાચ",
                    "મૂળજી શેઠની મેડીએ હશે.” આ સાંભળી બધા મૂળજી",
                    "શેઠની મેડીએ ગયા ત્યારે શ્રીજી મહારાજ કૂબામાંથી નીસરીને",
                    "બીજે જવા ચાલવા લાગ્યા. બ્રહ્માનંદ સ્વામી તથા સુરા",
                    "ખાચરે જઈને મૂળજી શેઠને પૂછ્યું, મૂળજી શેઠે મેડી",
                    "ઉપર ચડીને જોયું તો શ્રીજી મહારાજને દૂર જતા જોયા.",
                    "એમણે કહ્યું : “શ્રીજી મહારાજ તો દોડ્યા જાય છે.”",
                    "આ સાંભળી બધા શ્રીજી મહારાજની પાછળ દોડ્યા પણ",
                    "શ્રીજી મહારાજ કાણોતર ગામે પહોંચી ગયા. ત્યાં બે સત્સંગી",
                    "ભરવાડ ભાઈઓ હતા તેમને ઘેર ગયા અને એક ભાઈને",
                    "તેમણે કહ્યું : “અમને કોઠીમાં સંતાડો.”"
                ]
            },
            {
                "block_text": "ભરવાડે કહ્યું : “મારા ભાઈને ઘેર કોઠીઓ છે.” \nએટલે શ્રીજી મહારાજ બાજુમાં આવેલા એના ભાઈને ઘેર \nજવા વંડી પર ચડવા ગયા ત્યારે તેમનાં ચરણકમળમાંથી",
                "lines": [
                    "ભરવાડે કહ્યું : “મારા ભાઈને ઘેર કોઠીઓ છે.”",
                    "એટલે શ્રીજી મહારાજ બાજુમાં આવેલા એના ભાઈને ઘેર",
                    "જવા વંડી પર ચડવા ગયા ત્યારે તેમનાં ચરણકમળમાંથી"
                ]
            }
        ]
    }
}