{
    "page_number": 3,
    "right_column": {
        "blocks": [
            {
                "block_text": "આથી શ્રીજી મહારાજનું હૃદય દયાથી ઊભરાયું અને પોતે \nપાછા ફરવાનો નિર્ણય કર્યો. અને ભાવથી તેઓ દાદા ખાચરને \nભેટ્યા અને બોલ્યા : “અમે હવે તમારે ત્યાં નિરંતર \nરહીશું.” પછી દાદા ખાચરની સાથે શ્રીજી મહારાજ \nપાછા દરબારગઢમાં આવ્યા. શ્રીજી મહારાજ વાસુદેવ \nનારાયણને ઓરડે વિરાજ્યા અને એમણે લાડુબા તથા મોટીબાને \nબોલાવીને બધી હકીકત કહી અને વધુમાં કહ્યું : \n“અમારે તો રહેવું ન હતું પણ દાદા ખાચરે બહુ પ્રયાસથી \nરાખ્યા અને જવા દીધા નહિ અને હવે તો અમે વશ \nથયા અને તમારે ત્યાં નિરંતર રહેશું.” આમ કહીને \nશ્રીજી મહારાજ દાદા ખાચર ઉપર ખૂબ રાજી થયા.",
                "lines": [
                    "આથી શ્રીજી મહારાજનું હૃદય દયાથી ઊભરાયું અને પોતે",
                    "પાછા ફરવાનો નિર્ણય કર્યો. અને ભાવથી તેઓ દાદા ખાચરને",
                    "ભેટ્યા અને બોલ્યા : “અમે હવે તમારે ત્યાં નિરંતર",
                    "રહીશું.” પછી દાદા ખાચરની સાથે શ્રીજી મહારાજ",
                    "પાછા દરબારગઢમાં આવ્યા. શ્રીજી મહારાજ વાસુદેવ",
                    "નારાયણને ઓરડે વિરાજ્યા અને એમણે લાડુબા તથા મોટીબાને",
                    "બોલાવીને બધી હકીકત કહી અને વધુમાં કહ્યું :",
                    "“અમારે તો રહેવું ન હતું પણ દાદા ખાચરે બહુ પ્રયાસથી",
                    "રાખ્યા અને જવા દીધા નહિ અને હવે તો અમે વશ",
                    "થયા અને તમારે ત્યાં નિરંતર રહેશું.” આમ કહીને",
                    "શ્રીજી મહારાજ દાદા ખાચર ઉપર ખૂબ રાજી થયા."
                ]
            },
            {
                "block_text": "શ્રીજી મહારાજ દાદા ખાચર ઉપર કેમ રિસાયા હશે?",
                "lines": [
                    "શ્રીજી મહારાજ દાદા ખાચર ઉપર કેમ રિસાયા હશે?"
                ]
            },
            {
                "block_text": "શ્રીજી મડારાજે દાદા ખાચરને પોતાના સર્વોત્તમ ભક્ત \nબનાવવા અને એમનામાં કોઈ કચાશ નહિ રહે તે માટે \nઅને આવી કચાશને દૂર કરવા માટે જ આવી લીલા \nઊભી કરી.",
                "lines": [
                    "શ્રીજી મડારાજે દાદા ખાચરને પોતાના સર્વોત્તમ ભક્ત",
                    "બનાવવા અને એમનામાં કોઈ કચાશ નહિ રહે તે માટે",
                    "અને આવી કચાશને દૂર કરવા માટે જ આવી લીલા",
                    "ઊભી કરી."
                ]
            },
            {
                "block_text": "એક સમયે શ્રીજી મહારાજ અક્ષર ઓરડીમાં \nવિરાજમાન હતા. આ સમયે દાદા ખાચરનાં ફોઈ દાદા \nખાચરને વઢવા લાગ્યાં. આ સાંભળી શ્રીજી મહારાજે\nપૂછ્યું : “શું છે?”",
                "lines": [
                    "એક સમયે શ્રીજી મહારાજ અક્ષર ઓરડીમાં",
                    "વિરાજમાન હતા. આ સમયે દાદા ખાચરનાં ફોઈ દાદા",
                    "ખાચરને વઢવા લાગ્યાં. આ સાંભળી શ્રીજી મહારાજે",
                    "પૂછ્યું : “શું છે?”"
                ]
            },
            {
                "block_text": "ત્યારે રતનજીએ કહ્યું કે : “ભગવાન! ભાદરવા સુદ \nચોથ ગડીયાચોથ કહેવાય છે. આ દિવસે બીજાના ઘર ઉપર",
                "lines": [
                    "ત્યારે રતનજીએ કહ્યું કે : “ભગવાન! ભાદરવા સુદ",
                    "ચોથ ગડીયાચોથ કહેવાય છે. આ દિવસે બીજાના ઘર ઉપર"
                ]
            }
        ]
    }
}