{
    "page_number": 9,
    "right_column": {
        "blocks": [
            {
                "block_text": "કટકાવ લીનો અને ઘટકાવ લીનો,\nઅરે શામળે, અરે કાનુડે મટકાવ લીનો; \nરાધાનો અકોટો પટકાવ લીનો.",
                "lines": [
                    "કટકાવ લીનો અને ઘટકાવ લીનો,",
                    "અરે શામળે, અરે કાનુડે મટકાવ લીનો;",
                    "રાધાનો અકોટો પટકાવ લીનો."
                ]
            },
            {
                "block_text": "આ સાંભળી શ્રીજી મહારાજ હસીપડ્યા. પછી તે \nએ બીજી પ્રભાતી બોલ્યો કે : “કાનો રૂઠ્યો, રાધા \nમનાવે.” આ પ્રભાતી રાગ સાંભળી શ્રીજી મહારાજ ઘાસિયા \nઉપર ઉગમણું મુખ રાખીને આડે પડખે થયા અનેસ. ગુ.મુક્તાનંદ સ્વામીને કહેવા લાગ્યા. “અમારો જીવ ઘણો \nઉદાસી થયો છે માટે હમણાં અમે ઉત્તરખંડમાં જાશું, \nકેમ જે અમારું ચિત્ત ઘણું ખેંચાય છે. માટે અમારે \nરહેવું નથી.”",
                "lines": [
                    "આ સાંભળી શ્રીજી મહારાજ હસીપડ્યા. પછી તે",
                    "એ બીજી પ્રભાતી બોલ્યો કે : “કાનો રૂઠ્યો, રાધા",
                    "મનાવે.” આ પ્રભાતી રાગ સાંભળી શ્રીજી મહારાજ ઘાસિયા",
                    "ઉપર ઉગમણું મુખ રાખીને આડે પડખે થયા અનેસ. ગુ.મુક્તાનંદ સ્વામીને કહેવા લાગ્યા. “અમારો જીવ ઘણો",
                    "ઉદાસી થયો છે માટે હમણાં અમે ઉત્તરખંડમાં જાશું,",
                    "કેમ જે અમારું ચિત્ત ઘણું ખેંચાય છે. માટે અમારે",
                    "રહેવું નથી.”"
                ]
            },
            {
                "block_text": "આ સમયે દરબારગઢમાંથી એક માણસ આવ્યો અને \nબોલ્યો : “મોટીબાનો જીવ રહે તેમ નથી એવું અચાનક \nકાંઈક થઈ ગયું છે.”",
                "lines": [
                    "આ સમયે દરબારગઢમાંથી એક માણસ આવ્યો અને",
                    "બોલ્યો : “મોટીબાનો જીવ રહે તેમ નથી એવું અચાનક",
                    "કાંઈક થઈ ગયું છે.”"
                ]
            },
            {
                "block_text": "આ સાંભળી બ્રહ્માનંદ સ્વામી બોલ્યા : “હે કૃપાનાથ! \nઆમ કર્યે શું થાય? તમારી ઉદાસીથી કેટલાક \nહરિજનોના (સત્સંગીઓના) દેહ પડી જશે. માટે આમ \nન કરો.”",
                "lines": [
                    "આ સાંભળી બ્રહ્માનંદ સ્વામી બોલ્યા : “હે કૃપાનાથ!",
                    "આમ કર્યે શું થાય? તમારી ઉદાસીથી કેટલાક",
                    "હરિજનોના (સત્સંગીઓના) દેહ પડી જશે. માટે આમ",
                    "ન કરો.”"
                ]
            },
            {
                "block_text": "આ સાંભળીને શ્રીજી મહારાજ હસ્યા, તેટલામાં એમને \nબગાસું આવ્યું એટલે તેઓએ ચપટી વગાડી ત્યારે તેમની \nસાથે પરમહંસોએ પણ ચપટી વગાડી. થોડી વાર થઈ ત્યાં \nફરી દરબારગઢમાંથી માણસ આવ્યો અને બોલ્યો : “જીવુબાને \nસુવાણ થઈ છે.” પછી શ્રીજી મહારાજે બેચર ચાવડાને",
                "lines": [
                    "આ સાંભળીને શ્રીજી મહારાજ હસ્યા, તેટલામાં એમને",
                    "બગાસું આવ્યું એટલે તેઓએ ચપટી વગાડી ત્યારે તેમની",
                    "સાથે પરમહંસોએ પણ ચપટી વગાડી. થોડી વાર થઈ ત્યાં",
                    "ફરી દરબારગઢમાંથી માણસ આવ્યો અને બોલ્યો : “જીવુબાને",
                    "સુવાણ થઈ છે.” પછી શ્રીજી મહારાજે બેચર ચાવડાને"
                ]
            }
        ]
    }
}