{
    "page_number": 5,
    "right_column": {
        "blocks": [
            {
                "block_text": "જાવ.” એટલામાં પાર્ષદ પ્રાગજી દવેને બોલાવવા આવ્યા \nતેથી તેઓ શ્રીજી મહારાજ પાસે કથા કરવા ગયા અને શ્રીજી \nમહારાજને પગે લાગી તેમણે કથા વાંચવાની શરૂઆત કરી. \nશ્રીજી મહારાજ પણ ધ્યાનથી તે કથા સાંભળવા લાગ્યા.",
                "lines": [
                    "જાવ.” એટલામાં પાર્ષદ પ્રાગજી દવેને બોલાવવા આવ્યા",
                    "તેથી તેઓ શ્રીજી મહારાજ પાસે કથા કરવા ગયા અને શ્રીજી",
                    "મહારાજને પગે લાગી તેમણે કથા વાંચવાની શરૂઆત કરી.",
                    "શ્રીજી મહારાજ પણ ધ્યાનથી તે કથા સાંભળવા લાગ્યા."
                ]
            },
            {
                "block_text": "દરબારગઢમાં જીવુબા થાળ તૈયાર કરતાં હતાં. થાળ \nતૈયાર થઈ ગયા પછી તેમણે બ્રહ્મચારીને કહ્યું : “થાળ \nતૈયાર થઈ ગયો છે તો શ્રીજી મહારાજને બોલાવી લાવો.”",
                "lines": [
                    "દરબારગઢમાં જીવુબા થાળ તૈયાર કરતાં હતાં. થાળ",
                    "તૈયાર થઈ ગયા પછી તેમણે બ્રહ્મચારીને કહ્યું : “થાળ",
                    "તૈયાર થઈ ગયો છે તો શ્રીજી મહારાજને બોલાવી લાવો.”"
                ]
            },
            {
                "block_text": "ત્યારે સદ્ગુરુ બ્રહ્માનંદ સ્વામીએ કહ્યું : “જરા \nત્યાં જઈને પૂછી તો આવો.”",
                "lines": [
                    "ત્યારે સદ્ગુરુ બ્રહ્માનંદ સ્વામીએ કહ્યું : “જરા",
                    "ત્યાં જઈને પૂછી તો આવો.”"
                ]
            },
            {
                "block_text": "બ્રહ્મચારી પુંજા કડિયાને ઘેર ગયા તો ત્યાં ખડકીનાં \nકમાડ બંધ જોયાં. બહારથી એમણે શ્રીજી મહારાજને કહ્યું : \n“મહારાજ! થાળ તૈયાર થઈ ગયો છે.”",
                "lines": [
                    "બ્રહ્મચારી પુંજા કડિયાને ઘેર ગયા તો ત્યાં ખડકીનાં",
                    "કમાડ બંધ જોયાં. બહારથી એમણે શ્રીજી મહારાજને કહ્યું :",
                    "“મહારાજ! થાળ તૈયાર થઈ ગયો છે.”"
                ]
            },
            {
                "block_text": "શ્રીજી મહારાજે કહ્યું : “થાળ અહીં લેવરાવી આવો.”",
                "lines": [
                    "શ્રીજી મહારાજે કહ્યું : “થાળ અહીં લેવરાવી આવો.”"
                ]
            },
            {
                "block_text": "બ્રહ્મચારી પાછા જતાં જતાં બોલ્યા : “ભાઈ! ધણીનો \nકોઈ ધણી છે?” આમ કહી તેઓ થાળ ત્યાં લેવરાવી \nઆવ્યા અને એમણે શ્રીજી મહારાજને જમાડ્યા. પછી \nદાદા ખાચર, લાધા ઠક્કર અને હરજી ઠક્કર બ્રહ્માનંદ સ્વામી \nપાસે આવ્યા અને બોલ્યા કે, “હવે કઈ રીતે શ્રીજી મહારાજ \nદરબારમાં પધારે?”",
                "lines": [
                    "બ્રહ્મચારી પાછા જતાં જતાં બોલ્યા : “ભાઈ! ધણીનો",
                    "કોઈ ધણી છે?” આમ કહી તેઓ થાળ ત્યાં લેવરાવી",
                    "આવ્યા અને એમણે શ્રીજી મહારાજને જમાડ્યા. પછી",
                    "દાદા ખાચર, લાધા ઠક્કર અને હરજી ઠક્કર બ્રહ્માનંદ સ્વામી",
                    "પાસે આવ્યા અને બોલ્યા કે, “હવે કઈ રીતે શ્રીજી મહારાજ",
                    "દરબારમાં પધારે?”"
                ]
            },
            {
                "block_text": "બ્રહ્માનંદ સ્વામી કહે : “જેમનાથી રિસાયા છે તેમને \nજ મનાવવા મોકલો.” પછી દાદા ખાચરનાં મા તથા ફોઈ \nઆરતી થયા પછી શ્રીજી મહારાજ જ્યાં ગયા હતાત્યાં",
                "lines": [
                    "બ્રહ્માનંદ સ્વામી કહે : “જેમનાથી રિસાયા છે તેમને",
                    "જ મનાવવા મોકલો.” પછી દાદા ખાચરનાં મા તથા ફોઈ",
                    "આરતી થયા પછી શ્રીજી મહારાજ જ્યાં ગયા હતાત્યાં"
                ]
            }
        ]
    }
}