{
    "page_number": 2,
    "right_column": {
        "blocks": [
            {
                "block_text": "કે તરત જ આ વાતની ખબર દાદા ખાચરને પડી ગઈ. \nતેઓ તો શ્રીજી મહારાજના પરમ ભક્ત હતા તેથી કંઈ \nશ્રીજી મહારાજને એમ ચાલી જવા દે ખરા? શ્રીજી મહારાજ \nદરબારગઢમાંથી નીકળી દરવાજા બહાર આવ્યા અને \nત્યાં ગણપતિની દેરી છે ત્યાં પહોંચ્યા ત્યારે દાદા ખાચર \nપણ ત્યાં પહોંચી ગયા અને શ્રીજી મહારાજનાં ચરણારવિંદ \nપર મસ્તક રાખી દૃઢતાથી એમનાં ચરણારવિંદ પકડી \nરાખ્યાં, જેથી શ્રીજી મહારાજ ચાલી જાય નહિ. પરંતુ \nશ્રીજી મહારાજે દાદા ખાચરને કેડથી પકડીને દૂર કર્યા અને \nપોતે આગળ ચાલવા લાગ્યા. શ્રીજી મહારાજ મંદિરના \nવંડાનો જે ભાગ ઘરના ઓરડાથી ઉતરાદિ દિશામાં પડે છે \nત્યાં પહોંચ્યા ત્યારે દાદા ખાચરે ફરી દૃઢતાથી એમનાં \nચરણારવિંદ પકડી એના પર પોતાનું મસ્તક રાખ્યું. પરંતુ \nશ્રીજી મહારાજે બળપૂર્વક પોતાનાં ચરણારવિંદ છોડાવ્યાં \nઅને દાદા ખાચરને આઘા હડસેલી દીધા અને પોતે આગળ \nચાલવા લાગ્યા.",
                "lines": [
                    "કે તરત જ આ વાતની ખબર દાદા ખાચરને પડી ગઈ.",
                    "તેઓ તો શ્રીજી મહારાજના પરમ ભક્ત હતા તેથી કંઈ",
                    "શ્રીજી મહારાજને એમ ચાલી જવા દે ખરા? શ્રીજી મહારાજ",
                    "દરબારગઢમાંથી નીકળી દરવાજા બહાર આવ્યા અને",
                    "ત્યાં ગણપતિની દેરી છે ત્યાં પહોંચ્યા ત્યારે દાદા ખાચર",
                    "પણ ત્યાં પહોંચી ગયા અને શ્રીજી મહારાજનાં ચરણારવિંદ",
                    "પર મસ્તક રાખી દૃઢતાથી એમનાં ચરણારવિંદ પકડી",
                    "રાખ્યાં, જેથી શ્રીજી મહારાજ ચાલી જાય નહિ. પરંતુ",
                    "શ્રીજી મહારાજે દાદા ખાચરને કેડથી પકડીને દૂર કર્યા અને",
                    "પોતે આગળ ચાલવા લાગ્યા. શ્રીજી મહારાજ મંદિરના",
                    "વંડાનો જે ભાગ ઘરના ઓરડાથી ઉતરાદિ દિશામાં પડે છે",
                    "ત્યાં પહોંચ્યા ત્યારે દાદા ખાચરે ફરી દૃઢતાથી એમનાં",
                    "ચરણારવિંદ પકડી એના પર પોતાનું મસ્તક રાખ્યું. પરંતુ",
                    "શ્રીજી મહારાજે બળપૂર્વક પોતાનાં ચરણારવિંદ છોડાવ્યાં",
                    "અને દાદા ખાચરને આઘા હડસેલી દીધા અને પોતે આગળ",
                    "ચાલવા લાગ્યા."
                ]
            },
            {
                "block_text": "શ્રીજી મહારાજ હોલાયાને માર્ગે વોંકળી સુધી \nઆવ્યા ત્યારે ફરી દાદા ખાચરે એમનાં ચરણારવિંદ દૃઢતાથી \nપકડી એના ઉપર પોતાનું મસ્તક રાખ્યું. પરંતુ \nશ્રીજી મહારાજે હડસેલો મારી તેમને પાડી નાંખ્યા અને \nપોતે આગળ ચાલવા લાગ્યા. દાદા ખાચરને ખૂબ વાગ્યું \nહોવાથી તેઓ રડવા લાગ્યા. શ્રીજી મહારાજે જરા આગળ \nચાલીને જોયું તો દાદા ખાચર થરથર કંપતા ઊભા હતા.",
                "lines": [
                    "શ્રીજી મહારાજ હોલાયાને માર્ગે વોંકળી સુધી",
                    "આવ્યા ત્યારે ફરી દાદા ખાચરે એમનાં ચરણારવિંદ દૃઢતાથી",
                    "પકડી એના ઉપર પોતાનું મસ્તક રાખ્યું. પરંતુ",
                    "શ્રીજી મહારાજે હડસેલો મારી તેમને પાડી નાંખ્યા અને",
                    "પોતે આગળ ચાલવા લાગ્યા. દાદા ખાચરને ખૂબ વાગ્યું",
                    "હોવાથી તેઓ રડવા લાગ્યા. શ્રીજી મહારાજે જરા આગળ",
                    "ચાલીને જોયું તો દાદા ખાચર થરથર કંપતા ઊભા હતા."
                ]
            }
        ]
    }
}