{
    "page_number": 1,
    "right_column": {
        "blocks": [
            {
                "block_text": "શ્રી સ્વામિનારાયણ ભગવાનની \nરીસાવાની લીલા",
                "lines": [
                    "શ્રી સ્વામિનારાયણ ભગવાનની",
                    "રીસાવાની લીલા"
                ]
            },
            {
                "block_text": "સ્વામિનારાયણ ભગવાનની અલૌકિક લીલાઓનો કોઈ \nપાર નથી. ક્રોધ સામાન્ય રીતે દુર્ગુણ ગણાય છે. પરંતુ કવિ \nકાલિદાસે કહ્યું છે કે ઉત્તમ મનુષ્યોનો ક્રોધ પણ વરદાનરૂપ \nબને છે. (क्रोधोऽपि देवस्य वरेण तुल्यः।) વળી વેદમાં પણ \nકહ્યું છે કે હે ભગવાન! તમે ક્રોધસ્વરૂપ છો તો તે ક્રોધ \nમને આપો. (मन्युरसि मन्युं मयि धेहि।) મનુષ્યમાં અનિષ્ટો \nસામે, દુર્ગુણો સામે ક્રોધનો (પ્રતિકારનો) ભાવ હોવો જ \nજોઈએ જેથી આવા દુર્ગુણો એનાથી દૂર રહે. ક્રોધ પોતે \nખરાબ નથી પણ તે ક્યાં, ક્યારે, કેવી રીતે અને શા માટે \nકરવામાં આવે છે એના પરથી જ તે ક્રોધ સારો છે કે ખરાબ \nતે સમજાય છે. નરસિંહાવતારમાં ભગવાને હિરણ્યકશિપુ ઉપર \nક્રોધ કરી તેના શરીરને નખ વડે ફાડી નાંખ્યું તે કાર્યને \nઆપણે ખરાબ ગણતા નથી. શ્રીરામે રાવણ સાથે યુદ્ધ \nકર્યું તેને આપણે ખરાબ ગણતા નથી.",
                "lines": [
                    "સ્વામિનારાયણ ભગવાનની અલૌકિક લીલાઓનો કોઈ",
                    "પાર નથી. ક્રોધ સામાન્ય રીતે દુર્ગુણ ગણાય છે. પરંતુ કવિ",
                    "કાલિદાસે કહ્યું છે કે ઉત્તમ મનુષ્યોનો ક્રોધ પણ વરદાનરૂપ",
                    "બને છે. (क्रोधोऽपि देवस्य वरेण तुल्यः।) વળી વેદમાં પણ",
                    "કહ્યું છે કે હે ભગવાન! તમે ક્રોધસ્વરૂપ છો તો તે ક્રોધ",
                    "મને આપો. (मन्युरसि मन्युं मयि धेहि।) મનુષ્યમાં અનિષ્ટો",
                    "સામે, દુર્ગુણો સામે ક્રોધનો (પ્રતિકારનો) ભાવ હોવો જ",
                    "જોઈએ જેથી આવા દુર્ગુણો એનાથી દૂર રહે. ક્રોધ પોતે",
                    "ખરાબ નથી પણ તે ક્યાં, ક્યારે, કેવી રીતે અને શા માટે",
                    "કરવામાં આવે છે એના પરથી જ તે ક્રોધ સારો છે કે ખરાબ",
                    "તે સમજાય છે. નરસિંહાવતારમાં ભગવાને હિરણ્યકશિપુ ઉપર",
                    "ક્રોધ કરી તેના શરીરને નખ વડે ફાડી નાંખ્યું તે કાર્યને",
                    "આપણે ખરાબ ગણતા નથી. શ્રીરામે રાવણ સાથે યુદ્ધ",
                    "કર્યું તેને આપણે ખરાબ ગણતા નથી."
                ]
            },
            {
                "block_text": "શ્રી સ્વમિનારાયણ ભગવાને જીવનમાં ક્રોધનો ઉપયોગ \nકેવી રીતે કરી શકાય તે સમજાવવા અનેક લીલાઓ કરી \nછે. તેઓ સજ્જનોનાં રક્ષણ માટે, દુર્જનોને સીધા રાહ",
                "lines": [
                    "શ્રી સ્વમિનારાયણ ભગવાને જીવનમાં ક્રોધનો ઉપયોગ",
                    "કેવી રીતે કરી શકાય તે સમજાવવા અનેક લીલાઓ કરી",
                    "છે. તેઓ સજ્જનોનાં રક્ષણ માટે, દુર્જનોને સીધા રાહ"
                ]
            }
        ]
    }
}