{
    "page_number": 13,
    "right_column": {
        "blocks": [
            {
                "block_text": "એક મોજડી નીકળી ગઈ. આ મોજડી લઈને ભરવાડ કહે : \n“હવે મને બીજી મોજડી પણ આપી દો.નહીંતો હું \nતમે કયાં સંતાયા છો તે બધાને બતાવી દઈશ.”",
                "lines": [
                    "એક મોજડી નીકળી ગઈ. આ મોજડી લઈને ભરવાડ કહે :",
                    "“હવે મને બીજી મોજડી પણ આપી દો.નહીંતો હું",
                    "તમે કયાં સંતાયા છો તે બધાને બતાવી દઈશ.”"
                ]
            },
            {
                "block_text": "શ્રીજી મહારાજે તેને બીજી મોજડી આપી દીધી અને \nબાજુના ઘરમાં જઈ ભરવાડના ભાઈની કોઠીમાં સંતાઈ ગયા. \nએટલી વારમાં સદ્ગુરુ બ્રહ્માનંદ સ્વામી તથા સુરા ખાચર \nત્યાં પહોંચી ગયા અને તેમણે ભરવાડના ભાઈને કહ્યું : \n“શ્રીજી મહારાજ તારા ઘરમાં છે?” ભરવાડે ના પાડી \nએટલે સુરા ખાચરે પૂછ્યું : “તારા ઘરમાં માણસ \nકેટલા છે?”",
                "lines": [
                    "શ્રીજી મહારાજે તેને બીજી મોજડી આપી દીધી અને",
                    "બાજુના ઘરમાં જઈ ભરવાડના ભાઈની કોઠીમાં સંતાઈ ગયા.",
                    "એટલી વારમાં સદ્ગુરુ બ્રહ્માનંદ સ્વામી તથા સુરા ખાચર",
                    "ત્યાં પહોંચી ગયા અને તેમણે ભરવાડના ભાઈને કહ્યું :",
                    "“શ્રીજી મહારાજ તારા ઘરમાં છે?” ભરવાડે ના પાડી",
                    "એટલે સુરા ખાચરે પૂછ્યું : “તારા ઘરમાં માણસ",
                    "કેટલા છે?”"
                ]
            },
            {
                "block_text": "ભરવાડ કહો : “મારા ઘરમાં પાંચ માણસ છે.”",
                "lines": [
                    "ભરવાડ કહો : “મારા ઘરમાં પાંચ માણસ છે.”"
                ]
            },
            {
                "block_text": "પછી સુરા ખાચરે કહ્યું : “એ બધાને બહાર કાઢો \nએટલે અમે એમને ગણી લઈએ.” બધા માણસો ઘરની \nબહાર આવ્યા અને સુરા ખાચરે ગણતરી કરી તો છ \nમાણસ થયા.",
                "lines": [
                    "પછી સુરા ખાચરે કહ્યું : “એ બધાને બહાર કાઢો",
                    "એટલે અમે એમને ગણી લઈએ.” બધા માણસો ઘરની",
                    "બહાર આવ્યા અને સુરા ખાચરે ગણતરી કરી તો છ",
                    "માણસ થયા."
                ]
            },
            {
                "block_text": "સુરા ખાચરે કહ્યું, “તમે તો ઘરમાં પાંચ માણસ છે \nએમ કહેતા પણ આ તો છ માણસ છે.”",
                "lines": [
                    "સુરા ખાચરે કહ્યું, “તમે તો ઘરમાં પાંચ માણસ છે",
                    "એમ કહેતા પણ આ તો છ માણસ છે.”"
                ]
            },
            {
                "block_text": "ભરવાડ કહે, “હવે તમે જાણો.” એટલે સુરા ખાચરે \nએમાંથી શ્રીજી મહારાજને પારખી લીધા અને પકડી લીધા. \nશ્રીજી મહારાજે એ સમયે સાડી પહેરી હતી તથા હાથમાં \nવેલણ લીધું હતું. સુરા ખાચરે શ્રીજી મહારાજની સાડી \nઉતરાવી અને વેલણ હાથમાંથી છોડાવ્યું અને કહ્યું :",
                "lines": [
                    "ભરવાડ કહે, “હવે તમે જાણો.” એટલે સુરા ખાચરે",
                    "એમાંથી શ્રીજી મહારાજને પારખી લીધા અને પકડી લીધા.",
                    "શ્રીજી મહારાજે એ સમયે સાડી પહેરી હતી તથા હાથમાં",
                    "વેલણ લીધું હતું. સુરા ખાચરે શ્રીજી મહારાજની સાડી",
                    "ઉતરાવી અને વેલણ હાથમાંથી છોડાવ્યું અને કહ્યું :"
                ]
            }
        ]
    }
}