{
    "page_number": 7,
    "right_column": {
        "blocks": [
            {
                "block_text": "ગોપીનાથ મટીને રે ગિરધર, \nકુબજાના નાથ કહેવાશો. મ. ૨",
                "lines": [
                    "ગોપીનાથ મટીને રે ગિરધર,",
                    "કુબજાના નાથ કહેવાશો. મ. ૨"
                ]
            },
            {
                "block_text": "બ્રહ્માનંદ કહે પરવશ થઈને, \nતેના તે મુખની ગાળ્યું ખાશો. મ. ૪",
                "lines": [
                    "બ્રહ્માનંદ કહે પરવશ થઈને,",
                    "તેના તે મુખની ગાળ્યું ખાશો. મ. ૪"
                ]
            },
            {
                "block_text": "આ પદ ગાયા બાદ સ. ગુ. બ્રહ્માનંદ સ્વામીએ શ્રીજી \nમહારાજને કહ્યું : “મહારાજ! રાતે તમે આવતા હતા ત્યારે \nપાછળ આવતી બેઉ બાઈઓ રસ્તા ઉપરના ખાડામાં પડી \nઅને બોલી કે ‘દાદો આટલો ખાડો પુરાવતા હોય તો’?”",
                "lines": [
                    "આ પદ ગાયા બાદ સ. ગુ. બ્રહ્માનંદ સ્વામીએ શ્રીજી",
                    "મહારાજને કહ્યું : “મહારાજ! રાતે તમે આવતા હતા ત્યારે",
                    "પાછળ આવતી બેઉ બાઈઓ રસ્તા ઉપરના ખાડામાં પડી",
                    "અને બોલી કે ‘દાદો આટલો ખાડો પુરાવતા હોય તો’?”"
                ]
            },
            {
                "block_text": "શ્રીજી મહારાજે કહ્યું : “ત્યાં પાણીનું વહેણ છે \nએટલે પથરા નાંખીને તે ખાડો પુરાવી દો.” આમ કહી \nશ્રીજી મહારાજ થાળ જમવા પધાર્યા.",
                "lines": [
                    "શ્રીજી મહારાજે કહ્યું : “ત્યાં પાણીનું વહેણ છે",
                    "એટલે પથરા નાંખીને તે ખાડો પુરાવી દો.” આમ કહી",
                    "શ્રીજી મહારાજ થાળ જમવા પધાર્યા."
                ]
            },
            {
                "block_text": "એક સમયે શ્રી સ્વામિનારાયણ ભગવાન રિસાઈને \nબેઠા હતા. કોઈને બોલાવેનહિઅને જમવા પણ ઊઠેનહિ. \nઆ વખતે સુરા ખાચર આવ્યા અને શ્રીજી મહારાજને પગે \nલાગ્યા. પણ મહારાજ કાંઈ બોલ્યાનહિ. આથી સુરા ખાચરને \nથયું આજે મહારાજ રિસાયા લાગે છે.",
                "lines": [
                    "એક સમયે શ્રી સ્વામિનારાયણ ભગવાન રિસાઈને",
                    "બેઠા હતા. કોઈને બોલાવેનહિઅને જમવા પણ ઊઠેનહિ.",
                    "આ વખતે સુરા ખાચર આવ્યા અને શ્રીજી મહારાજને પગે",
                    "લાગ્યા. પણ મહારાજ કાંઈ બોલ્યાનહિ. આથી સુરા ખાચરને",
                    "થયું આજે મહારાજ રિસાયા લાગે છે."
                ]
            },
            {
                "block_text": "સુરા ખાચરે વાત ચાલુ કરી, “ચારણના નેસડામાં \nએક નાગો બાવો રહેતો હતો. ચારણ તથા ચારણિયાણીઓ \nહાથમાં ભેટ લઈને હંમેશાં તેનાં દર્શને આવે. એક દિવસ \nચારણની સ્ત્રી ખાલી હાથે આવતી હતી. બાવાએ તેને \nછેટેથી જોઈ અને બાવો અવળો ફરી બેઠો. પછી તે \nચારણિયાણી તેની સન્મુખ આવી એટલે વળી પાછો તે ફરી",
                "lines": [
                    "સુરા ખાચરે વાત ચાલુ કરી, “ચારણના નેસડામાં",
                    "એક નાગો બાવો રહેતો હતો. ચારણ તથા ચારણિયાણીઓ",
                    "હાથમાં ભેટ લઈને હંમેશાં તેનાં દર્શને આવે. એક દિવસ",
                    "ચારણની સ્ત્રી ખાલી હાથે આવતી હતી. બાવાએ તેને",
                    "છેટેથી જોઈ અને બાવો અવળો ફરી બેઠો. પછી તે",
                    "ચારણિયાણી તેની સન્મુખ આવી એટલે વળી પાછો તે ફરી"
                ]
            }
        ]
    }
}