{
    "page_number": 4,
    "right_column": {
        "blocks": [
            {
                "block_text": "પથરા તથા ઠીંકરા ફેંકવાનો રિવાજ છે. ફોઈના ઘર પર \nરાતે પથરા અને ઠીંકરાં પડ્યાં તેથી તેઓ દાદા ખાચરનો \nદોષ કાઢી તેમને વઢે છે.”",
                "lines": [
                    "પથરા તથા ઠીંકરા ફેંકવાનો રિવાજ છે. ફોઈના ઘર પર",
                    "રાતે પથરા અને ઠીંકરાં પડ્યાં તેથી તેઓ દાદા ખાચરનો",
                    "દોષ કાઢી તેમને વઢે છે.”"
                ]
            },
            {
                "block_text": "ભગવાન તો આનંદસ્વરૂપ હતા. જગતમાં સર્વત્ર સુખ \nફેલાય તે માટે તેઓ પ્રગટ થયા હતા. એમનાથી આવો \nકલહ કેમ સાંખી શકાય? એટલે શ્રીજી મહારાજે એક \nસત્સંગીને કહ્યું : “ચાલો, આપણે અહીં રહેવું નથી.” \nઆમ કહી તેમણે એક જણની પાસે પોતાનો ઢોલિયો ઉપ- \nડાવ્યો, બીજાને માથે ગાદલું અને તકિયો તથા ત્રીજાને \nમસ્તકે કથાનો ગ્રંથ ઉપડાવીને તેઓ ત્યાંથી ચાલી નીકળ્યા. \nબ્રહ્માનંદ સ્વામી આ જોઈને બોલ્યા : “આ ઉચાળા દરબાર \nબહાર નીસર્યા.”",
                "lines": [
                    "ભગવાન તો આનંદસ્વરૂપ હતા. જગતમાં સર્વત્ર સુખ",
                    "ફેલાય તે માટે તેઓ પ્રગટ થયા હતા. એમનાથી આવો",
                    "કલહ કેમ સાંખી શકાય? એટલે શ્રીજી મહારાજે એક",
                    "સત્સંગીને કહ્યું : “ચાલો, આપણે અહીં રહેવું નથી.”",
                    "આમ કહી તેમણે એક જણની પાસે પોતાનો ઢોલિયો ઉપ-",
                    "ડાવ્યો, બીજાને માથે ગાદલું અને તકિયો તથા ત્રીજાને",
                    "મસ્તકે કથાનો ગ્રંથ ઉપડાવીને તેઓ ત્યાંથી ચાલી નીકળ્યા.",
                    "બ્રહ્માનંદ સ્વામી આ જોઈને બોલ્યા : “આ ઉચાળા દરબાર",
                    "બહાર નીસર્યા.”"
                ]
            },
            {
                "block_text": "શ્રીજી મહારાજ ત્યાંથી નીકળી વંડામાં પુંજા કડિયાને \nઘેર જઈને બોલ્યા : “અમને તમારું ઘર રહેવા આપો.”",
                "lines": [
                    "શ્રીજી મહારાજ ત્યાંથી નીકળી વંડામાં પુંજા કડિયાને",
                    "ઘેર જઈને બોલ્યા : “અમને તમારું ઘર રહેવા આપો.”"
                ]
            },
            {
                "block_text": "પુંજા કડિયાએ કહ્યું : “ભલે મહારાજ.”",
                "lines": [
                    "પુંજા કડિયાએ કહ્યું : “ભલે મહારાજ.”"
                ]
            },
            {
                "block_text": "શ્રીજી મહારાજે એક સંતને કહ્યું કે : આ કડિયાનો \nસામાન દાદા ખાચરના વંડામાં લઈ જાવ.”",
                "lines": [
                    "શ્રીજી મહારાજે એક સંતને કહ્યું કે : આ કડિયાનો",
                    "સામાન દાદા ખાચરના વંડામાં લઈ જાવ.”"
                ]
            },
            {
                "block_text": "પછી તેઓ ત્યાંથી આવશ્યક ચીજવસ્તુઓ લઈ ગયા.",
                "lines": [
                    "પછી તેઓ ત્યાંથી આવશ્યક ચીજવસ્તુઓ લઈ ગયા."
                ]
            },
            {
                "block_text": "પછી શ્રીજી મહારાજે કહ્યું, “હવે ખડકી બંધ કરી \nદો.” સંત અને પાર્ષદ મંદિરમાં આવ્યા. એ સમયે બ્રહ્માનંદ \nસ્વામીએ પ્રાગજી દવેને કહ્યું : “તમે કથા કરવા વંડામાં",
                "lines": [
                    "પછી શ્રીજી મહારાજે કહ્યું, “હવે ખડકી બંધ કરી",
                    "દો.” સંત અને પાર્ષદ મંદિરમાં આવ્યા. એ સમયે બ્રહ્માનંદ",
                    "સ્વામીએ પ્રાગજી દવેને કહ્યું : “તમે કથા કરવા વંડામાં"
                ]
            }
        ]
    }
}