{
    "page_number": 10,
    "right_column": {
        "blocks": [
            {
                "block_text": "ગામમાં મોકલ્યા અને એમની સાથે કહેવડાવ્યું કે “જીવુબાને \nકહેજો જે મહારાજે ‘જયનારાયણ’ કહ્યા છે અને મહારાજ \nહવેનહિજાય અને સાંજે ઘેર આવશે. માટે ભાત અહીં \nપહોંચાડજો.” આમ કહી તેમણે બેચર ચાવડાને ઝટ જઈને \nપોતાનો સંદેશો પહોંચાડી આવવા માટે કહ્યું.",
                "lines": [
                    "ગામમાં મોકલ્યા અને એમની સાથે કહેવડાવ્યું કે “જીવુબાને",
                    "કહેજો જે મહારાજે ‘જયનારાયણ’ કહ્યા છે અને મહારાજ",
                    "હવેનહિજાય અને સાંજે ઘેર આવશે. માટે ભાત અહીં",
                    "પહોંચાડજો.” આમ કહી તેમણે બેચર ચાવડાને ઝટ જઈને",
                    "પોતાનો સંદેશો પહોંચાડી આવવા માટે કહ્યું."
                ]
            },
            {
                "block_text": "પછી શ્રીજી મહારાજે દાતણ કરીને એક ખાટલા \nઉપર બેસીને સ્નાન કર્યું. ખેતરમાં લીલા ચણા થયા હતા \nતે લેવા માટે તેમણે સાધુને મોકલ્યા. સાધુ ચણા લઈ \nઆવ્યા ત્યારે તેમણે રાધાબાગમાંથી રીંગણાં મંગાવ્યાં. \nગામમાંથી ઘી મંગાવ્યું અને પછી શ્રીજી મહારાજે રાણપરનો \nમસાલો નાંખી શાક બનાવ્યું અને કહ્યું : “આપણા \nજેટલા માણસ હોય તેટલી તાંસળીઓ લાવો અને પતર \nલાવો.” પરમહંસ પતર લઈ આવ્યા. ત્યાં તો ભોજન આવ્યું \nઅને એની સાથે સહુને માટે વાસણો પણ લાવવામાં \nઆવ્યાં હતાં.",
                "lines": [
                    "પછી શ્રીજી મહારાજે દાતણ કરીને એક ખાટલા",
                    "ઉપર બેસીને સ્નાન કર્યું. ખેતરમાં લીલા ચણા થયા હતા",
                    "તે લેવા માટે તેમણે સાધુને મોકલ્યા. સાધુ ચણા લઈ",
                    "આવ્યા ત્યારે તેમણે રાધાબાગમાંથી રીંગણાં મંગાવ્યાં.",
                    "ગામમાંથી ઘી મંગાવ્યું અને પછી શ્રીજી મહારાજે રાણપરનો",
                    "મસાલો નાંખી શાક બનાવ્યું અને કહ્યું : “આપણા",
                    "જેટલા માણસ હોય તેટલી તાંસળીઓ લાવો અને પતર",
                    "લાવો.” પરમહંસ પતર લઈ આવ્યા. ત્યાં તો ભોજન આવ્યું",
                    "અને એની સાથે સહુને માટે વાસણો પણ લાવવામાં",
                    "આવ્યાં હતાં."
                ]
            },
            {
                "block_text": "શ્રીજી મહારાજ કહે : “આજે તો ગોવાળોની મંડળીની \nમાફક સહુ ફરતા બેસો.” આ સમયે ભોજનની બધી સામગ્રી \nજોઈ શ્રીજી મહારાજ ખુશ થયા. તેમણે સહુને બિરંજ \nઆપ્યો અને પોતે પણ તે થોડોક જમ્યા. પછી તેઓ \nબાજરાનો રોટલો અને શાક જમતા જાય અને સહુને પ્રસાદી \nઆપતા જાય અને વખાણ કરતા જાય.",
                "lines": [
                    "શ્રીજી મહારાજ કહે : “આજે તો ગોવાળોની મંડળીની",
                    "માફક સહુ ફરતા બેસો.” આ સમયે ભોજનની બધી સામગ્રી",
                    "જોઈ શ્રીજી મહારાજ ખુશ થયા. તેમણે સહુને બિરંજ",
                    "આપ્યો અને પોતે પણ તે થોડોક જમ્યા. પછી તેઓ",
                    "બાજરાનો રોટલો અને શાક જમતા જાય અને સહુને પ્રસાદી",
                    "આપતા જાય અને વખાણ કરતા જાય."
                ]
            },
            {
                "block_text": "બધા જમવા બેઠા પણ નાગાજણ છેલ્લો બેઠેલો હતો \nતેને વાસણ મળ્યું ન હતું, એટલે તેણે શ્રીજી મહારાજને",
                "lines": [
                    "બધા જમવા બેઠા પણ નાગાજણ છેલ્લો બેઠેલો હતો",
                    "તેને વાસણ મળ્યું ન હતું, એટલે તેણે શ્રીજી મહારાજને"
                ]
            }
        ]
    }
}