{
    "page_number": 6,
    "right_column": {
        "blocks": [
            {
                "block_text": "ત્યાં પહોંચ્યાં. તેમણે ખડકીની સાંકળ ઉઘડાવી અને પછી \nઅંદર જઈને શ્રીજી મહારાજને કહ્યું : “દરબારગઢમાં પધારો.”",
                "lines": [
                    "ત્યાં પહોંચ્યાં. તેમણે ખડકીની સાંકળ ઉઘડાવી અને પછી",
                    "અંદર જઈને શ્રીજી મહારાજને કહ્યું : “દરબારગઢમાં પધારો.”"
                ]
            },
            {
                "block_text": "શ્રીજી મહારાજ કહે, “આ પણ તમારો દરબારગઢ છે.",
                "lines": [
                    "શ્રીજી મહારાજ કહે, “આ પણ તમારો દરબારગઢ છે."
                ]
            },
            {
                "block_text": "ફોઈ બોલ્યાં, “જો તમે નહિ પધારો તો દાદા, \nબાઈઓ અને પાર્ષદો એ એકેય દરબારમાં રહેશે નહિ.”",
                "lines": [
                    "ફોઈ બોલ્યાં, “જો તમે નહિ પધારો તો દાદા,",
                    "બાઈઓ અને પાર્ષદો એ એકેય દરબારમાં રહેશે નહિ.”"
                ]
            },
            {
                "block_text": "શ્રીજી મહારાજ કહે, “અમે સવારે આવીશું.” ત્યારે \nબાઈઓ કહે, “અત્યારે અને અત્યારે ચાલો.”",
                "lines": [
                    "શ્રીજી મહારાજ કહે, “અમે સવારે આવીશું.” ત્યારે",
                    "બાઈઓ કહે, “અત્યારે અને અત્યારે ચાલો.”"
                ]
            },
            {
                "block_text": "શ્રીજી મહારાજ કહે : “ચાલો ત્યારે, સામાન ઉપાડો.” \nખડકીની બહાર બ્રહ્માનંદ સ્વામી વગેરે સંતો ઊભા હતા. \nતેઓ કહે : “ચાલો, મહારાજનાં મનામણાં થયાં ખરાં. હવે \nચાલો આપણે આગળ.” પછી શ્રીજી મહારાજે ફાનસ ચાલુ \nકરાવ્યું અને બધાની સાથે તેઓ દરબારગઢમાં પધાર્યા \nઅને થાળ જમીને, જળપાન કરીને પોઢી ગયા.",
                "lines": [
                    "શ્રીજી મહારાજ કહે : “ચાલો ત્યારે, સામાન ઉપાડો.”",
                    "ખડકીની બહાર બ્રહ્માનંદ સ્વામી વગેરે સંતો ઊભા હતા.",
                    "તેઓ કહે : “ચાલો, મહારાજનાં મનામણાં થયાં ખરાં. હવે",
                    "ચાલો આપણે આગળ.” પછી શ્રીજી મહારાજે ફાનસ ચાલુ",
                    "કરાવ્યું અને બધાની સાથે તેઓ દરબારગઢમાં પધાર્યા",
                    "અને થાળ જમીને, જળપાન કરીને પોઢી ગયા."
                ]
            },
            {
                "block_text": "શ્રીજી મહારાજ સવારમાં વહેલા જાગ્યા અને નિત્યવિધિ \nપતાવી, વસ્ત્રો પહેરી, ઉગમણા બારના ઓરડાની \nઓશરિયે ઢોલિયા ઉપર વિરાજ્યા ત્યારે સંતો, સત્સંગીઓ \nપણ પ્રણામ કરીને તેમની આગળ બેઠા. આ સમયે બ્રહ્માનંદ \nસ્વામીએ પદ ગાયું કે :",
                "lines": [
                    "શ્રીજી મહારાજ સવારમાં વહેલા જાગ્યા અને નિત્યવિધિ",
                    "પતાવી, વસ્ત્રો પહેરી, ઉગમણા બારના ઓરડાની",
                    "ઓશરિયે ઢોલિયા ઉપર વિરાજ્યા ત્યારે સંતો, સત્સંગીઓ",
                    "પણ પ્રણામ કરીને તેમની આગળ બેઠા. આ સમયે બ્રહ્માનંદ",
                    "સ્વામીએ પદ ગાયું કે :"
                ]
            },
            {
                "block_text": "મથુરામાં મ જાશો, \nમથુરામાં મ જાશો રે \nહો મથુરામાં મ જાશો. ટેક.",
                "lines": [
                    "મથુરામાં મ જાશો,",
                    "મથુરામાં મ જાશો રે",
                    "હો મથુરામાં મ જાશો. ટેક."
                ]
            },
            {
                "block_text": "મથુરા નગરીની રે નારી ધુતારી, \nવાલમ તેને વશ થાશો. મ. ૧",
                "lines": [
                    "મથુરા નગરીની રે નારી ધુતારી,",
                    "વાલમ તેને વશ થાશો. મ. ૧"
                ]
            }
        ]
    }
}