{
    "page_number": 14,
    "right_column": {
        "blocks": [
            {
                "block_text": "“મહારાજ, તમે અહીં આવતા રહ્યા છો પણ \nગઢપુરમાં બાઈઓ તમારાં દર્શન વિના ભૂખ્યાં બેઠાં છે.” આ \nસાંભળી શ્રીજી મહારાજ કરુણામૂર્તિ હોવાથી એમને હરિભક્તો \nઉપર અપાર દયા આવી અને તેઓ બધાની સાથે \nતરત જ ગઢપુર પાછા આવ્યા. પછી બ્રહ્માનંદ સ્વામીએ \nકીર્તન ગાયું કે —",
                "lines": [
                    "“મહારાજ, તમે અહીં આવતા રહ્યા છો પણ",
                    "ગઢપુરમાં બાઈઓ તમારાં દર્શન વિના ભૂખ્યાં બેઠાં છે.” આ",
                    "સાંભળી શ્રીજી મહારાજ કરુણામૂર્તિ હોવાથી એમને હરિભક્તો",
                    "ઉપર અપાર દયા આવી અને તેઓ બધાની સાથે",
                    "તરત જ ગઢપુર પાછા આવ્યા. પછી બ્રહ્માનંદ સ્વામીએ",
                    "કીર્તન ગાયું કે —"
                ]
            },
            {
                "block_text": "વાતડલી રોને રાતડલી,\n\tવાલા પૂછું એક વાતડલી.\tટેક \nપીતાંબર સાટે મારા પ્રીતમ \n\tસાડી લાવ્યા નવી ભાતડલી. વા. ૧ \nમોરલડી લઈને મનમોહન, \n\tદીધું વેલણ કોને દાતડલી. વા. ૨ \nજેને ઘેર રજની તમે જાગ્યા, \n\tકોણ હતી તેની જાતડલી. વા. ૩\nબ્રહ્માનંદ કહે સંશે થયો નહિ, \n\tધન્ય છે તમારી છાતડલી. વા. ૪",
                "lines": [
                    "વાતડલી રોને રાતડલી,",
                    "વાલા પૂછું એક વાતડલી.\tટેક",
                    "પીતાંબર સાટે મારા પ્રીતમ",
                    "સાડી લાવ્યા નવી ભાતડલી. વા. ૧",
                    "મોરલડી લઈને મનમોહન,",
                    "દીધું વેલણ કોને દાતડલી. વા. ૨",
                    "જેને ઘેર રજની તમે જાગ્યા,",
                    "કોણ હતી તેની જાતડલી. વા. ૩",
                    "બ્રહ્માનંદ કહે સંશે થયો નહિ,",
                    "ધન્ય છે તમારી છાતડલી. વા. ૪"
                ]
            },
            {
                "block_text": "એક સમયે શ્રીજી મહારાજ દાદા ખાચરના દરબારમાં \nલીમડા નીચે વિરાજમાન હતા અને તેમની આગળ સાધુઓ \nતથા હરિભક્તોની સભા ભરાઈને બેઠી હતી. આ સમયે \nઅમદાવાદનો એક યાત્રાસંઘ આવ્યો. તેઓ સર્વ શ્રીજી \nમહારાજને દંડવત્ પ્રણામ કરી ત્યાં બેઠા. શ્રીજી મહારાજે \nતેમને બધા સમાચાર પૂછ્યા તથા ઉતારો અપાવ્યો. પછી \nસહુ ઉતારામાં સરસામાન ગોઠવી તૈયાર થઈ શ્રીજી મહારાજ",
                "lines": [
                    "એક સમયે શ્રીજી મહારાજ દાદા ખાચરના દરબારમાં",
                    "લીમડા નીચે વિરાજમાન હતા અને તેમની આગળ સાધુઓ",
                    "તથા હરિભક્તોની સભા ભરાઈને બેઠી હતી. આ સમયે",
                    "અમદાવાદનો એક યાત્રાસંઘ આવ્યો. તેઓ સર્વ શ્રીજી",
                    "મહારાજને દંડવત્ પ્રણામ કરી ત્યાં બેઠા. શ્રીજી મહારાજે",
                    "તેમને બધા સમાચાર પૂછ્યા તથા ઉતારો અપાવ્યો. પછી",
                    "સહુ ઉતારામાં સરસામાન ગોઠવી તૈયાર થઈ શ્રીજી મહારાજ"
                ]
            }
        ]
    }
}