{
    "page_number": 8,
    "right_column": {
        "blocks": [
            {
                "block_text": "બેઠો ત્યારે ચારણિયાણી બોલી, “બાવલીયા, આમ કેમ \nકરે છે? સન્મુખકા દર્શન દે.” બાવો બોલ્યો, “બાઈ! કુછ \nભેટ–બેટ તો લાઈનહિહૈ ઔર સન્મુખકા દર્શન માંગતી \nહૈ! કર લે પૂઠકા દર્શન.” એમ બોલીને બાવો વાંકો \nથયો. આ સાંભળી મહારાજ ખૂબ હસ્યા.",
                "lines": [
                    "બેઠો ત્યારે ચારણિયાણી બોલી, “બાવલીયા, આમ કેમ",
                    "કરે છે? સન્મુખકા દર્શન દે.” બાવો બોલ્યો, “બાઈ! કુછ",
                    "ભેટ–બેટ તો લાઈનહિહૈ ઔર સન્મુખકા દર્શન માંગતી",
                    "હૈ! કર લે પૂઠકા દર્શન.” એમ બોલીને બાવો વાંકો",
                    "થયો. આ સાંભળી મહારાજ ખૂબ હસ્યા."
                ]
            },
            {
                "block_text": "એક સમયે શ્રીજી મહારાજ ઉદાસ થઈને મૂળજી \nબ્રહ્મચારી તથા શુક સ્વામીને પોતાની સાથે લઈને ઉગામેડીને \nમારગે લીમડો હતો તે જગાએ પધાર્યા અને ત્યાં બેઠા. \nપછી નિત્યાનંદ સ્વામી, બ્રહ્માનંદ સ્વામી, ગોપાળાનંદ \nસ્વામી અને મુક્તાનંદ સ્વામી, ઉત્તમ રાજા, સોમલો \nખાચર, ભગુજી અને રતનજી એ સર્વ ત્યાં આવ્યા. માણકી \nઘોડી લઈને નાના ભક્ત પણ આવ્યા. પાછળથી પ્રેમાનંદ \nસ્વામી, યોગાનંદ સ્વામી તથા આધારાનંદ સ્વામી પણ આવ્યા.",
                "lines": [
                    "એક સમયે શ્રીજી મહારાજ ઉદાસ થઈને મૂળજી",
                    "બ્રહ્મચારી તથા શુક સ્વામીને પોતાની સાથે લઈને ઉગામેડીને",
                    "મારગે લીમડો હતો તે જગાએ પધાર્યા અને ત્યાં બેઠા.",
                    "પછી નિત્યાનંદ સ્વામી, બ્રહ્માનંદ સ્વામી, ગોપાળાનંદ",
                    "સ્વામી અને મુક્તાનંદ સ્વામી, ઉત્તમ રાજા, સોમલો",
                    "ખાચર, ભગુજી અને રતનજી એ સર્વ ત્યાં આવ્યા. માણકી",
                    "ઘોડી લઈને નાના ભક્ત પણ આવ્યા. પાછળથી પ્રેમાનંદ",
                    "સ્વામી, યોગાનંદ સ્વામી તથા આધારાનંદ સ્વામી પણ આવ્યા."
                ]
            },
            {
                "block_text": "આ સમયે શ્રીજી મહારાજ ઉગમણે મુખારવિંદે \nવિરાજમાન હતા અને સૂર્ય સામે એક દૃષ્ટિએ જોઈ રહ્યા \nહતા અને સમગ્ર સભા સ્થિર હતી. આ સમયે સ. ગુ. \nનિષ્કુળાનંદ સ્વામી અને વૃંદાવન સ્વામી એ બેય તુંબડાં \nલઈને આવતા હતા. એમની પાછળ નાગાજણ રાવળ રવાજ \nવગાડતો આવતો હતો, તેનો ઝણઝણ શબ્દ થતો આવે અને \nતે એક કાઠીએ બનાવેલ પ્રભાતી ગાતો આવતો હતો કે :",
                "lines": [
                    "આ સમયે શ્રીજી મહારાજ ઉગમણે મુખારવિંદે",
                    "વિરાજમાન હતા અને સૂર્ય સામે એક દૃષ્ટિએ જોઈ રહ્યા",
                    "હતા અને સમગ્ર સભા સ્થિર હતી. આ સમયે સ. ગુ.",
                    "નિષ્કુળાનંદ સ્વામી અને વૃંદાવન સ્વામી એ બેય તુંબડાં",
                    "લઈને આવતા હતા. એમની પાછળ નાગાજણ રાવળ રવાજ",
                    "વગાડતો આવતો હતો, તેનો ઝણઝણ શબ્દ થતો આવે અને",
                    "તે એક કાઠીએ બનાવેલ પ્રભાતી ગાતો આવતો હતો કે :"
                ]
            },
            {
                "block_text": "રાધાનો અકોટો કાને પટકાવ લીનો, \nપટકાવ લીનો ટચકાવ લીનો;",
                "lines": [
                    "રાધાનો અકોટો કાને પટકાવ લીનો,",
                    "પટકાવ લીનો ટચકાવ લીનો;"
                ]
            }
        ]
    }
}