{
    "page_number": 11,
    "right_column": {
        "blocks": [
            {
                "block_text": "કહ્યું : “મહારાજ, ‘રાધાનો અકોટો કાને પટકાવ લીનો’ એ \nગાનારાને તો કાંઈ મળ્યું નથી અને તે લોટ ફાકે છે.” \nઆમ કહીને તે કૂદકા મારવા લાગ્યો, ત્યારે શ્રીજી મહારાજે \nતેને પોતાની થાળી આપી અને પોતે ચળું કરી જળપાન \nકરીને મુખવાસ જમ્યા અને સહુને રાધાબાગમાં જવાની \nઆજ્ઞા કરી. પછી શ્રીજી મહારાજ ઢોલિયા ઉપર પોઢી ગયા.",
                "lines": [
                    "કહ્યું : “મહારાજ, ‘રાધાનો અકોટો કાને પટકાવ લીનો’ એ",
                    "ગાનારાને તો કાંઈ મળ્યું નથી અને તે લોટ ફાકે છે.”",
                    "આમ કહીને તે કૂદકા મારવા લાગ્યો, ત્યારે શ્રીજી મહારાજે",
                    "તેને પોતાની થાળી આપી અને પોતે ચળું કરી જળપાન",
                    "કરીને મુખવાસ જમ્યા અને સહુને રાધાબાગમાં જવાની",
                    "આજ્ઞા કરી. પછી શ્રીજી મહારાજ ઢોલિયા ઉપર પોઢી ગયા."
                ]
            },
            {
                "block_text": "પાછલી બે ઘડી દિવસ રહ્યો ત્યારે સર્વ સંતો \nરાધાબાગમાંથી આવીને શ્રીજી મહારાજની આગળ આવીને બેઠા. \nગામમાંથી જીવુબા વગેરે ભક્તો પણ ત્યાં આવ્યાં અને \nદૂરથી પગે લાગીને છેટે આવેલા એક બાવળ નીચે બેઠાં.",
                "lines": [
                    "પાછલી બે ઘડી દિવસ રહ્યો ત્યારે સર્વ સંતો",
                    "રાધાબાગમાંથી આવીને શ્રીજી મહારાજની આગળ આવીને બેઠા.",
                    "ગામમાંથી જીવુબા વગેરે ભક્તો પણ ત્યાં આવ્યાં અને",
                    "દૂરથી પગે લાગીને છેટે આવેલા એક બાવળ નીચે બેઠાં."
                ]
            },
            {
                "block_text": "પછી શ્રીજી મહારાજે સર્વ સંતો સમક્ષ વાત કરી \nકે : “આ જીવુબા અમારી ઉદાસીને પોતાની વૃત્તિએ \nકરીને બંધન કરે છે. જેમ બાણાવાળી ધનુષ્યમાંથી બાણ \nમૂકીને નાગપાશને પ્રયોગે શત્રુને બાંધે છે અને ખસવા દેતા \nનથી તેમ આ જીવુબા પોતાના પ્રેમથી અમારી ઉદાસવૃત્તિને \nબાંધે છે અને જો તે તોડીને ઉદાસીને લીધે અમે ચાલવાનું \nકરીએ છીએ તો પોતાના દેહનો ત્યાગ કરીને તેઓ જીવાત્માને \nઅમારા સ્વરૂપમાં લીન કરી ચાલી નીકળે છે, એટલે અમારી \nઉદાસી કંઈ કામ આવતી નથી. માટે આજે તો અમને… \nજીવુબાએ સત્સંગમાં રાખ્યા છે.” એમ કહીને શ્રીજી મહારાજ \nમાણકી ઘોડી ઉપર સવારથઈનેદરબારગઢમાં પધાર્યા.",
                "lines": [
                    "પછી શ્રીજી મહારાજે સર્વ સંતો સમક્ષ વાત કરી",
                    "કે : “આ જીવુબા અમારી ઉદાસીને પોતાની વૃત્તિએ",
                    "કરીને બંધન કરે છે. જેમ બાણાવાળી ધનુષ્યમાંથી બાણ",
                    "મૂકીને નાગપાશને પ્રયોગે શત્રુને બાંધે છે અને ખસવા દેતા",
                    "નથી તેમ આ જીવુબા પોતાના પ્રેમથી અમારી ઉદાસવૃત્તિને",
                    "બાંધે છે અને જો તે તોડીને ઉદાસીને લીધે અમે ચાલવાનું",
                    "કરીએ છીએ તો પોતાના દેહનો ત્યાગ કરીને તેઓ જીવાત્માને",
                    "અમારા સ્વરૂપમાં લીન કરી ચાલી નીકળે છે, એટલે અમારી",
                    "ઉદાસી કંઈ કામ આવતી નથી. માટે આજે તો અમને…",
                    "જીવુબાએ સત્સંગમાં રાખ્યા છે.” એમ કહીને શ્રીજી મહારાજ",
                    "માણકી ઘોડી ઉપર સવારથઈનેદરબારગઢમાં પધાર્યા."
                ]
            }
        ]
    }
}